heart_rate,steps,stress,avg_hr,std_hr,trend,max_jump,label
96.07945399099808,142,46,82.50891748854264,5.60150500050954,1.251024983346221,11.659858669767413,0
77.92477984120717,20,41,82.46884189795702,6.776085565696241,-10.673286072039929,8.581362477733611,0
57.67714408066887,12,30,56.739520566167116,14.470263465871064,-3.4849726300212334,17.570722373861376,0
81.00874561170765,18,35,87.43187381371963,1.0504845056422658,-6.410403852368186,10.288994190939118,0
78.13731846975706,21,37,76.03552034244335,8.304730903225368,7.098525679705136,14.995543726855075,0
99.00985428321188,289,18,99.91724369260716,7.247085667910005,-10.389147159911065,9.104482231836746,0
125.77572278135943,138,12,137.15958696135473,7.072158832194125,8.254539785384411,3.0417980894456944,0
130.56507901721395,205,53,134.95614900798893,10.695002739831981,-3.6362317791259295,9.469268025883354,0
83.09072066665902,74,31,81.17207294023437,8.034529128681141,-3.5169525417935215,2.9891374069081325,0
196.0,6,77,203.35884886589884,31.43171578250229,31.291288709519446,32.37304385996687,1
80.02272473489238,16,35,78.95478661203431,4.9565675269510905,9.445145853283574,10.610460482255423,0
65.47263714436488,13,23,59.62261871216557,10.033889868798003,-0.41837710056805233,8.458107653831766,0
65.03023982356437,22,43,73.13445904063721,9.456308110221466,12.196744240340513,11.837323320279578,0
193.0,12,97,205.94155749738502,29.53730032996997,45.06901438853867,49.36030914184146,1
110.91129042563428,80,16,105.36192553319019,6.915825078296256,5.395238408455588,10.879986260636976,0
57.181544989187046,19,24,57.96913247585105,7.387776401633426,0.498748159648144,2.0496112993779594,0
72.20001322150924,23,28,81.62835714678576,2.4890505163245633,-8.307021141604409,4.594057609805043,0
111.89978492144907,187,17,125.33985637390437,9.917809842433385,4.9941532347266016,15.7244081184907,0
68.07528893939127,7,42,71.27768791539539,7.428490682006566,2.592456225772485,4.261543050921663,0
105.17669377407717,269,19,116.52916657538327,8.161494655602349,8.398489915893606,4.912801218556661,0
108.280766747856,218,47,112.2299758206105,6.4452454610840455,-2.0873518726825178,19.53574050031287,0
154.0,7,92,177.38826240129563,9.572661273756779,-5.564928599026089,59.27053587529575,1
113.14260054672826,226,38,111.59795732497957,3.2471483221200703,1.7303716672149652,12.878397612677292,0
136.81707517515528,171,45,138.7389137577393,2.7352094206512545,-13.300196017088739,2.5150550556785047,0
135.38729299952846,104,33,141.5762755185865,8.88644185998052,-0.5724591715007834,7.511664046147759,0
86.80328561172163,22,13,85.73166319544067,5.932417368607265,5.822664913326937,6.9046531982252,0
65.97294278664394,11,46,69.09926026862237,5.607456954042977,1.954919365928083,6.899783488468407,0
133.0,6,95,159.51766166653448,19.49915323571749,28.92316026578458,40.268684336514944,1
130.31326079388742,233,63,122.42711261322681,10.811080194226534,-2.113637042665354,9.973661116737576,0
70.02407039367053,0,53,64.12778039219329,6.162906689816344,-9.275043604927548,10.73389506364494,0
92.0,10,90,105.00102245194225,16.193928744588337,64.6979366082079,28.189323391681448,1
77.91050579159221,2,47,85.31235954152058,6.9180564275246414,-5.546640018510051,13.612045839812243,0
127.95459273374404,226,22,130.73045157863734,4.280988681942558,-0.30280552648093517,1.8158607892356855,0
60.021208216029734,14,20,66.35289750052418,6.7854317302355565,-3.067105303373161,7.882251257237565,0
79.81879842604121,18,26,73.13850827664882,11.211698925442601,-1.5077522940050163,0.8549146757838457,0
147.2596622958841,115,34,142.23796098438618,6.773311475031513,1.6794084193039824,6.837804809619126,0
86.87840172489184,286,51,88.68229384825898,11.603641766491835,-3.264602984172411,0.1906226758892693,0
54.386332225266955,14,56,55.88586941710327,9.39857102704136,-14.036336830930162,7.808704413107192,0
78.47149859138915,27,13,76.335784019569,10.443736671452706,-3.6706794298631564,5.455702063253177,0
73.99569126604511,8,42,74.61972684910558,1.6975852375727918,3.2326963586212534,7.710045966424531,0
82.59950169762377,13,56,72.92235189905473,6.35252317470867,10.643458755030531,9.397064057632653,0
141.65701071659421,166,64,147.49685832796158,6.341657847596576,15.969357767529837,3.3658643056649,0
74.43103058328414,13,68,71.32970909994575,8.881242055021996,2.6127676793308487,7.433434554971695,0
134.69336423704658,114,43,134.71023197619988,11.839450906423258,4.06290645769556,9.926440200514005,0
65.30007449724346,26,46,64.04017615792165,11.333672043203325,13.72060901962961,8.647900614712867,0
119.56190869372315,77,55,125.29883911816553,6.070237636434998,1.0887989823432462,9.65209791791691,0
142.64960981965515,74,59,144.8985229093769,6.935500554933251,8.138708335771817,15.070238954725184,0
75.41753920713539,6,50,68.92590950879088,5.164673401660941,-2.0147768426348076,6.345671899081395,0
100.12602609211834,235,15,104.20371975771474,9.754316373009264,-1.9059590225922696,8.612333119125026,0
56.659098300490655,4,57,52.306002612732556,16.60132045156392,3.0308098338797955,10.735709096493501,0
100.55322017551401,145,42,104.4869583331353,1.9131619588842579,9.920142703687876,16.505093114780912,0
64.49194694912259,13,49,64.02388490270535,7.439684257414125,-4.940873454406293,18.80844465396096,0
137.0,15,83,127.27410744851905,32.59277356998111,40.97262365698603,27.962747342922704,1
120.08413175182734,57,17,120.16411214571349,8.091042574148071,-4.154746988685802,14.42075245941173,0
135.1667860716653,246,69,146.83802055823,8.166190735350002,3.480386973123555,5.857983891258744,0
117.509489740498,217,55,121.78305508364265,6.6326981684807755,7.8054494341705976,11.53662515656897,0
62.251428644783545,1,41,62.63985219259502,9.476096708831221,-3.6600364622287325,5.766461104961522,0
78.57201101296053,12,19,77.8756674796226,4.376721822369943,6.47290232585103,5.751395392611519,0
80.7358941563538,2,28,77.13440419205973,7.190198692772928,-1.1476978370455146,13.08501887857565,0
63.4161188579346,0,69,62.035591618255815,7.103048007884477,11.31872109167408,18.42532172666592,0
118.57358367204678,61,19,119.3474303321191,7.890358491624429,-8.798620973307475,16.900766867243313,0
127.73186546887254,242,43,126.51755134601228,8.75362834532568,-10.690970426214957,2.4566811508888007,0
67.15911308134011,9,21,68.92569661759858,3.9896723651742576,-19.54466897479163,4.91555725435444,0
66.70887332725493,13,48,65.62030812116748,7.6860318056626955,-5.459750152136886,5.160408399879747,0
124.10701784147464,178,12,120.00185814173629,8.885371508908523,3.667844990411068,13.7147253144006,0
82.32465260551147,11,35,88.65920835144459,5.876991603143658,3.5505554251698275,13.873170267146683,0
69.81830817549171,14,26,69.27017892305312,8.398576048001745,-6.454163616020153,9.612586128340569,0
167.0,12,99,167.1155160917409,19.88973873151413,25.161457384551277,32.963107367911,1
131.18898336785674,297,27,130.50476749356625,9.998350512905159,8.990931965535413,6.7281492401281255,0
55.42067006279041,26,10,59.808734135430356,5.614721556084943,-6.0300347245389085,10.274316435780708,0
126.84962290961917,292,67,120.4247791781094,6.240748164534326,7.738674917425335,10.712931460477872,0
112.2621210656718,190,14,114.49711946104634,6.420918987814004,6.7228062608067045,10.167678120465261,0
80.9493006156556,2,42,83.90475327228171,7.530772163621592,6.109345197751962,12.003686268458065,0
108.28858897776165,102,54,111.59222320390293,9.5094199001939,-6.02428682761108,13.349818140690942,0
100.62235098733784,116,40,95.99208867794151,4.304423866784067,-7.492294296210482,10.551223160595894,0
71.69614510490014,26,56,67.64188943419674,14.65503044903416,-7.768785452674518,1.2147768752989698,0
80.32718244943051,5,38,89.75910749268033,7.894868796740702,-10.054306308105032,9.720230694718214,0
86.38125674904616,16,25,86.70105173852738,10.402109508382498,-11.526775633122666,13.626382833872746,0
119.48238233722932,210,30,121.95626956029807,13.805742209129377,-5.0716788695310075,9.655301018976234,0
85.7377821377649,226,26,79.04841468171374,9.65467781063727,-1.8931374842483675,15.751452654580804,0
117.6939364150917,134,57,125.13257159338303,8.255843953897216,6.471143360848078,12.732318820738312,0
73.45102286361222,20,58,71.79580921049448,3.450932889046457,-16.4801553334299,4.512426649474158,0
144.0679189160444,166,58,147.74998763872446,6.08763042704716,6.467289415461578,9.35209444454009,0
128.10576071660498,135,68,137.7871462798278,6.239916233714382,-6.00933775699103,5.007148067587802,0
53.34160244796564,15,21,53.4839471501577,5.070299891669418,-3.1319923502760734,14.353423947462005,0
150.0,3,78,178.2731860676297,26.160706149157555,60.91021910271747,36.28003407637127,1
79.20131853218216,3,11,76.39815832197165,11.827927876502907,-15.622446557952102,5.254108999930699,0
124.28741510385504,187,14,120.5573792603755,6.263597900130776,19.656747001181724,11.758855035777012,0
68.04553461209727,23,43,65.9821370073544,8.686928417575809,-0.1509191664310749,6.359514717488562,0
56.542626911914724,6,18,58.64534592474367,7.607667653697794,10.984991214691908,5.00765836639028,0
76.51064881637556,8,22,73.79815228443692,12.610059246867113,-19.91302243841859,6.293483155313737,0
150.61785754791129,281,59,153.0141080273949,2.7334832338861172,3.6312418355307776,5.57143100100155,0
118.60415223252467,67,30,115.48405046630792,10.533576818943606,-0.5906460190362103,13.832133560043506,0
76.45210878914062,11,13,79.75801374210421,11.125849681523587,13.336529186859776,16.756652735538268,0
82.83050655553583,21,51,88.52409689481632,14.280187175149779,-7.768054587285112,12.123996567383927,0
69.80248314142386,0,24,70.08192953912386,5.431446637865162,9.188344120185626,6.116824200290035,0
56.41549150064105,5,50,69.39097376770269,9.20837486566628,11.776104470452234,4.421974525485153,0
65.66096053226129,20,37,63.32219931471208,13.949725442665695,2.260250776755966,4.786041447853614,0
73.76157758549743,25,53,75.13921553635774,6.541777915778543,1.8104344675648856,8.561009584601738,0
155.0,19,94,169.00917450637434,3.24641926572059,29.141465358465172,45.48537214924064,1
47.8354823478751,22,15,45.16996272355253,10.56470113886213,7.8352872066724935,16.59382307863597,0
146.0,13,75,162.9128532162181,22.412613298278643,48.78576105268012,31.038911348272062,1
65.00670689631359,20,44,70.0559743667088,11.93114690485832,8.300198739163656,15.18032215199758,0
88.66923756649794,9,27,97.24786533177176,3.2957287737792624,-3.811091256389445,2.970015773076698,0
113.10676588257365,230,54,104.41620768484673,6.915611699918043,3.331568304811621,9.730475754971303,0
71.9932140332966,7,68,72.98235639469495,6.1210169117204,-6.032627151480735,4.012393389148144,0
73.53311950678064,26,60,71.81221727423568,8.532262764713904,-3.248959987994504,16.697125346497806,0
132.4240046791277,198,24,136.88974380456258,6.5100028227616935,15.060124246528806,23.244518106929796,0
83.46566836303039,8,32,84.89774638533459,5.5315422034268344,2.638791922124022,14.853020883091853,0
68.66245537208704,29,61,70.85428105873149,7.990407444659392,-11.829401100818384,12.813692087973529,0
95.64619371547742,279,18,100.02042785107571,7.5684071783257405,13.274635144916541,19.549374339544983,0
76.81979139002894,24,34,81.45207318313055,8.616950402020011,-11.54786681356991,4.861445679557556,0
132.2996046352018,251,13,137.03082299327838,6.701042273560413,-11.614988934985355,10.964348382490659,0
82.08072027824154,4,23,82.43711830666291,10.835219803607274,1.0939968795010573,4.057495839627325,0
86.66311802917859,22,28,83.30202366641656,11.767032577223302,-4.504529598360816,15.61070866959762,0
68.54850342711958,9,61,69.34189295899188,7.909417076173829,2.991003121947516,17.0595121685493,0
83.08456656442823,2,11,85.1750595916144,8.317587194144158,6.597338675284494,6.986640577206681,0
88.16641178988895,18,52,74.71337984979907,12.719408066128707,12.361811567078552,12.165231893019733,0
118.40107858628022,141,60,123.17684917078434,12.552560327191616,13.562636262957517,9.46674354281802,0
116.51676551032888,243,54,113.44983298926125,12.71486237146462,10.069066724025394,10.04239888718241,0
124.63150911358605,193,60,125.43158652271728,10.3465957030939,-5.198777074740411,18.230194957046443,0
28.0,4,93,34.02924847659107,45.644763167979505,60.02875119190915,65.47926536931628,1
79.93657941980354,13,65,74.90599995438606,4.847264126515439,-15.469426408860482,3.9630208417681274,0
65.75678023401701,13,45,67.10552492147661,10.470638359525921,0.1377566618444845,16.668192809299136,0
127.46899331225904,144,37,129.86547009321438,12.379001699912791,5.152616595667596,10.769455557407131,0
66.64061753186681,28,42,60.41971145331583,7.137320580727961,-12.629541429811779,9.163391953394246,0
130.41947832121306,134,19,131.92465759457482,12.303816197888175,-2.542939573640002,10.232198639709802,0
145.9872751154344,298,59,151.32725044820128,9.799978045897191,-4.799116814671831,7.546394372621722,0
112.5727076321195,168,13,116.86031515516828,6.1540180842558385,23.528384649323616,10.766648576467821,0
60.44820248859568,21,27,62.57409669996919,9.006973968946692,1.2434186459434922,22.328669777099645,0
116.18308987071849,101,34,119.08805298119913,9.55400652745453,-13.148050275905813,12.14895362883601,0
77.9737931959096,19,50,75.77770437180052,15.451297977762525,-3.1017349319325405,8.374517642645372,0
63.18981651044666,29,31,65.12849152011911,8.604214599687067,6.132853556602849,12.672005006469426,0
74.6321323036193,18,68,80.40576590229531,10.386318088114738,-0.22996086361432636,16.623276804675484,0
100.37620116863442,289,45,101.15449265699313,7.022307146342378,17.398701656505448,8.964515942316819,0
68.40389440211277,1,36,74.2470228642707,3.8678196072330007,3.4285818506767134,4.608033920275854,0
72.33390445180252,11,44,67.57675342339942,7.881692578117495,6.5259056554399155,13.151999655879681,0
99.97522638336801,213,15,104.32251453189212,8.099857483572048,7.826351751695662,12.178563202248375,0
59.47606555586881,18,57,61.294224968993646,6.901305382045215,3.5510418417394853,10.055707815243787,0
86.02904783962191,12,21,84.3072311862376,7.764839900811821,1.8443326948058345,0.8052799867463545,0
57.92730140561456,5,67,55.13579682543515,13.156764721169036,-8.44471994089896,14.398304986844686,0
122.23938556941127,156,45,124.95117472637374,8.963638691024093,-3.9888703636585072,4.84038842361919,0
75.36993840096561,28,24,74.96462909154275,1.8028937065096393,-1.1763845175843755,11.321809639790914,0
68.074782950712,8,68,65.02910910464296,6.053443449770331,3.015271533011211,15.52509219425805,0
65.07767533224414,3,45,65.75387903851083,17.196423581168656,-7.391582254405924,7.631451307931281,0
138.58021451801133,190,50,147.3804996008841,5.616636443502657,-6.0669704650175325,6.597677275720772,0
59.815563881119914,7,30,59.87174238732056,7.6975497149091705,-1.5764522457648134,12.577816835366146,0
64.75235319280232,2,69,60.789891581174984,8.392602574985853,-6.119560602684764,12.749928545493965,0
100.31762574294693,202,29,103.5605435948664,7.780528605895875,-7.788079743960373,4.822160863719841,0
79.92649469748005,0,36,88.27576219052102,8.274593049659932,-15.383831408043052,9.618044311511454,0
126.27771838735582,218,21,123.79446312671459,9.671293875712987,-8.732232872289275,7.824465746939306,0
73.92837469665648,26,48,76.07990995650258,3.0378310831001993,-9.242940841539843,8.117815940177026,0
105.4996483661246,98,15,100.96716777074228,8.021095393548649,1.528494538250429,9.256726856843288,0
57.856311891126026,19,45,60.580978006514044,10.027607248384168,22.1079883675226,9.497797361134506,0
62.64599255554808,2,44,57.93820914964972,3.4313008575835378,20.269686633041033,9.757337370108758,0
132.79284659102646,58,64,129.7642620077835,9.61452183958253,-3.898564288870335,0.79444133789967,0
74.68898745479483,13,34,79.90021919029188,10.261021019925554,-6.202596902863139,8.549621662725924,0
104.9358951061144,128,22,98.91383414342087,9.757539891346434,-7.63954783804999,3.9489729882346847,0
61.48684646584513,13,10,60.725697363402034,7.281138555485969,-0.39396618191055377,0.43126557565167545,0
73.07315914661962,14,36,68.63084313482557,9.847336547263772,-17.613329094384607,1.4918351898134006,0
134.76483597714875,95,33,133.6948917560212,14.92916826621856,-5.3111753083733255,15.83551457191818,0
61.0336249136118,27,22,54.92063817366885,6.145903778281826,6.762242436854787,5.570187160000554,0
59.77249721261825,7,62,55.19433573082595,6.098100123109992,4.578935532621199,14.242689736709938,0
66.02980102892116,17,10,72.71499665844625,5.532023177686627,-2.2722064841691028,7.19807172644977,0
80.88446930358555,15,61,80.4414387718425,2.033092796762473,0.2433894403398137,12.816865208824412,0
137.16992189399423,201,13,136.99160862588505,8.647787453056925,1.3360381938205654,10.481386871997646,0
33.0,12,93,32.4936674813636,17.977552972752836,18.05728596439576,33.73014115970062,1
118.295406419923,141,22,120.52959295898242,8.676840402375662,-10.37075987309381,14.058591996407873,0
134.25008093260772,263,36,142.88266327548453,1.8667309345402554,8.555847089575442,5.33118579543975,0
65.35555972336762,28,35,65.66678156015601,11.280153655330587,3.664105129158453,18.703900584074553,0
93.43204252267705,253,14,90.22217421116788,9.404729894214604,-0.16141321361016123,10.108460277631421,0
123.05418306588336,186,20,127.04272957452133,6.575237506952453,-12.922085416524531,7.692367497897501,0
56.889064515474765,13,45,62.16582985282999,9.303678640740193,-2.700007079911328,13.090257314190865,0
100.75789884094662,20,62,105.55499677461175,4.238668783455371,-16.83249870088385,10.152926481013756,0
71.95996858164816,12,67,70.71408939192837,5.83919684476839,-12.216791319862955,14.795664651627394,0
73.46917829447014,12,51,72.15227655111606,4.05459879811364,6.979438263097021,11.442344611984295,0
140.519541030378,72,31,138.79226729228836,4.859364491670503,5.025664094370712,11.292008577673165,0
123.4237543268432,92,28,125.85021666260043,12.539336461697403,8.434369168588809,8.074004813534897,0
49.401078260940245,19,12,54.788547316671064,6.6213370550176425,10.616638011147236,3.4030556703691754,0
119.31535719999307,127,28,119.41956461068193,7.952434598337251,2.2558739415553863,10.240866518765577,0
117.59020070450889,174,31,114.79979268293955,7.480378328536812,2.793497822837739,11.56967672482676,0
57.114553609680485,12,36,54.07750737129981,9.57940269384405,-0.36910692632352204,12.171390803306036,0
73.19769981540749,4,53,76.6747114146587,7.575892429892656,5.971240423869498,7.985887007282663,0
71.94580561373638,17,20,80.52213582449494,9.220160598956344,-8.90345659938439,12.66815139506719,0
110.16354385941463,186,35,106.10513835779165,3.619195956249291,-14.49161667010031,19.304935200918056,0
123.0,29,92,156.91286638508763,29.67873638946199,13.187295540997308,40.16330096409828,1
70.7383787102116,8,16,67.71891045448308,5.797038490178074,-4.521050974339251,16.435905233530455,0
123.2410313108068,287,61,128.9542847406191,5.747464606305237,-1.644341681113819,3.1241675519795127,0
124.12492998053095,258,66,126.36340063731176,6.734671063711164,-4.719657925705932,6.694163922504152,0
71.0385159178121,4,67,74.79830423186944,5.557184461599891,10.739684762327398,13.511038059089785,0
124.46708822955475,185,47,134.9801004040361,2.984430160591085,-5.747450660957532,6.066224364488859,0
107.05813446389539,137,11,109.85445291103856,9.226637001895591,-4.421023280609857,12.875481815643372,0
130.20616595906225,258,34,136.48901146769717,7.40003454973232,-2.47091968348246,0.5514767862354368,0
74.46952586055835,2,44,71.55933123556566,13.154192859660135,8.463752938381083,10.215498048556883,0
118.55271413059809,55,53,121.2318692164063,10.327243527279316,-3.3042055657235596,5.214928350330126,0
77.6819431730479,23,10,74.25685095837258,13.37934298282249,3.28343909800722,13.845463314778748,0
133.16864696629503,67,21,127.0076546347295,8.584429693932874,0.32762327740974767,13.92646803517524,0
122.62244602158906,262,32,117.77282504203481,3.656296071175193,-14.648827227400908,10.470698227786457,0
78.4313392467648,21,24,65.1618203138237,7.487467988609658,-4.533404719492892,17.95391325521679,0
109.50673255220794,195,59,105.4370480387158,6.803924299913219,11.831332432380663,12.626399342453913,0
88.11114982411956,14,14,94.39213702118798,11.563140152415365,-6.527276281188424,4.23146838184818,0
64.6518338055358,2,64,68.74006243592775,2.8410585797289434,-5.625655041025587,14.440264270226287,0
73.46885969193784,11,30,66.79170670395297,13.723900779910426,10.311669122390784,10.248540722766556,0
105.3115301976535,57,41,105.7841529467139,10.24466365750773,-22.557487013569823,8.042303010835102,0
64.8001046677806,11,29,60.17979063107528,8.319604901161341,-0.7509964397868745,7.501932033886337,0
142.6818921356498,236,15,137.9511242300014,7.9353384177470865,-2.565836504800322,9.966470801073166,0
76.37288911170766,20,63,78.6165727528381,6.493705929174016,4.506919742656382,1.34217216514328,0
96.0,61,79,92.48785078664169,25.201869696664538,16.625518897416526,8.60848688750233,1
112.38400045155365,276,22,103.08693382182234,5.123664631439675,-10.820069515525779,2.0820580510621003,0
94.43243963230354,18,48,88.9822871549353,9.667478082725381,-1.8122197790627044,7.847861505996421,0
65.1661896347987,7,55,70.70956173457732,7.0003220379127935,-8.920678456602397,6.501791889662633,0
121.43085895863777,166,63,119.15345849913744,9.122512084449145,6.728845129048846,16.05471214831653,0
79.37786756289917,17,66,86.53513266683845,10.777000843723584,-10.49997081300014,4.068888692444786,0
105.97199451114271,66,37,111.42937325520161,11.284777465896864,-2.83225414589324,13.326964850279133,0
128.90461136935613,200,49,121.46620775533533,8.32807361360569,7.376791012742319,14.840701765113058,0
57.56229944423458,29,66,59.94895672635054,11.093948185800475,5.946016844984399,9.643046821424191,0
82.24162326606879,6,47,85.71230298292761,3.9350584919288947,6.4401663580629105,1.4104587338990306,0
65.86397235976666,27,35,67.96181907634342,4.978026124011734,-13.991216386543346,11.409065743125717,0
106.48854079841907,269,40,103.08584073009982,8.12416756771137,-11.869223151358696,2.8865747751954682,0
108.0,13,75,155.5039220197013,14.384990123653276,9.053051801169122,36.54124416962023,1
71.52652920244209,18,38,71.47112657177057,11.00885544750623,-1.284102816732708,13.95266415088889,0
82.10527057006556,6,32,78.89696131449504,8.220575232752825,-3.8271458187332246,11.847687583613935,0
89.01012410536724,9,32,98.10326296554508,5.783370510933162,-13.209043789048705,10.561807678719273,0
119.53723854262091,76,12,126.6628644755561,11.5533042191177,-1.7172945734503438,17.771310097067854,0
70.96483644937135,22,56,64.57774670870943,3.7108272709088865,-11.367151881787546,8.984157355076606,0
132.80886633043022,91,40,132.6137199491827,8.428766377069877,-8.783010306037474,12.749438409510084,0
38.0,16,87,45.99911056194228,9.629498452771067,-0.24945341517319974,42.65231289561068,1
70.99623136527421,5,25,67.20863938432322,10.12517703792989,-10.432288165514201,8.131679288555203,0
96.19427018954094,190,30,102.83234744756747,14.627551900066036,-2.904398909508638,2.835254581914562,0
71.98263476724304,24,47,70.84319485948973,7.186384420217823,-4.890582233752863,6.642189497078687,0
110.19733201000439,285,52,114.41086210349664,6.820688748986363,-6.96968801878765,5.553781555529493,0
77.70642903684463,18,41,82.2942351082399,5.940161544846102,12.979689252820872,18.58281663556174,0
123.13990277237805,144,37,118.76960036037947,6.25570488884857,9.587721387081766,15.605381842245055,0
103.89124187031334,177,53,113.37142934608303,7.627522377599543,-3.161518664248515,14.850185368319,0
82.91048971915988,22,11,78.43250710023757,13.115607054754777,10.619652749292023,10.271799947705562,0
127.41182260006124,213,48,132.51806533521113,3.1214078873903963,5.180666333856018,7.239462295557733,0
78.84302584138467,9,18,79.6531958094454,11.854939144286504,-1.2474087798632638,2.2623445886277684,0
66.85861144200607,20,59,63.0263481115688,13.747233955461432,-7.444938557809632,5.19058516597306,0
119.88041038025074,160,45,127.28013107470086,15.122988210477164,8.116261541498382,7.797477205632375,0
135.05453465203328,73,13,135.74100402877988,6.3183767596166795,-7.254302031655648,9.417229572319648,0
76.93317900880889,4,65,77.85735962728326,9.822700592994076,-12.153439863889416,9.973317645816683,0
66.26238721622931,29,12,62.26962051419259,3.755541627572044,-10.127678590402656,9.707851232786014,0
71.72835132873394,15,23,67.81340545725273,14.292230205348455,-8.768363970027613,2.0572881913722485,0
64.78658309786965,13,24,56.82581640255681,6.537711730486059,2.5433938884521607,13.310236352415378,0
87.09701819187646,21,39,92.41092239236667,3.94243262677555,7.150611511605944,4.489474091426082,0
64.1136778031202,18,60,64.05635850773281,8.258460137429742,-13.106803520565892,11.63912581345893,0
84.76603838080031,9,63,85.10610793068052,11.46798205028248,11.059086722964281,3.3010698577857047,0
107.3379462972339,215,62,107.68620961982829,10.950512919075395,3.7890191018205166,10.271752889692856,0
61.31425807009069,0,40,61.398089457195745,9.95280500975906,-0.10368707431124297,6.498974069303459,0
131.7194496402257,144,59,135.61960660435093,8.633495903027097,2.4526262011877424,17.035476202073895,0
79.82877553188771,12,60,79.72241128373224,10.872566385237674,10.4867342442641,6.627531470009731,0
130.04826735323613,233,65,131.5224207992846,7.412825062748351,4.303807758611911,5.235694797068497,0
113.79626514514871,143,55,111.48891138629594,6.810983232512097,9.139260778361642,5.714898742804463,0
47.00517471723648,24,51,48.89132265021071,4.902605072095692,-4.734583013642289,8.86336206342832,0
133.48087864677956,167,44,137.43610902595003,4.074576107224029,-5.475697609993892,5.895492365719534,0
148.0,10,91,162.2515232586822,34.18611261750369,15.950660507851634,32.25384342236492,1
25.0,6,78,32.099062982589516,35.36399689041087,-5.409863410490956,19.128054231090502,1
119.0,3,87,92.33557479368872,26.123654772766585,42.21168537638793,42.10190717417977,1
154.0,13,85,157.90738336400563,23.722052609095574,48.60913534220757,31.251862979140284,1
119.6388752462786,246,38,121.50541520480202,12.005006315963005,-3.1910875387346183,6.876089582337188,0
157.0,33,78,155.2922172003024,16.297877160128674,37.68740575164218,41.1034363594445,1
87.26074949485545,253,49,86.43725973056559,4.977110542579498,11.276747536572952,14.19658321013942,0
127.10967403599822,58,15,133.2864087193345,12.174557224986028,-0.21737926352248516,3.3577407913805875,0
63.244378995667375,25,41,64.0108490050725,6.374823562858434,-6.52295663314047,5.976713683929354,0
57.175757531410866,19,39,56.03151995021579,6.967758376066044,6.006287084715369,8.361874083609987,0
130.31794990780526,223,32,132.4162775207956,10.432110966049981,4.281387768392792,14.093153308899492,0
145.0,5,94,168.82209392760183,20.760860036913407,52.22831682202401,34.83620056923524,1
117.05717781221301,243,14,113.7014597783974,7.946107134628532,-1.6369703034107639,8.064397868262217,0
69.31254009496264,19,33,73.10668643634177,7.457233917020389,7.680313447163406,8.102305512890368,0
125.63685014358668,294,60,131.70889357874526,4.149670802918039,-4.947428419465057,15.64140365178483,0
94.04850722078152,5,34,89.67304844390641,10.627511986297112,10.653083439742712,6.790015027733324,0
174.0,12,97,163.53206525445952,9.078676658620175,27.06087735051812,57.68562706243557,1
62.626873980998354,8,57,63.332113116294636,5.904861657266966,-12.981410739153418,14.000572490134768,0
119.20136144866197,87,21,114.3025517099421,6.811368973156689,-24.569207903192222,13.889861817333218,0
49.831811606459354,22,69,45.00348758884331,12.887499094702836,-4.654256267136432,4.130600177955137,0
37.0,0,92,28.190365787322154,29.80188745072042,15.195920525925914,41.11479062335497,1
118.08592808577939,95,62,119.79388211552296,9.009196291358757,0.40503848732133046,8.91271511547988,0
69.85823896629431,22,48,74.94983193908914,6.212159866651294,-0.2282116648779582,3.4670319677184525,0
150.25331316280375,82,15,155.7615967327856,8.19085327985051,-5.102824773835527,7.629272094382716,0
150.63114060215617,200,63,152.01793291197956,7.93316306244886,2.5766584861358837,9.94453998025699,0
55.760109092497274,9,26,60.74027158320568,9.415283239311744,-4.58517870897327,15.228522540266525,0
68.76114436185011,17,51,72.0147859956239,13.431911867643079,7.895205324400935,8.632013986555085,0
76.01064614944283,6,25,80.22188732324176,9.814927536589028,-2.759498605852141,11.374667830089457,0
85.75275341921959,9,40,87.27369358696896,7.765786829786563,-4.3374481498339055,12.203207755750846,0
76.06019339679797,17,60,73.91053332589465,6.8410425690921794,6.989456685235604,12.018936582628044,0
75.59283692336639,25,52,76.5279604900812,7.6461755926722805,-1.8168973361574507,9.489642175945113,0
71.35055091622023,16,24,82.36981140178125,7.288759061336421,0.4030841211992407,10.055602362453374,0
120.65743721527961,240,21,116.68355886943692,4.931562067781911,-7.00625020042204,7.987581585880598,0
73.47705820763008,1,12,69.31136930668228,4.926239920563544,-9.184788272587978,7.970841113396327,0
60.3110373425828,20,51,56.5984655882981,8.953415507605651,-5.036132384392673,10.974264106009235,0
81.52488460484629,3,40,81.098419889623,5.791868063693091,-9.199726244904891,9.384889913496623,0
157.0,14,76,198.72202191394808,1.967476899288858,41.11634300647619,38.99528323804515,1
62.4538588423365,29,35,66.68638631220621,2.789819546706682,2.7077848424968916,10.74443301976885,0
131.75030021731882,143,61,132.3386572062146,2.613353565195232,-9.235686570634037,13.50010563329488,0
57.088152588346375,4,22,58.42831252377628,2.952239338104298,-4.432542379431277,9.942830416838113,0
84.05956017904542,28,57,89.76882640310028,9.015658628857743,-7.503404612291191,11.083124877023096,0
140.0,19,98,141.4993727687138,19.442864554525123,41.99093972329189,64.11667213259034,1
75.98178788015309,25,12,65.66047651792599,8.0279640133882,-5.962754360398301,9.770944778409598,0
120.33753266339973,193,16,126.14229611711254,7.564314062483241,-0.6595676731932276,13.435701530014894,0
79.25491572263014,17,33,73.11729450943818,8.131413669821644,10.057879685394221,18.7143323502588,0
123.70213977271278,294,48,124.42096298825571,7.74586870141144,1.2618816608934476,11.545034663871741,0
126.73230136606217,282,45,132.84329215384105,12.819721574224067,17.948733790144377,7.104931525923634,0
73.34588975937778,22,66,69.73479591462808,5.687637790879171,11.475264360278624,5.516667528333092,0
125.955700048236,193,60,124.39231419996962,5.612033269973738,-1.9917892422454018,11.57064748225333,0
63.83253354260014,19,51,61.8280467297598,4.398029836182956,-6.394799569094739,10.999150479404236,0
63.86448692690665,23,30,64.47185248776795,6.255433163843888,-16.15847100136061,15.926573382993691,0
146.2206187756657,78,32,147.49084519043961,3.97874245518753,-13.957400192985645,10.027933104336741,0
82.32538898301121,0,55,82.54950464267263,9.988035073058494,-7.267714700182215,3.4171510355639247,0
75.70698510861048,25,43,62.440936945636906,5.79231640056352,-1.7039475633827412,9.951832233525941,0
76.18091427506602,21,37,72.80622499049852,11.159057629819834,8.856113791859249,4.474134594904723,0
113.99493422590909,205,37,110.30776478098922,8.074909590145893,9.421650834840145,1.6351919523143241,0
95.01324409367848,19,22,101.79195625491425,9.130160642231468,6.2810505259605725,14.302538521669895,0
144.0,6,86,164.02035502910695,17.504759063663826,11.03115068104318,50.977917723656304,1
70.22336743974938,26,28,76.54220167002677,5.010752050501059,4.71342267361103,6.326484816699922,0
112.12717830098508,279,29,103.03845136349247,5.588590459708743,4.687934151830254,16.531402378641015,0
39.0,7,95,63.30176947338793,39.891650633595006,4.2784064592354625,58.70275499411734,1
119.85156756410034,228,27,110.40172356953859,12.162057086035185,6.70936839108153,5.193049120528471,0
72.31806128299209,1,43,64.10563153326736,6.433812737677283,0.5189651119586972,10.298357810558905,0
132.14442417093238,135,65,127.42711627746064,8.016373532843941,-12.220647530846072,16.046845891673815,0
34.0,1,82,55.90668127760001,16.24316933607266,66.48781438292647,47.10188688674556,1
152.0,25,83,170.2490128286638,3.4857816245324855,32.926305918585385,8.258484920204367,1
110.67342733285794,85,33,114.99545654639334,6.572615088082317,6.558287482571293,5.765139497322741,0
59.13390874600262,18,63,57.14099042449831,2.1970443904835752,4.7084724726332725,4.130909803451029,0
62.762866156198086,14,64,59.09139815297177,6.604276080389117,-0.14887826836362292,5.772315634283959,0
56.35224990071246,6,25,52.39485667878573,6.96222072898458,3.3679155248085815,7.594484140686711,0
36.0,7,89,68.47065003084852,25.240360782863057,53.3433132797217,31.516969649463384,1
63.864574272944644,21,66,66.49531839856137,6.182994854724463,-2.299873359238977,14.83889430832481,0
62.08049719803175,20,17,61.894940508923625,5.0097768437535715,6.411785955051233,11.491351162483738,0
195.0,7,83,196.21664181657488,30.525905482442525,42.20967049244584,51.46277932835972,1
76.68255879736316,6,31,86.45156663755772,10.072040852276215,-8.714079542725292,2.273990071188699,0
74.2860414557842,20,39,73.41422085452342,5.968658162358398,-5.39137102130433,17.169172445800783,0
67.52612576775985,5,23,67.49998257388364,5.508107770413938,5.736900253024541,18.451177680896556,0
65.45554266448693,22,12,68.6029251500593,0.9946214754712415,-3.2377364094585595,23.832487445619968,0
78.4218279509953,19,57,75.57737590287891,10.167452730698205,-5.155806161723062,5.91481534508601,0
136.01989566755233,239,27,142.49625183671907,11.964710279447212,6.305727720653609,8.216139486560449,0
82.68287015197382,148,29,89.06769708241475,9.014070443305124,-9.656173182857724,4.623438034753811,0
53.5295468616694,20,49,58.34682023783093,9.865791098079864,2.471027372389788,12.30122707640441,0
71.72254780943972,8,32,75.3147986279119,5.107583212168928,-0.28867086946678133,18.33929002685411,0
85.06374730108428,22,34,82.00191051336576,15.805610415935728,-1.438839930541995,15.74403169687055,0
61.1203890115262,8,37,53.23101442379488,6.727025252349675,-11.903228754628648,14.957786514410273,0
69.8835316924799,5,31,68.91594314653803,10.037255074371943,-0.9832196350512096,6.707659388406182,0
71.66547552548388,10,42,74.0718472924369,9.334795770402206,2.3672504850096634,7.624344584196551,0
117.79290742778839,81,20,114.50978707378987,9.30039695016692,-16.044609383357926,14.364664337877288,0
101.0,86,94,89.27858836378394,32.64241089912356,49.94151484472239,52.83375722347478,1
137.785017595881,129,35,140.49053745233107,6.955871100846303,-14.13224187473764,11.992838504948953,0
67.23608603864456,6,35,76.79708814168923,9.83809315107226,4.72860988336092,9.447852396321178,0
73.94538563630874,2,11,73.96217234869849,10.649296702986014,-8.559983124074838,7.754383844233568,0
85.9503314012069,24,44,92.90010048961194,9.36287015993031,-1.8795786495891578,7.7885805201917115,0
75.16901788149029,5,29,78.03383097849803,9.424252899012904,6.534812980557727,3.5775796087912077,0
58.3004433795301,25,50,53.107052547010355,10.522275768011461,4.065204493411731,12.078568934164533,0
80.66319950262057,24,17,88.70140410820166,6.937815359398732,-6.91091652698434,0.07602994177707245,0
101.75508831259408,192,13,108.89417140895627,8.47870465344695,-6.5780022373330675,8.908915984680942,0
132.92127539814385,132,42,134.11026221383915,7.234934783656394,0.6950811190224927,15.629160895058753,0
47.36315876094437,8,22,53.27264102480405,8.646595939382248,5.884868562524386,15.950193766035216,0
71.47488530878583,12,41,74.08897299875355,6.960316886879399,3.432907721032898,13.980237870428756,0
152.0,97,87,161.5750189192493,18.71740859805613,11.878772480298352,32.9729720857422,1
123.68467755310112,104,60,119.94200562808766,6.796363176162105,-3.4232824416450343,15.819018614864264,0
60.50177034692527,5,20,53.041010560358714,9.720301375063945,7.007790703300633,13.944321079260625,0
143.70443262102881,265,61,143.23870377403114,12.217029390739503,-6.3385436312786485,11.071410650222889,0
34.0,8,94,45.74815101865066,34.92882189513364,19.350710463743596,48.79846374386906,1
80.78372969688513,8,66,72.92916442697896,4.394166242070916,-2.843882676273786,8.794338976203308,0
62.6355394835099,10,27,56.71632627825156,7.038844821689617,-14.235191444057765,5.300160854249667,0
64.00006905304963,18,11,62.64892745791319,7.179517098407803,8.511547569824506,11.557480343442228,0
66.72087607313688,12,38,67.14139952205096,6.1983624036205,-9.328527007502364,12.967144444242686,0
118.79075452777377,107,58,115.98763010589776,7.691505481042127,8.639865357073614,4.038712955031051,0
64.41073459180762,3,21,68.7325613237556,10.786153496684621,14.088089842672153,3.9529066614245547,0
83.22145643936916,226,14,74.33321144543775,4.648953337887282,1.593779829049871,5.971201433582481,0
99.35454273670959,23,55,99.94547678159756,5.805479197313148,-0.09314685233383486,11.544610595018662,0
127.38484595868512,170,66,139.41747530159617,6.082351577639835,-18.54594384281999,12.977476503609868,0
61.03242832970679,10,40,64.59806886817937,6.332909968814326,2.143494282996379,1.3585295716479902,0
159.0,1,95,163.23810760236844,49.10637617888513,54.02541124491995,39.37538816192997,1
124.06957779429317,67,53,128.56755975597122,3.3839867812022177,3.211465895555023,14.455585931287501,0
83.57491110325083,26,17,89.90825162792831,4.095140158349132,-9.261637932378347,17.458774319048967,0
57.90784201975487,11,55,63.65527883980671,3.2769748468041113,3.2615178946974166,12.90499769980846,0
77.1463632406669,12,49,81.38201900828263,8.463580335355076,9.131982681071694,10.102340900043526,0
30.0,13,85,63.273424538271044,23.51369211333212,52.786613883794644,60.59524397637938,1
67.14760874961858,5,35,71.0163358353622,3.985311888566687,0.8164092585028093,11.248544032037112,0
120.82692308046084,186,39,118.31496934186055,5.891501561193676,-0.7539507481980128,10.948239774374489,0
74.85817634348835,14,38,75.79281543078555,10.027118241720142,3.8385098659982213,5.77849190246204,0
107.7299672288738,220,32,108.34506059650758,5.855972630647785,-6.627335443602481,10.86280871995442,0
76.04724808533261,25,69,78.3262014621951,7.4975449568975625,13.672628092282324,12.964286554169478,0
85.5827573519619,7,38,77.66815365235611,5.538791027931946,3.754199231530431,10.433715189091032,0
130.80120978223437,67,15,129.32729456580117,8.108343135468917,1.1589091028734722,6.066873715984333,0
25.0,10,96,24.55356207003947,13.3309394097475,34.632955092418776,3.5227999050679664,1
130.60324381899977,283,24,127.65175439314179,6.249668670616752,1.0492115420035297,8.738551358146937,0
79.24596996442463,17,42,80.50559678097005,5.321691422428493,11.137312041771056,11.631348914641901,0
93.11930419471409,296,66,90.129174523481,13.366768479171721,6.975883858459927,9.354195819723065,0
146.45428811626186,185,28,150.7697270462881,8.795491768239762,-5.191988163785261,14.418033929970845,0
63.29028356853959,20,16,59.829529268995664,11.334994264676187,0.08770093693579958,9.426207990508175,0
67.53838237252114,20,42,69.80872340288978,6.109942238773446,10.967879422561003,9.966953554903533,0
70.03795103176896,0,22,72.43569069967994,10.023486597042199,-4.98912767642451,16.16597176862539,0
81.38411423873292,27,20,87.4864961941383,6.7619295209573655,-2.999357376404598,6.712292080683663,0
101.92778488593817,264,63,96.07521023529362,11.095285713498875,4.085431065328311,1.9535645665628305,0
73.74244426918278,18,10,75.60898628699064,4.872013681077127,-12.460242585570395,10.776767884694813,0
120.91917064632968,297,15,115.67983461005842,5.634242864216031,16.614372682636375,8.326492660118179,0
73.36616436763292,1,67,70.86058345065372,4.281358632685127,1.0357580289118893,15.283803069264325,0
98.14593681718905,175,48,98.68583588161427,9.41225972464336,-2.9659537623533927,10.103462914271299,0
124.90608562316768,118,59,118.30569968448117,7.283742193809697,10.284657874893435,9.71469354284422,0
63.73609551666596,5,20,60.09780273926624,8.28866059534462,24.242545172370463,6.470589802092093,0
71.16895913027552,15,62,74.1572458230281,10.544634319016696,7.495613941585203,15.341837326458553,0
179.0,16,84,190.91070951700908,37.7038602812898,42.295357057230035,18.666240968406218,1
105.75599633902493,53,22,113.25105668019268,10.658082161034157,2.3536401594368654,5.354675295531869,0
118.58756109599723,133,11,132.38144733505243,7.185051342779524,-5.370648827717188,7.093454864413264,0
69.71677915661637,5,32,72.7960531473668,6.692867502845789,-0.26299588121947326,10.201538496651239,0
62.98845048661045,22,53,61.78968386278975,11.37930115023809,12.815941236907303,14.890014879992044,0
78.1129522321263,25,52,81.30602984531752,8.918166098156819,-1.971459620661925,7.054845605469294,0
74.67680445839314,10,60,79.68503155669492,4.87541999756017,-9.048987894083982,7.425077378174805,0
128.38906504121235,115,58,132.97686409347747,8.703710059809602,4.808661904862113,15.061229538264525,0
74.8087721093729,20,64,77.55557045067165,7.918652669861065,11.758601523680664,9.23941280271333,0
123.43549440897208,204,28,124.59012822917035,8.48186547524436,4.579927043617096,8.690140725718383,0
87.32933370535558,3,55,87.49287248669943,6.772074577712836,8.047396094371333,4.362519505234807,0
130.65195044157713,116,43,130.27171449665755,6.229829979415827,-11.83891924407051,11.392293947237052,0
116.60267669956232,152,41,111.21963493084718,7.696220934630467,-1.2901560047838305,1.1461278870447202,0
159.0,21,85,182.3552475453009,31.219828780919762,13.684553830908062,36.32901418325811,1
59.462864124198624,6,37,54.70432293337389,3.2017322926113483,2.521345630387364,9.193900743755915,0
55.38029262285225,12,13,56.05066529736754,12.87990915120038,-7.83567297763517,5.827795327527964,0
120.74492033562326,78,67,125.73923113726434,0.7346497579619466,5.143945237866671,10.139832719893134,0
104.516829000204,185,68,108.04348565803525,9.17981542073461,5.940325396803071,13.653713439169339,0
72.62727939511029,21,41,77.17403342263755,3.662991834724652,3.6987381184717076,11.913466918427709,0
79.21161822084154,19,46,80.49324148568581,9.83530552084573,13.72070556266019,9.460694855368217,0
100.63709090178305,177,30,103.71789705435702,11.107838420944566,6.787517171632534,8.294482360416472,0
63.74833153776542,23,30,63.24725212267335,7.350580611804538,-5.332344885074113,8.219833461684544,0
86.41088463735741,26,28,95.6798774424814,9.724492250145921,5.069588122900083,7.535660886640479,0
87.09771312459624,26,19,89.10788552483085,11.112619832773698,-4.080131190837976,8.650625323533143,0
137.0,56,83,135.62699031805474,23.75306866628324,24.78074549040271,40.70392954046407,1
67.53273134277171,19,15,74.38754514341818,0.7941591681483624,-6.229916122953223,7.4521674856508415,0
78.41848933956967,14,15,74.35698259615701,7.473014204030821,-0.9126211472827896,15.474611409012002,0
71.52170153802086,0,40,70.05146496818972,6.050438618654635,5.320047325080083,10.204921641176247,0
140.60471357551395,180,64,136.30518890962657,5.474534590429329,9.474276776260501,12.183329250812491,0
81.17138661520512,20,69,87.32667613198295,9.63746951519991,1.6231617503344171,9.267318957394277,0
66.59087888990193,5,20,62.81589629926968,6.480513552636019,6.343605630770751,7.549068572183841,0
80.730660663321,15,42,83.77558289578317,6.4419760673566095,0.058263896403353534,9.47145959512156,0
140.8250666731267,62,52,141.53135237356403,1.6083005605783978,6.145657733053898,11.076982527281439,0
172.0,52,78,156.2730143206016,21.353659945389325,10.73086416599148,44.01440165901482,1
125.81314284717823,120,18,125.91165666456759,8.214367419215785,-2.613868479722637,11.770372505069728,0
125.29124412938269,132,24,124.35319840616128,4.949316457287196,7.207326094282473,6.929340955666046,0
64.41180565323002,8,13,70.07738319501851,4.940375788251704,-7.327060536834783,16.09674745144925,0
112.24484639724317,98,31,113.54423812965328,3.2697071222616607,5.037858237309153,11.800652947375657,0
90.19672571305543,12,41,89.54852216682741,11.77321540251098,-5.748787218780256,8.127725426493104,0
110.22075331716684,84,47,111.80123709446997,12.693725336599002,5.557153426703298,14.987315711931128,0
77.21039757567112,19,20,72.6983239719505,6.55440705354583,-19.43804238146036,11.178935320990169,0
128.62616584418618,100,22,125.01311072260862,8.14458336346732,14.382991836168149,2.173522332969454,0
126.36396277734069,73,38,128.79174286349027,3.150459198413902,15.110987100432853,0.34530509019032074,0
82.14768794688183,159,61,91.15098109669967,4.746398620123846,-8.129993395665995,4.964081530969802,0
69.39391667666042,23,47,75.6304349299838,8.406474116950285,12.330569158410565,16.669990929384625,0
84.09949258558711,25,61,89.61093946023287,9.812361517954225,-4.381264842971073,11.098286285790275,0
82.41734907918779,26,54,78.92246437294106,12.396734869236143,-8.930957400847854,8.94857407436308,0
140.0,15,77,155.78065532460957,17.543981045663084,20.591923466021818,6.692397257314145,1
73.67475909435632,12,55,66.90527178599314,7.373547289004988,-6.389594126124946,15.69088477476131,0
154.4966680144599,79,48,148.92151358436976,11.764126874776817,-15.814764563141486,7.160345574943306,0
56.848850637505194,0,61,70.30042567394867,6.291916423727395,-3.4815466575823457,5.626118878728161,0
74.92715482141854,22,14,75.63206831947883,12.765880784130788,5.5632197964023895,4.294957451236309,0
149.73769595546815,143,20,161.69918787381695,8.165730531727727,5.146462244028515,10.799180880866055,0
128.84405102523672,197,18,129.67450372156992,5.498718960802876,-7.86617721616918,8.309377393764013,0
173.0,0,79,176.4797672192073,28.750485015805268,52.525301082864544,40.86454764097763,1
53.07815751176333,4,24,49.57641347447356,6.071005329557364,-10.611365494871945,13.763510742863136,0
87.89814139258884,27,59,87.02805161431483,10.984866862921928,11.157225495958313,2.2463006139510977,0
86.67162669651262,24,56,88.11922774309438,5.297435280700449,5.011728734220691,12.008943728938583,0
51.24357232110384,19,69,53.57029229089322,4.536932314855598,-9.10596756847944,6.409006197471191,0
73.55260013752749,13,25,72.99245043778768,1.6693020630751896,-1.1231882803776245,9.914187696470945,0
50.66880782281889,19,61,45.53525536389256,8.511246252779335,1.0841440223343635,8.886258934239894,0
35.0,15,94,53.07599036459328,13.788997069680459,53.9851146492569,48.48200532324303,1
111.89762140481693,240,59,115.8787628903674,7.807462878893006,9.038423999932789,18.386135380184918,0
127.94464350752813,154,36,128.42070716176204,6.444898017117048,0.990719944571929,7.3051541644300855,0
80.5940196478775,207,22,77.98701418878375,12.492295049538878,14.86161874830186,9.48284387854858,0
77.46015918351226,4,42,81.85324123652182,5.982835083949244,5.698851946349002,4.606882641654623,0
116.45711675075314,149,10,118.16960908530521,10.41774508562947,-3.4193832655547363,6.04962023200863,0
78.80302892060476,1,20,76.67678719195723,10.513501032573329,10.617529782414294,8.367316983118357,0
125.78485429855485,138,58,126.44121110520314,12.608183545128586,4.780301647157826,6.443483865252603,0
80.79329026548271,27,33,81.54962959099792,13.10923035987934,-4.654561990696159,9.037984307121624,0
70.03614198688187,11,36,62.775545390963394,6.679636195564889,-0.9776788025349531,10.974843487088421,0
119.0,4,81,119.17277596879372,25.506108471722143,16.387939366775136,45.19476571917119,1
168.0,14,82,183.8823670837382,23.30410846330846,32.973586309161334,71.55956936015255,1
84.08877604216113,20,45,89.19401974350119,7.167649794846815,-10.046395529428832,10.919880968270554,0
136.04216928061305,68,53,125.85678960575235,12.710096841628017,-2.4185939366104634,9.97718585504852,0
72.35522430777957,16,54,80.00267854222261,11.125551830959287,2.4166147901728117,17.389969836327303,0
66.84829100907982,3,37,66.21569652431006,4.199309861220218,3.5093437004660797,18.507830350264285,0
28.0,3,97,19.424044085941258,42.89266060767082,55.57736629431699,30.443215984064086,1
78.69825145426235,22,60,73.78831107081498,7.632226334436531,-9.107115453514426,15.456284804905797,0
155.0,32,95,185.18218051260723,30.77190133312492,2.6710085885628914,1.293496607287011,1
74.07627398015909,27,40,74.72586850221549,8.538194117541337,4.960745580694938,5.933200317755544,0
129.26629590742266,73,39,128.96877871236788,18.626285040290398,13.311129268107493,9.894179500520211,0
71.83902351470225,1,63,74.04408556159078,6.797832964371656,-1.1125311591817857,16.586366031738727,0
114.35781698630159,201,32,111.36112992693991,5.291780609506192,9.728331618466404,12.138231575238056,0
118.5286980274829,184,69,120.70129476852621,4.936262035689283,-5.18562385415779,8.04917096485083,0
116.84766593713688,209,54,128.16050997881348,6.4858536144945464,-3.4680945696282675,12.798307851621843,0
78.58863795588577,5,12,83.05170026010725,10.677295490493046,-4.9688395572733715,9.97822167918457,0
71.1475854415832,14,15,71.592834351103,11.76781112004709,4.596493740293723,15.622070749854444,0
32.0,8,79,37.142983611882684,40.419571216533946,40.460487744714115,12.44609210094228,1
73.15292269570193,3,43,74.17372049691215,2.042115704929687,-2.09717231776465,4.466363709134551,0
76.41054112815645,12,68,75.2345091858887,10.300133847297888,-3.839618822387014,0.7834099912576029,0
85.44798548700041,11,16,82.61059702974205,11.21035191308421,8.853834272155229,25.77768938692816,0
71.82711002622793,22,13,71.0974454555201,9.705200775719181,8.104455904577227,13.35570801056713,0
25.0,5,88,30.79158811519473,12.305367630309824,14.948899188385695,30.8789076596116,1
83.8185933810928,0,69,87.0296422426491,7.382030851286589,-4.579242161490562,7.9537127253112985,0
113.77762937591206,198,34,116.99515524617262,6.852722125601013,0.03664111476387239,15.151496068092642,0
95.8146355361194,240,14,87.59646482501964,7.9278565247005215,2.249146021532485,5.052097981354277,0
28.0,10,94,51.94449985179506,19.97179917896342,48.33603343440391,15.531380258856352,1
124.93689127202538,61,56,130.90843565048513,7.472764423204311,-5.777723971015893,12.182334127659804,0
135.00822488552308,267,13,138.72421161014773,9.183457575669369,-11.5302817897826,9.40451872588135,0
73.17323496834274,19,68,70.33829539912935,2.401946979366527,9.060979662173994,9.903696219633176,0
70.78851174862986,15,38,77.98114062559412,9.637697351345972,-1.3946566507349534,21.895217956985515,0
106.92465576646786,67,22,111.5692810696771,8.674852533317459,-4.5716048372340135,14.830856529738274,0
66.65855850252132,19,25,63.96086918207337,12.396370821601428,9.04159996073557,6.376310226290376,0
85.39985395942921,11,53,82.33360821717679,9.683133681822053,4.18141770974888,16.918668593479314,0
81.20465877364299,20,30,72.91328449542644,14.235403432057307,-5.853446759590115,17.089764743549967,0
96.14713015118554,218,51,96.06029011364005,10.182560581576912,-7.731106074650238,18.074529629859107,0
131.78526374359095,275,14,129.15035740197175,7.7079470171282125,-2.9080019549240452,18.762120019580195,0
80.28972440773889,2,65,78.15460843795931,7.883935613933087,19.675701184669105,13.911387395977322,0
54.57839986271621,21,25,52.149329112131895,6.533294262412193,-5.242218240221353,6.375033330494274,0
72.15019226594289,3,67,82.23973208510908,8.648950644705502,8.428899193949281,6.382685955648561,0
67.79913995065783,0,13,64.09171632335766,12.853879053142716,6.519880283233933,8.14245387249081,0
64.58677922884968,6,37,68.77784187398353,6.112614891313585,-9.959680409033457,1.092530333448508,0
135.04576964491775,87,69,135.40765757632292,7.934583985754496,-0.10882267556257856,17.286792791355104,0
82.83009630573099,22,57,84.32892649018584,16.278112317074186,-0.8045434225644319,6.79640231623019,0
132.1342899203786,70,49,137.5328749563499,12.130482085895101,1.6180031642338628,8.937250432897038,0
74.24241976829141,22,36,78.59888430624801,10.424311088722051,3.1986306245719955,1.455853035514373,0
65.21347313515037,8,25,62.85529400056099,8.322840617429348,-1.3241744454679725,8.639183726448866,0
83.02348855495764,14,55,78.10192638782415,15.678463668358173,11.091022458244858,9.908880827646392,0
97.37821022556042,86,47,94.02819683171879,9.36158047086608,14.044899080811566,11.044772260665768,0
66.33624804271506,27,41,72.42060465864341,8.80753609817809,10.596747367427694,12.434394056594797,0
75.98048216509262,23,13,78.2329607839828,7.214725129336716,4.4475316131667375,0.4752777299468054,0
62.176964196226855,27,18,63.15762149134639,5.287795130791999,-12.3916842004278,11.289879906105904,0
74.54134286996883,0,36,68.34049865371858,10.10945921397893,-1.4198003615202437,1.9297520535274124,0
69.48420722973103,21,29,60.81635608762376,1.6105694484203994,4.997386829591571,1.2727968503953146,0
124.02434786301417,217,42,119.91059148369897,8.794535453584857,-3.7609951509950306,9.686814477153474,0
128.21156657123325,100,57,121.54752667711575,10.203277558429,11.379383642286573,10.26692136239511,0
58.998177566902925,29,62,56.77607981992567,8.764721088551191,0.49549757794209914,13.217390726056044,0
90.9514861210897,4,40,89.63567976079057,6.181142029612262,-5.047994847151745,13.89593788500402,0
44.0,19,89,42.61497480831258,16.716208376336006,42.41643810355882,53.21341601642201,1
127.93197546241151,100,47,129.26677667135803,11.134636227961916,-5.473414910394514,3.005192828415927,0
78.51386712186839,13,53,76.14532143119533,12.65628502301616,5.6502651451499855,12.021997604640816,0
134.93336878203095,297,29,131.8978638926836,7.0549160271339835,-8.150143639262193,16.087861454086195,0
86.89577458847579,21,25,83.00648829743272,4.297173547616596,-10.946903846313077,9.108167876526089,0
58.87569033765674,19,64,59.96973513671171,5.277614087572806,7.138893148780779,3.676486946604987,0
137.8132978467152,80,59,143.6068781402554,7.934271535153162,-0.9676799610628257,5.282149661399192,0
173.0,1,83,159.9468452989478,14.474620988521325,17.12545600886457,58.69020230271378,1
70.58768708668646,13,30,66.47342158531728,8.092039017546291,4.846192861374196,2.966954989983779,0
90.06318593837564,4,49,91.5453227183333,8.160543957739002,7.44068643833092,11.160065442040143,0
88.36914814742767,20,42,86.6547196996919,10.203001651252523,3.8238247850150575,1.8678255904964125,0
72.38551515350892,16,59,83.16171284567429,10.016771853241316,-4.982836024810267,7.9092848299536405,0
66.11357987698143,26,55,62.737053805355984,7.603126390552276,7.431057611818276,3.2180032187433394,0
72.24071719656143,8,27,85.24542883259733,4.8877155345717265,-1.0775509372052472,10.305839513087475,0
75.60980863254211,7,33,70.04319013472235,4.238476739045999,11.099860715833854,12.068549756653207,0
109.51785309917004,71,55,110.51361724877945,3.6689191738980966,0.864553876488482,20.374612507451328,0
72.92847818786201,27,59,73.95912802901738,10.481051703138318,-3.2971482784227764,12.477561786082116,0
139.83425912003202,227,14,145.74196902697662,12.983665638021392,12.651295935575742,0.08740929127764652,0
141.60757985325228,63,22,143.39041424113327,4.9405065774920605,-12.348789729382629,11.278531042102781,0
106.7786264074897,232,55,113.79945610799167,5.7016375081679875,-9.024500438461551,11.549473896903173,0
58.67759454555178,23,36,50.904577107074175,8.941003092794249,7.8742612019456715,11.883100234231813,0
131.1721657379514,195,32,125.58726419499874,9.034324917776884,-4.960183592613692,7.05654150265363,0
67.66866890634634,11,59,71.70734776904648,11.446194244951112,0.07209889670399684,12.423015643176116,0
133.82927335882465,164,32,135.50378621875478,6.99897760707819,-5.345652762954488,0.5041443390040019,0
63.76565905043266,0,10,62.67506174717858,6.169153065566425,3.9106284656161163,15.313278168048502,0
55.78777017859905,19,17,55.23325372319199,7.598046077483198,4.654033097334425,0.815123934348394,0
71.93346545368763,5,62,65.33774022767791,7.307196409373966,5.569650918507347,19.244780474726724,0
130.8583337572415,207,11,130.84856376290426,4.145541745704804,-3.2700465947105335,11.104876841435868,0
69.82572054223797,15,23,76.87865914737874,4.173504148820136,3.926587233167637,12.461795624879954,0
75.85201374343656,28,24,78.48999995884728,6.055318265417471,4.510377869855725,8.797062049848321,0
118.94749950823193,223,23,123.66242894136417,13.167089558155478,5.728409082104512,11.241149675387174,0
100.3016148502823,279,29,103.9165666408369,9.9598585594828,-4.71452566241434,7.2075174265099555,0
77.81022009865985,7,20,84.51677969716053,5.348666633407195,4.591735673613404,1.2321314104565655,0
68.26495136593155,24,14,79.39606047129848,10.252811762274877,5.073355691796246,10.335892089511661,0
94.78324634795459,9,45,101.11692735151267,6.943582011603621,2.0652363926455357,12.129137643854483,0
58.31731061274371,1,27,52.050832476227384,11.037912228932216,-1.2652307549785624,26.215464847973667,0
80.95836292353967,18,63,83.31579068367581,4.881112764743244,-0.13053769876818255,14.906919961375166,0
75.11389937696427,22,61,77.46188179343628,7.922485565851601,-1.5330073252593435,12.96062312372674,0
82.78065563392606,20,65,82.77932877603953,4.31934621964412,-1.5336970359580968,15.272580214956822,0
72.63347927645111,13,61,66.47176131479725,3.771929429490436,-0.7684406893606075,4.026861984019055,0
122.71674765316591,53,38,118.53793697806137,6.3072572040278345,1.4764104255762958,17.710549762839378,0
66.30506441900961,3,18,69.04799929734459,7.9362828272689825,0.648788831295282,8.63442718480999,0
140.46624014654725,102,11,143.63308419292207,3.7802399378827722,-0.9405717094085221,9.880047451418037,0
65.3885934754386,15,68,62.43403011539386,4.297043860836553,-0.6615641511250109,10.142280878907444,0
75.26974084952343,8,15,82.4857257839246,9.033435322541074,9.780353223463914,8.45155615354561,0
127.43711547239207,268,51,125.07752630231954,6.168314901711854,-3.1090333095143845,2.9731394162267115,0
77.87803854009472,23,39,81.23103323676871,3.8589411937604448,5.000884369991579,18.906998583004288,0
106.35780579051044,220,12,98.31304714387817,4.88170711129799,0.3198554738409971,14.780643028705,0
53.86766713996955,27,65,48.574614187323554,8.046094327679928,-4.626132699179413,12.37635736985995,0
88.81210939592826,10,49,85.67472197402249,7.603514742934029,0.2354616033599425,19.43775675127923,0
71.9341741859687,29,35,65.91679590971836,10.332607316987572,-16.402351140198174,6.514525746186569,0
148.0332798434259,129,32,157.26396485256913,8.371972352197425,1.807184165989635,18.232757103115212,0
66.38392964961837,2,24,58.56548122289124,6.385888270587733,0.535325793898949,3.8232809142699757,0
113.34770341472617,135,58,120.18600598298198,12.533849372332227,-10.501284486394226,15.107290520076884,0
121.61988820741924,253,67,118.6047052253634,0.9252854047947974,6.662310976982917,7.890421298472257,0
85.05871721740651,21,63,93.13020650835558,11.585254668901948,-5.4816018423085895,6.468298111170011,0
74.49156441543454,24,55,76.85243826324657,5.912380788251886,-4.632056318895372,3.7569068169791215,0
57.8288925902673,25,51,48.844599985604184,4.985847334395702,10.115326894815036,12.179963865320984,0
72.95027885272073,23,63,81.5919257555524,11.016676541018535,24.540016892693203,10.900457694055428,0
101.24675961157799,194,25,102.82437431617925,7.856423217041728,2.0080283452011725,10.897070855244207,0
67.74106757885096,23,55,60.35865605536975,7.629895683869296,-3.575346898288127,3.8366872828312175,0
81.43226790263205,10,33,71.99895548485593,8.381396996664748,16.19364829903832,7.081389706876198,0
115.75245438185691,167,34,120.44533121390296,9.47193662111895,-6.654812510279382,8.191266234179974,0
131.7177929220359,225,16,133.06088647411505,4.039429292502523,-1.3699116516403895,8.74849520206055,0
59.30144888813644,1,18,59.13300399840713,9.424377572690727,-4.585551301346003,8.0013602754458,0
70.66927748785774,20,39,76.5393551270346,6.724367196016361,-8.27551085761097,0.7990564523210235,0
74.80866519204262,15,22,75.94024495653501,9.489039233211477,-5.778401503628738,7.106744729397724,0
75.07977645872134,2,30,80.51619854671506,6.1273589735477545,-16.761101237304718,8.36596030761537,0
105.71820814416769,16,49,104.1703410133314,8.665467755803451,-0.7316856348567103,3.5410188783456658,0
49.38049695246474,25,53,41.33296046534771,10.28358800238762,6.388557874172228,8.489095496497091,0
149.0,39,97,139.02731551331675,31.023236830050955,24.860309821482925,71.35259185200238,1
116.64953759196675,108,30,123.83280247227349,5.313240542786983,2.341127962087712,11.279907884159995,0
119.0,25,81,134.80988430596616,9.840430463097356,39.57997929358304,25.862997464825764,1
102.52250076361764,192,63,99.47043503412698,6.707011399340561,-1.9088442537170194,11.34206636847281,0
99.52903436559077,84,38,99.40326586362501,1.2811402507022551,-6.872754623303774,11.580052927058587,0
64.17368915964178,18,38,64.4899690624005,8.479813088262231,-4.940997005967645,10.539354056128651,0
102.51475089524355,138,29,96.10986372305092,4.987662725724659,5.062549088872796,7.451051355201319,0
140.32339397282757,139,59,137.81392339783923,6.366129831985107,-2.1759997784650893,6.889675825275226,0
139.2032290907619,113,57,137.88162164706102,8.26104944117716,-8.289148575801574,14.283687107352293,0
156.0,10,79,159.6448745578088,18.29839263565073,31.900409202593387,30.188666292270952,1
125.40844502603318,222,28,120.39145383350511,9.59175861977831,-11.810223331457815,7.71841584990384,0
123.37586827886909,215,56,123.68168111812366,8.549038784934446,-7.9322163288370575,10.52639311954839,0
59.02122013278531,27,68,56.82583482513682,8.957735339037558,2.6131607950924836,10.533769828580512,0
112.24654705665324,162,21,113.23799394351256,7.221182532651577,1.4451637142035232,13.75870136696788,0
199.0,18,77,228.740322624728,8.237698884346685,27.3495644600864,58.01794179335227,1
75.3506882808645,29,22,69.10505299468045,6.731651838058645,9.450168257619596,10.626795278089457,0
110.75243341506882,206,34,106.1320347213128,1.698008308747232,-4.426543222843468,6.577069247733217,0
124.42193746006971,120,56,128.70090013802823,9.850685834483329,-4.753441899781034,4.441412370755701,0
64.38016697873829,1,55,69.44454263701593,7.103632180482202,1.6375668730941917,15.354998303958098,0
67.65173208732263,22,61,67.96184797710626,5.049935428895886,-6.02703664613913,15.887157246944412,0
53.48413165709414,12,37,57.57687523929413,6.98851834571574,-1.0536387674768952,10.52716953068431,0
118.03574015436521,176,37,110.34390172787286,4.776016821882751,-2.7065877448304576,8.484638836420839,0
79.52446665875732,15,17,80.03181331453993,1.9429037291735192,-0.10226167831361879,1.3442967518921343,0
126.47447444456395,264,21,130.1728517851531,9.33860550886844,0.15265302223814334,7.378200221592083,0
94.20870606972889,28,54,94.46880932192698,8.381521757582856,4.465856855026425,9.136868234957609,0
79.5000139627153,26,10,76.49801701428501,14.171433946867698,4.656645956442146,9.22652330599167,0
103.48916700504762,85,15,102.34388339433917,9.276119320396965,12.098926378970154,4.207154212268346,0
73.4834306055629,22,62,79.54732720658562,12.298086600866158,-3.813389439609619,8.034003775095439,0
57.42827301579044,9,37,56.621133525626355,15.14594710822575,1.819738143045587,13.273319813657565,0
65.99827324120281,22,52,62.942012651921125,10.232557756225322,10.944359465786192,6.446276905635392,0
60.75344960684063,25,56,66.2139644119373,3.5706090751345947,3.652018681342364,8.747198156906544,0
122.12641553367835,53,51,117.95823480913609,10.023348207211004,2.7813219712594077,5.392473019880885,0
127.60217096494574,107,43,128.65779484916908,6.745253254160506,-2.7975899628700036,10.12836157603806,0
120.18181834638175,213,58,119.75256642120473,13.233421776156465,-9.556717176174967,15.11880405068652,0
62.5713369600377,23,54,56.423368976558564,8.088903501097755,3.48026223041,21.221716967662147,0
100.21207420848302,70,10,90.5548127630019,4.204943215059609,-1.1318096277247756,10.248218817837595,0
172.0,0,93,190.82080642741678,15.760319893657712,11.352461247624689,54.73623780311101,1
83.95635243194556,5,13,83.54223788783166,7.80456454259925,-6.286250619354767,8.12617986863133,0
70.30020813789069,2,32,71.45683860960675,11.15126119127608,17.59338502129999,0.857247133652276,0
82.80966170863694,24,53,84.7516560513892,7.584115374303096,-16.25869499551919,4.648774731322537,0
69.02447055538404,8,36,71.24532309940501,4.710660738375261,5.563804019187723,7.204072289961608,0
85.17058677967364,3,43,84.26191555540555,10.93072980024952,1.6852455202520966,6.977861160177535,0
74.63974309436158,20,12,68.22047366006838,5.718198006724583,4.567527951537587,10.591750328275886,0
61.03124920616014,24,19,65.14157959632277,7.353953945515171,7.943657043623713,8.751529137666031,0
126.57713608214591,76,63,126.67521937061586,7.286914625931077,1.5378781135618476,14.904267245687375,0
55.02480320866583,14,43,67.71259876194601,9.797093840765285,-7.380894683734532,14.405100920278258,0
80.00004137701164,28,22,72.30397126398664,8.339459209430709,3.830436340169452,1.212238055260972,0
103.90183430775281,75,62,97.54491430107949,7.250178012362255,3.1925214983552013,8.01892421361119,0
154.0,4,79,160.16969358576694,33.80117921326587,27.733594714851932,21.001617863024244,1
74.87328904403009,1,25,72.02412440283629,8.988526206719028,-12.137389573373433,13.752895837608827,0
127.14869094820898,121,49,126.3395748073291,2.9017114411774454,-14.458098476525873,10.72058181389841,0
102.0,9,91,88.87020684168783,24.021890669065286,26.281131690764,1.8246449375546092,1
108.1008325556761,85,11,115.37183977441808,5.659317252004956,-3.6543270515912494,14.642992605234559,0
57.688116667642475,17,16,48.07203523659371,9.825439043919463,-0.47380934936618396,9.633560604982126,0
152.0,7,96,177.0002886415636,16.17888103045997,55.59002725909443,52.46875455336111,1
74.6698698552765,14,63,78.42255043245304,10.094662508406437,-6.959841539799268,6.7018684947004425,0
62.79165968926646,22,68,66.78813279601017,7.632384636275761,-5.390650648081395,11.842548562386481,0
63.333213786467155,24,66,59.53592718654884,7.203431415699954,-7.24268934011882,2.7235551204939226,0
129.77086876958697,264,24,125.90674269689912,7.289544179779973,-3.8829083826328277,10.409370696931612,0
72.14956140832021,14,65,69.98980225874054,2.5670409027516357,-4.178630421638289,2.7914392966321486,0
83.4254472624628,8,68,86.52948556666483,11.648194509308551,7.9859128466427185,16.28385298736667,0
122.50172166603745,100,47,117.11235759789683,11.07222032529829,-10.062851456965339,4.62000662107604,0
185.0,2,82,210.58626072157742,24.580524835154208,61.51356206309387,50.681381236516344,1
74.87697607011718,16,26,80.22987340800857,7.74486698288593,0.6371415191511741,18.002475329055287,0
143.4765216091289,65,33,148.27134382553038,3.929527548340288,1.96582713455757,15.49209321935511,0
126.41363920380451,120,52,121.37107044728327,4.03113517315857,3.6174290529624997,7.60863345550663,0
73.8323559903509,4,53,75.08073113028983,11.562422669667367,0.11478084938069724,9.764435481892724,0
145.63852025396613,61,25,144.26888798079804,13.516434986198247,3.509448437310218,10.082047183599194,0
81.45869643684145,7,14,83.21054751877314,5.467027888450787,0.8198771372656602,7.585862045965408,0
69.02891052801459,6,69,67.34567750618817,11.651825269671694,0.3632893849411192,11.125276946048047,0
74.93662461335157,18,44,66.82850134147137,6.63501976505715,5.558597652589761,13.448538100781649,0
116.72614413191843,110,57,113.01135857568644,12.690168222309822,19.63013136858788,7.839613340519939,0
81.94863921816783,1,23,81.48115812316759,1.6410815748595535,9.873670596966322,8.348884366719007,0
135.37264315857678,275,22,134.72951935691137,6.0667960848313385,-5.67023921785249,18.71868285058064,0
52.702197681949734,4,29,50.716242849382574,6.177293624661332,12.545459436218609,17.23898209228933,0
144.0803394354271,89,17,150.20002115661654,7.270765831762376,6.910973276416052,8.057419888217723,0
69.86667083798918,24,64,64.16938461522646,6.605776616344303,-6.93316720665987,15.729702113012653,0
82.43346735810786,9,35,83.56852002041146,4.907501824318162,5.486285855333072,10.281839821830339,0
81.9416804630132,26,22,77.09389374643209,7.166793833400522,7.479762864200776,8.585480691988764,0
124.99425300735183,90,50,122.1172986106661,3.571308559071805,3.5589993334169847,13.21060501938292,0
60.199909126526464,18,49,61.90729282176186,11.673916193645525,-3.0678241513910938,14.227032783910278,0
70.16683157976696,22,68,64.69798957863942,7.747497210022666,-1.1488129146971935,12.461142275239808,0
117.29646442475263,254,17,112.08390173909469,11.573705585542225,8.566860783299857,14.271586695868915,0
118.2850335141099,270,57,118.21516510296092,5.285835391021719,7.065925816925385,14.412490473001672,0
99.47748103963548,218,26,105.99191189037326,8.224376789557418,-4.976016153823322,13.635846108517711,0
114.497390699349,175,52,112.89346151794093,10.238052013217487,13.281756137710332,1.5988369614650253,0
72.78101201084327,8,29,81.67358919216917,6.7866864425736315,2.018793549446561,12.607522247013502,0
60.11477599647332,4,52,63.31890941694817,7.6756959738093915,18.294380979950805,10.062944666226102,0
84.72305536126625,4,42,88.93382092091557,8.450326591242906,-1.7179918333124329,0.324187818011632,0
67.91000820773402,21,44,60.26286960757058,8.727388915168133,2.590040537851947,2.547535671315533,0
69.76409859867779,21,37,71.32476346377454,3.9587712806085884,-6.387761690792523,13.18942687021943,0
75.75374624448006,13,25,76.0090037781968,10.089699030372625,-3.326529679029234,14.639343827376068,0
105.3185442632654,54,38,109.10348734649216,5.233504027467124,6.956847360845281,16.778189294024756,0
74.63040451345533,16,48,80.70756836409474,14.838250210554087,-5.563914312779264,10.177491037029709,0
61.915861099423296,22,28,71.41068777288136,6.709293993982247,3.399261060275144,9.897989464369779,0
80.82442042541481,25,35,87.40714928852826,8.604998742460328,-3.0784033586429063,22.216012619237006,0
101.15584517524776,207,22,101.14051183954484,13.198892317473302,8.0278072543862,1.4505863339691292,0
92.6097649615911,23,56,90.10218264532604,6.784254064146788,-0.7343519568238408,4.142328373898855,0
80.27738988781802,22,24,78.47000723012447,8.43395417462135,2.4012638115763805,15.1658857068449,0
110.51322909073701,151,39,103.98322956206087,1.247686525429712,3.2114372749396964,6.780639944458237,0
73.43298306279492,9,60,74.64893427618237,7.523635161289357,-2.297663038288434,11.730746557750239,0
110.8124826284639,183,12,115.4262107224522,12.456977365542315,-7.478717348579292,14.765768109395875,0
81.49495655280734,27,60,88.70088438683695,8.81014884033559,11.188996884475314,8.745726693861524,0
144.0,21,81,135.9023374239756,27.896715643840242,9.687140398611977,69.0262615369518,1
53.36443959707193,7,44,57.305026764340866,8.409095924219418,0.04640095292875124,23.185990995662713,0
100.91851525845341,180,52,95.84440624691901,6.37562327418906,3.3833532818180205,3.6000936318710224,0
56.211326112382906,13,64,62.27338395373028,5.372740025260219,-10.269714061407933,13.423322897870559,0
61.75464612957665,16,25,60.744141028228896,6.007662598090433,-6.777248503751859,7.602623604490025,0
85.43159939438533,122,55,83.35902636014497,7.296093472814105,-10.903380402819959,5.09031746894585,0
64.34757037363937,14,27,57.99715570378507,8.277504852841078,15.332394202989873,9.065613267675518,0
64.74315685149428,4,17,64.08533361332101,13.549911898810002,-3.778116177526073,19.079470809463327,0
117.14884129175103,106,64,120.90949603738922,6.885613936736943,-14.207857975695141,5.095266364933153,0
44.0,4,90,41.70460767295691,32.52202943815882,24.53255266824866,37.51289229396676,1
74.72633514319415,17,51,76.43746304031588,7.033452650713982,-3.3403685300367014,4.232663994069425,0
74.02792806618889,1,52,61.92086487462109,12.52771126910399,0.956682741260553,6.464802493785111,0
76.05194466723692,14,68,78.24448318318177,4.123154356362839,-2.786329470674768,4.314890564012089,0
116.5460340736902,253,24,114.48703994910203,9.244627807539485,3.0335860429359327,5.413023557724933,0
88.1828572495761,2,23,85.5588040778913,4.001687675210683,11.429214245031158,26.8831695431364,0
146.989073625285,81,41,142.72039095186042,9.077628201373523,4.454566726199985,8.94814920719477,0
110.66814247756022,284,49,110.56600876632517,9.920512132647936,16.765522639682924,7.70822203627147,0
75.36075605990591,26,41,74.58621268690698,8.036534195474005,-10.155814131647714,3.455043013461667,0
82.61590336913392,18,56,76.44411611298732,5.21963980011117,-13.691861241929766,8.153333703288178,0
59.96966801298675,19,48,62.98104340449714,11.946295058237242,11.45627853677185,0.9771876951398575,0
53.42428554833083,15,58,56.70861586487834,7.257165390675647,-10.993387618972344,9.609150319321033,0
56.308063009915344,23,31,55.103670037048715,5.755412554826875,3.3438770764263706,0.9168221477544698,0
113.68155184169419,141,61,117.0532274470785,9.294165106769952,-6.987745517313097,10.478988030384917,0
55.114948119315,4,42,49.51471100696564,6.70400186548757,3.023066140665874,3.116928508386585,0
105.36977944654525,86,39,108.6779084797263,2.978478687893487,-12.714793804530224,7.03920016714446,0
42.0,4,90,43.70941151297948,23.03842748086391,47.489905576566855,57.79831880992644,1
74.62326704949044,21,65,76.94825082907485,11.742068005059092,4.630662460739401,13.77405186080363,0
73.16830174172183,17,32,66.74034673794169,5.36315899025644,2.3724105714504433,3.545283748373916,0
66.18736158242713,28,29,62.03623828178679,10.39093997765022,-9.770804216733305,14.829762531846143,0
75.05244648054133,2,18,70.5402546747338,13.277066045611164,-7.24586968893841,18.271152591399762,0
89.7754488347765,1,50,85.87137584936194,14.634210727790608,7.24516722643037,10.761598966022788,0
74.80637366782688,23,23,74.9998851416147,10.36414725295121,21.444070973065962,7.8780238964466935,0
60.11043661181762,8,28,54.3497369581167,11.100310672661934,-11.499145840886083,15.414261392578084,0
127.0,57,82,130.27226827386852,25.317379875710493,36.691976392121546,43.260836659990254,1
91.42856438446516,281,36,89.90689368667944,6.2374153430971155,0.9888001576655956,4.003602898719739,0
109.46904656467032,221,51,116.98268496866675,15.4252547168852,0.597865444319975,23.688502341202692,0
72.27313379851438,6,54,67.57113921609262,6.317717279060419,-16.289764022847493,10.237467341258215,0
82.78837751028432,19,37,77.00581649325501,9.277795347938941,1.5268216460767186,14.755999425339569,0
197.0,8,87,218.81703573927223,17.420718719311516,27.959529152611047,27.840753969629187,1
142.0,17,94,132.6333794372807,17.962126657336903,32.68693283488798,44.60959482491594,1
117.2656994035579,71,34,112.7920844063647,12.352542007196407,3.369777915481901,10.143403478494339,0
41.0,3,80,48.63643847759275,19.490631917429077,26.123277845663054,55.360022800100424,1
104.67671707986604,57,56,103.86794014787843,6.840581148306334,-9.27016193540066,12.830564133905204,0
125.62750386486091,192,16,122.34516568323149,8.39316559918221,7.2718242908706365,7.24817236134248,0
69.19715392020571,0,45,80.14746021541552,10.3797421437449,-3.0585547624717138,16.35675128579406,0
107.22822630224692,299,37,114.2757167921724,11.768664033324075,1.1350243410279626,4.255799401920682,0
72.77084824095004,19,23,73.0019677125476,9.569518294967448,6.004099356894952,14.50214494772712,0
78.92499714304586,1,12,79.4390135681455,7.631034627386746,2.5896812144036083,11.87901997115214,0
65.17925201976217,27,29,70.9409952145718,8.392230037736391,-4.328443247424638,11.410034933780304,0
68.25819724009817,24,63,67.480368767489,9.88050097108439,1.4919036317356038,4.049004859522441,0
81.37024458798182,15,48,75.54617573173633,6.359578655896263,3.5635404824381642,3.0241684459717018,0
39.0,11,90,68.13376227497197,19.897206268928564,12.605834118608588,54.070846835367014,1
64.6375128419376,16,25,62.715254052956524,10.24412241580962,2.8877905675282247,8.873564628340334,0
120.20674146946311,271,30,128.23906762686784,10.454204578876208,6.074726641973636,9.39756050682159,0
123.03781324100905,62,65,111.5272229856638,7.542365157088645,11.07280024712083,7.809425363475416,0
74.12819846883053,14,42,72.45847048730371,6.115568782492465,0.7914702962310697,11.691787209679799,0
118.10802359514233,104,52,122.94457976033341,8.680052745483792,-4.492461970645003,7.234550915429338,0
60.757224379194305,19,17,63.9273319505631,7.758667909219972,-14.39388721362165,11.600829689988592,0
133.92076691088258,132,51,135.94072584500134,7.456858552564866,8.167558661256823,15.431441454485835,0
79.26263937595346,18,47,78.25932366039443,4.522453681907845,-9.459486238154334,9.599704700597453,0
72.94176469173642,26,45,76.64343180451881,4.293656503631441,-9.536626116606538,17.965605282550165,0
79.04778966761249,19,18,76.97716909370943,7.821134450950613,-0.5696294421577224,10.25721507299091,0
113.57294867480077,287,67,116.85530542203853,1.3094716979278536,-2.6513221373410083,9.859510019025224,0
66.69988695958614,18,56,63.73138982464985,8.223537155289002,-4.581108155393626,8.382486652875135,0
125.72845905971961,205,31,127.80786584102933,7.190600657303781,6.4384918421201185,2.448539286136765,0
83.34480520084318,1,38,79.28278020589437,4.728802767671462,11.28745903797016,9.507059338578692,0
53.300973170835874,25,35,48.71495977017769,11.183768775536354,-3.4671165334892255,18.765974010327927,0
85.75796264938803,122,35,88.33090760284072,11.613905217727476,6.810834116804079,6.89818138732224,0
100.6546944442274,198,27,101.64643535203707,7.287013116642172,-5.866190268990655,10.891114520167628,0
190.0,18,97,217.22333172142882,22.360040610542967,13.752399344882011,32.487931574633336,1
112.22621041708196,56,47,118.85259086926715,8.337973066251937,6.852707535090804,7.892611263471135,0
119.0,29,75,118.50307465021534,55.870839221156245,12.899258838301371,35.58905050396532,1
85.71984900907114,14,33,88.34166302780524,14.470745791528653,1.3896941947243702,1.1745258250620303,0
131.96579694391406,183,57,125.43306687634862,11.512009817522415,-2.7920821277176318,11.611873482922379,0
73.86252459901266,3,59,76.49332155126766,7.860891345157858,-2.8478567786199527,11.766967526966718,0
126.60719696080825,86,33,129.98813831869998,9.164078594027224,-0.21442229663898826,13.496340680646952,0
117.0,35,99,142.7902284940219,16.55732506887879,36.31455430160358,72.34420405270663,1
80.4153847932533,12,49,83.56027818834843,5.673821339443375,5.015393263462212,11.138697041535982,0
95.0,19,97,99.62415482342567,19.66059118987864,58.43544083701633,39.15405277104243,1
154.0,39,87,171.77939701584302,24.020720947825904,10.630631928982126,44.14855377346939,1
139.17935832076722,98,18,142.44749276070203,6.947345679113003,-10.206369242399713,9.643040658446745,0
63.92408659901704,14,38,62.80672407283234,8.762946879661131,-5.614003537046288,1.4140543331981075,0
70.05405805840364,0,52,76.33259718632779,11.53528087546297,9.084015174869617,4.74070703877563,0
123.59549692091001,144,69,120.14373654563545,9.722414327643751,-4.176855935271838,8.566784768356216,0
116.68211678071152,152,50,115.73745892237055,8.850435426729526,6.193436148345814,7.698928704614752,0
78.64258957840435,1,60,80.17055599646106,5.343411270063699,-2.906035236081832,10.972086105722383,0
114.99797023442775,216,53,116.34616767211942,7.957234969078624,4.8572224920041345,11.158299176992047,0
126.18331040348171,222,33,129.11535545333123,5.229753125028935,-3.8207996109892104,10.240960886299147,0
72.81905412604073,22,26,75.04257393718069,11.653218810933126,1.7006537019821417,10.331535395647178,0
78.36237375378926,21,54,75.80889740501844,4.76438878246401,-7.159498828330922,5.133841123359749,0
114.45621706624294,288,40,108.60612881324838,10.545686103427244,5.108142884755884,8.816156985179703,0
117.2462656576026,116,32,119.08841469977645,13.029729700854935,25.735868694321507,13.680502779204826,0
67.75743127102722,28,65,71.79563417545467,7.250981096575213,-1.293512864200489,11.37446504455486,0
80.5124578172941,0,60,77.26097285335065,8.45614799306894,0.3391598939103266,12.274880845595105,0
81.99823521062427,1,50,78.15954511747736,5.715064283192709,6.223502140642453,9.27834766098453,0
73.49435865083088,5,52,75.639646115579,4.225915617726391,-0.12780040427124553,18.178252525392594,0
113.55062031307666,255,46,116.78207983153517,3.4899800190015444,-14.019366255595205,14.085332683658212,0
152.14863675492157,115,26,157.21133784705353,6.652334750046381,0.8432100619763693,5.210316382638939,0
118.65352669089228,282,25,119.08399854987157,2.619472800932135,2.3841302446712964,7.65859953214912,0
116.67290563890828,126,26,114.24634953664768,6.905666422689415,-0.03947139760707995,9.060885441798597,0
123.57721217045896,225,52,116.432925987738,8.665650526316298,-12.320687800093635,11.261589528652696,0
132.49695492597516,268,65,130.80797361068852,7.709060000316589,-0.3640693869620834,6.281684508252017,0
147.85974301117741,80,42,154.08799083236227,11.907034170186966,-7.111682608300991,16.913195728018298,0
68.32958603917545,19,40,66.45936541720214,8.01765133355112,1.0320220641102698,0.502571581168997,0
63.34928572828872,3,39,71.18826638427109,5.42149988059947,4.201523122701826,4.310964201731826,0
67.69228391319616,16,39,65.94995295638626,10.982008365106541,-0.3381439874783443,9.069258905171754,0
115.57853888661701,259,23,110.64229272645595,5.4661356046968805,-1.4945229637205264,6.7704472058374,0
120.09197175652841,269,30,122.73215177926824,5.694693449289521,0.392757850445372,3.241462339876767,0
123.47192373748159,108,49,125.02057125291664,8.214822986801668,-15.642561566631931,22.291933314138326,0
123.25604370972044,62,32,122.50233586655742,6.999312568388492,-12.454086928937802,15.504804741813146,0
52.82618524622084,21,65,57.78850622161089,10.879783610286937,-4.116711848451535,5.400732255541994,0
40.0,9,90,41.446154224645966,41.00007639789353,50.069042014433705,44.04748713530969,1
69.88111958145454,5,32,66.84638876621474,3.978432532485364,8.430197708504647,8.181527558957836,0
124.0,27,85,116.72308382418687,15.469111640994669,9.646436086980742,23.389632781662808,1
151.17216089091718,289,60,147.75573457482926,9.966455974142313,-6.338389468559867,11.605105812727192,0
107.9187898003293,182,24,107.83619366807709,8.544160285051372,-6.6025685286729505,10.115175552266749,0
82.08815355043896,18,11,79.00290460963771,10.447560530235549,2.023417633705007,12.079613295287954,0
85.91291786396494,21,50,84.84581309222284,8.678294380388115,0.5794765081278661,2.128281458883502,0
127.58901458731127,231,65,126.29501026926668,9.083756850090609,13.373275493188892,15.354411460857344,0
74.94224129013493,19,56,73.77020228855332,7.777618680709868,-1.9371938065914456,8.768451223165965,0
71.84194099102639,21,43,68.56767378848821,10.545218467541922,-7.770950402636332,6.820236334700532,0
74.97480343627166,9,39,78.00882372838487,10.496969244674693,-8.522844339642292,13.005664133906805,0
138.10504858128823,66,65,138.18639156987962,9.587345325691162,12.991547896130147,9.163760476304136,0
87.50249672772166,14,53,87.85100830138077,11.095603947604491,10.766426138902952,13.68626266471599,0
128.0,34,80,154.6558091446317,21.331000007136787,25.82469419408827,22.59423168624832,1
57.584556594968674,19,25,55.02943835425478,7.782960805254417,12.030043504942125,5.394185122226776,0
129.1385824633463,81,54,127.4792581542364,9.142267537243798,12.36538980469329,10.43638734476108,0
113.13070499694965,53,29,108.33476518647008,6.824350911137147,5.980279774763819,11.78348048636028,0
56.32292206174229,25,41,54.250473432379444,9.498233207583809,-2.244613423558474,11.689668603173311,0
82.03038978762463,19,60,80.02799232359044,6.981489075590339,-13.67789659279145,7.214994525780053,0
139.01113425266533,231,13,132.35709921343968,10.374047392380106,-8.530690159371714,15.115251867350715,0
116.96313711252674,177,41,117.26762014811254,8.340552035753744,5.297045396168373,17.93008408072676,0
84.25723201905532,26,33,84.38361708479766,6.939620689141147,-4.289634244321309,19.989223868135724,0
69.71400084659982,24,12,64.74225397355725,10.336939136132004,-19.279105336854464,9.613138043336136,0
84.01069458105084,1,62,82.32996158856828,2.734502360030059,-2.2598216862658034,11.143777901085906,0
69.68518930428905,8,25,70.0231907854513,9.33643752406258,-0.3985466472480196,7.8767833554204465,0
62.94580748826562,22,38,55.34233612168203,6.036103861675254,15.738600973191863,17.35989499881081,0
73.68065414299821,9,51,68.29772286616642,13.393785657567859,-2.0495095726386143,1.3966789232367756,0
102.75876789457953,122,50,95.22641709641832,5.994033916569954,1.5213055558040738,12.266602498757662,0
114.15464932638385,168,66,107.61545918202222,13.309768330553997,2.6727544757470163,13.053029335671162,0
125.83776059121087,98,56,126.65269469627121,9.253806051751535,-5.086384283843131,15.458456007083084,0
54.63036300350019,3,18,53.48277777626244,8.983325509717181,-5.725496331428346,13.233208283665405,0
74.42032064606201,12,15,65.57397023456812,8.688780107847737,1.3952699884887012,13.024569135917844,0
111.60111243730137,295,38,105.80014309272407,7.608755519548665,-1.974586643812458,3.9967813383945234,0
73.42990957184108,10,19,72.17894264847126,4.664340210578372,1.3650299632843783,9.175564411661219,0
110.78376779608182,198,32,109.93809299272199,4.346052466703154,1.1244997792850107,14.687198578372964,0
108.67313402327223,125,41,113.68970058734674,11.796568764255621,-1.5360101620913589,6.99897887707186,0
27.0,14,86,40.32115895932786,21.939837406103347,44.923232617776186,3.961517743281263,1
88.45113992510404,28,28,85.05514253294221,5.185977727904748,-4.175210997497363,12.195291456601517,0
113.97981414715788,262,36,112.32588789618289,7.413287597412378,-4.123889027469389,1.3238808888540952,0
68.42289649874553,25,17,77.03361262802649,4.3745765142451365,-13.049311912630897,4.668672464872605,0
79.07032359610785,0,41,77.37152855787023,8.694822422504275,6.291249695966532,7.202268573552655,0
82.2041710427585,5,16,85.35548700345528,5.36261189603863,-3.6021327354518267,3.3158117266886586,0
94.62447266107509,93,23,91.25274352809359,7.8100903316559895,-0.6287071433148544,15.991842846867298,0
79.6660691116421,19,48,80.59278462847666,11.922166461512681,-3.798205662779725,9.587766473664772,0
68.643787840139,9,65,74.80704251734433,10.333586619195572,8.98851172663091,15.598987835726158,0
112.0,16,98,101.54373292542301,28.279240204523557,66.942419499643,21.29488493958526,1
59.15692268214915,4,25,63.328927832038644,12.20893083438392,-12.726119975489542,11.861762322350295,0
79.40321186182045,28,23,74.98015534364119,9.988837914972175,-0.3301649519741086,6.589814363981602,0
106.14813495982214,299,22,98.47701397151198,6.610180312711226,-4.074539781506335,3.622889753243552,0
121.94525864347914,212,64,123.96693603163217,5.263115110451741,7.004188857428901,13.475699479521802,0
138.0439384392306,64,10,142.42172803641301,10.896816046358328,12.733806818044407,8.495309654525409,0
62.499168266919476,10,67,67.85286747804402,10.070219479942976,-5.678730923634456,10.736125055063463,0
78.33763552323121,4,53,73.48279291901432,12.735399251259935,16.211649048716602,15.585518957635642,0
71.65244125953537,27,68,73.87320136364069,11.358780667686911,-1.2087824400742149,12.663178716511734,0
125.19890148629487,268,38,123.22700434338259,8.618911219160758,-3.333693074329032,3.3223195470447644,0
175.0,0,96,167.07840402591842,44.83031941401873,37.19608630467347,39.95125773186993,1
135.38889097236287,53,60,138.41412340125152,7.682330641467818,-0.799334520168759,16.92271284925478,0
121.9009722845685,150,46,121.23182552616603,2.1467553011191303,5.560600864488365,10.874086749572776,0
119.72965120905926,215,56,118.90264799829161,10.81831705840275,-2.2367862939585197,3.188102400852454,0
61.130039128482636,28,32,56.32536950908762,5.716112291065915,-6.960170539973704,10.201645238657491,0
64.09256773478464,29,16,60.308111564091035,9.429294962262329,3.104812188807483,14.028937647991537,0
101.92494718351459,213,27,102.8919260993233,5.544149961186269,7.357980914623922,10.56959814050385,0
53.37448110221359,28,11,58.776108806715804,7.493496025290355,1.7328222951305114,5.759846185210226,0
147.0,6,75,152.52605400171157,30.776428074089857,38.97441976690229,23.853945142254137,1
135.0,8,97,156.16329768398737,17.650477272282394,53.96785625976407,63.60941386522965,1
30.0,0,81,45.71252489030822,13.064620408660154,18.48700213815722,32.7266466374388,1
130.76387369689576,136,62,138.86654092272514,12.711483905783417,-8.030063132506966,12.551481947911617,0
76.79342792537324,2,19,72.69031040892541,7.5339678608984615,7.016370915897426,12.193646220226906,0
113.42890714828039,101,42,105.51796689390468,12.440549230645594,4.070106648394436,1.8587297614241276,0
88.77285166187951,20,67,93.03082314212311,10.151068685231248,-8.352522368158008,10.395166885097604,0
79.80342811616447,13,34,71.67943816564951,10.734088166524165,0.8460303301718434,16.318533388273345,0
111.17402299358181,193,20,115.56301459724908,2.7138469188781116,-13.834587110368586,10.705379259687577,0
123.22069774755789,196,65,127.56647071004238,6.633381421928387,-7.113926625826594,14.776502791188765,0
91.23967486789883,296,44,90.11686502953641,10.66326975138054,-2.6817023454153395,9.546504193407637,0
140.82135048568918,149,69,149.64571903795172,7.804469699233243,-8.531467800521412,8.077659436502893,0
129.04404230347706,220,48,129.3156080971467,8.450056119079711,-7.935232986615519,16.64383353938997,0
80.46739065039915,13,26,73.16485531164976,5.49567804072201,-5.440118145751064,11.059902981596709,0
113.87370224803024,87,53,110.19894286385335,5.291269978856218,14.143429334716268,14.803700059120176,0
71.26403399942203,5,22,76.50577512557246,9.6846453906087,11.723199485909387,14.656241697435972,0
153.0,24,85,158.07720316905082,20.742629996599497,47.08599594918703,29.07065928979198,1
146.1039665056938,143,42,142.54841243292853,7.185898413611751,8.879818177581333,19.336949508762665,0
72.48008488483005,18,24,75.54584740294855,6.706534800747907,-0.020213286782298143,12.454208127464717,0
124.06382014061163,146,11,124.60183732172638,6.1742245832921645,-0.3729981217173532,11.367972866308389,0
123.76382246655896,186,68,114.91054160824051,11.301285326770593,14.43295273571523,5.848689246399742,0
126.84059382575542,98,32,129.7939203092773,3.925229041632539,-0.7373264865718119,14.83458700537734,0
86.34445169634489,3,55,94.89869497757674,7.415649892656177,-0.5261497884580775,18.469786132201676,0
60.342057419833054,26,51,54.470021853109564,1.88409036779887,-4.225585908460773,19.8008714299569,0
105.0,11,99,110.89530376291438,21.273742344904953,60.08865915226956,46.728372703420696,1
121.58146684423531,58,20,125.56906740186886,9.463708213326148,-3.1598331404533173,11.867700511905143,0
99.44533874973038,154,58,95.98416490808619,9.707752952588052,8.86387991520369,2.092115420834154,0
110.33577273827176,144,27,109.67294435154727,6.882293472870652,-11.532158615710625,7.380500858280366,0
127.7229176990274,161,51,134.70524620130607,1.7685210220975165,6.3780183883202675,2.304725392147658,0
120.26486167769978,82,22,116.18481585165969,6.102545375668946,-8.561443981924016,16.772299421659707,0
35.0,10,80,34.126801612567206,54.80776895383896,0.0924779459951992,36.40211797067301,1
46.90006521460097,24,68,43.942903910572014,5.247921454739479,0.4691364254003213,7.315385125401342,0
107.69537009038731,200,38,111.35590551945766,13.122143314263344,-12.661277375794759,7.737485761544745,0
72.94124267789276,19,18,64.99650626331221,12.440326375863847,-3.3039330727179497,13.925626103378134,0
71.32009775695165,17,58,62.81858984594845,12.766295669689459,-10.104605204207369,7.109181884690685,0
68.74088687299806,13,39,68.68846198871803,5.308860708064235,-5.3843747610160975,9.866816777774183,0
154.76899394464849,62,40,164.04340184531287,3.6539184000051472,14.393028068190851,11.00321793436008,0
86.76693430745985,15,47,86.97210560772056,7.387928779753469,-9.892843194623357,11.099076574703059,0
132.29609575887142,236,54,131.31873254094154,13.134205267352403,19.786128662102488,11.451304027017747,0
37.0,5,94,29.78050453153013,12.823133935111311,43.3194300705521,20.67708320792994,1
72.86859163161803,15,56,66.93510604317837,12.592197177613984,-0.7750866369205973,2.952443412634028,0
65.71539398539934,29,33,64.9297113971475,6.124745549724973,-2.0561217923295763,10.622585774024387,0
75.60921875498049,19,17,70.95998263342312,9.294971466832077,15.559111205729018,13.010893643695512,0
88.72197702816072,25,65,89.41466376718158,4.111347264071158,4.633326386099632,15.61355912629373,0
64.60125723536612,11,16,70.28428109388892,6.629098029267725,-0.9039342549446922,3.875324749055239,0
170.0,11,86,169.02034225447318,29.964679484582888,68.05568713545104,41.76223500829914,1
96.70444605731325,156,32,91.08080786021354,8.822638454652967,7.264387684049483,7.372879803604443,0
116.42256362710663,83,21,121.64210066642808,5.259383163154019,2.925420528876823,15.418987881221483,0
74.29074688205702,24,25,79.66233694563483,11.75926675190623,3.1333649249221733,17.793990347489444,0
148.57019823122457,143,61,148.53789026082936,2.771909894633108,7.2537254708070655,5.94365633259502,0
65.50701097184248,26,18,69.72992263199977,10.828073094071483,-3.5658480793069933,4.991942380324011,0
106.13651977021209,191,31,106.13617049644144,11.36502895794311,-2.9766220856089145,7.631801247936554,0
75.38703859940371,11,13,68.7311546124756,9.835766669246132,-1.496001397054379,10.744981609841858,0
135.22134936004804,206,15,133.17260582737032,11.05291077636102,7.838137735530911,16.624142109950462,0
92.07197488768173,26,37,85.67602531963446,10.920087142745265,-8.322159787672934,8.049630580916812,0
130.60649831234048,70,35,129.726509298477,6.759233858672951,0.5172325771129844,14.487656398409412,0
72.11286223160319,2,60,72.27160601972216,8.757108071929053,12.088510354261041,12.555553695360484,0
83.08776660307232,10,56,85.33982640271965,6.411175401291324,-5.979393967923489,12.802073161043527,0
61.00352705950738,16,54,60.46355380868804,9.212638595831997,5.726981957527676,11.135172394324444,0
121.30586331320887,102,20,114.65039081898345,4.9259738118415575,-7.297774676769,19.700047046204674,0
56.35416973886458,12,59,52.15113260151636,10.249849911953737,-1.1620103540399085,8.397202087369072,0
110.71811845656313,261,63,111.45583048871931,10.508518779402937,-7.800530913641726,9.757135025139593,0
70.5177712240823,2,22,61.798530640917804,8.357055218161925,-12.202552721867646,4.330922024565584,0
45.58044741456532,13,13,49.850860529266114,4.191202065929626,-5.115510245372067,22.656236166315583,0
69.97031656852114,0,30,66.11308077558036,7.0107906497321135,-0.11248496160563663,16.34563981739605,0
95.89093194291416,160,59,89.99506584923262,8.030201025567742,13.58766961900452,12.93226565166805,0
87.01763454010947,5,20,83.63554521526648,9.478326663102543,-8.868693364066422,8.314733062871973,0
60.35425284898092,26,61,56.48457271193292,13.166516120197645,2.7240059521366327,1.0088480813908998,0
138.9565740291233,227,40,138.6177933979857,11.916139142261855,-4.225538796872087,13.09234683731875,0
71.38924328647624,27,47,72.3915414435449,9.826716068763895,2.096534472693804,0.25219141122816424,0
61.8326890853118,4,63,64.77114841957592,5.325201874393974,1.7175779976309837,15.125436542868318,0
83.3482390599375,13,67,80.20512497712272,8.505453714995772,-5.944245008094094,1.8744486865435057,0
84.1298392854937,18,52,83.87127372895347,5.381716787634385,1.3196550032721974,15.660484404173445,0
82.08752071684044,0,35,85.07582572323042,12.382710278433603,-8.639458255174715,7.7675820720278645,0
112.0,4,95,107.8781774901613,13.711265380077739,60.272850821641946,32.22054754813158,1
122.98044276572105,113,48,121.96702075653549,5.780849547492319,6.92762147133316,8.587119506067712,0
67.55105653451153,22,26,63.03425174677308,13.778622688197732,-8.382576433021537,5.9274789461919495,0
74.309316001412,7,63,67.93966586575932,8.695040548364458,-11.691368287778113,13.410140288153983,0
117.45227061861219,225,13,121.32304440714142,7.84914702355345,0.43648953380926114,13.316143909862502,0
67.79604877638373,25,52,74.60913390945056,11.16399973630629,3.488655641017999,26.302455403457117,0
77.44231586922697,29,28,71.70025755401993,11.135343959697185,17.2742538237536,2.4042183581266494,0
96.27967160804914,271,69,92.14476861013102,8.482682612597186,-7.03971481617928,12.558654821349538,0
107.03413393628729,134,34,106.32949436489919,3.1836047308428608,-3.5120476069698285,18.38731465156303,0
70.75546580867145,10,12,65.34214330082776,6.565204893027452,7.019588176605342,8.748588334404001,0
78.58548553730445,12,64,84.55695838840475,9.092510189427232,-7.993495223693265,3.7350012141580313,0
169.0,0,98,176.4755121259632,31.842362013060857,37.109381232191474,43.09140443203461,1
85.45364330154848,17,39,84.57858985601472,6.278629886716441,-9.821683144677392,21.792696400661924,0
107.83492140804168,104,56,111.55649461985513,7.9793572009983995,6.569982354213817,6.798651473317577,0
79.68720114202648,23,48,83.00108939276267,1.5242468144004295,-2.5387876435569634,7.431432691437205,0
158.4991663588265,227,66,162.82503628062884,8.789931413395031,-0.44377962085354716,13.17074211885472,0
122.13075599026884,282,68,119.95302608425567,5.328032582843816,-0.2997814966404313,2.760201324939981,0
132.0,29,82,124.4405115877773,26.087165216674595,33.69272157380734,62.98407170142681,1
116.18285885031987,280,52,110.86608635116828,11.064874293199845,-8.447918495414747,4.749726050884069,0
73.25132990769677,14,69,68.65553661532675,7.454740479422632,-12.041023022744456,4.594510760314052,0
127.55635970124305,174,69,130.32511834478697,0.5095100263372281,0.08158145605693125,1.0177063941499735,0
106.95505378087958,285,53,112.58222770295343,12.643999261772056,-6.09126034627844,10.961464890709479,0
122.86184905030181,211,54,114.78390555796143,4.09963733812991,-1.581127911508439,6.335083283703136,0
75.4109192668995,7,55,81.71805158054046,3.7244870625988673,-1.4429539460684162,10.251188442630523,0
65.17965616800686,8,30,59.307206755541166,4.339047868352674,-5.749455403546238,16.550365472189263,0
80.49102110743144,18,52,72.90165237402739,6.928912397580172,7.1230653081582895,12.87602508053283,0
113.10353076254286,187,28,115.8204849019019,7.448392100550138,1.5058661816090715,11.945849051117241,0
82.12890574037372,0,28,79.39303271965488,7.587029364581968,13.616863472813122,9.244013071514392,0
94.66138615525949,59,47,90.31454490410319,10.86725699273062,-1.3401601066396287,9.045971968287285,0
69.13060014667734,19,36,67.66731219005013,7.259671702367437,8.687652216751466,8.673518395047555,0
70.45281320374635,23,60,76.09629728973344,13.225848721614359,2.4624438761642438,9.964302165054336,0
135.05247680329296,159,63,131.91289419030255,5.421979148902068,9.139081151793006,9.95456712636872,0
112.11442792047026,223,46,111.63676338509258,6.982560092207338,-12.910753856874017,9.770928785447017,0
135.92279679384643,286,50,140.89436370238704,4.419513241732544,-4.25087905261493,18.445465655386947,0
141.79815107990532,290,67,144.60104478404654,7.09257842482259,7.66010609537438,12.530746280886286,0
122.1723578219907,219,63,120.63664527580099,8.323411872585858,9.034701433492131,13.235033249556533,0
78.79706796632087,2,46,79.1610986106339,8.273282029741189,2.692140531613623,8.248170777920976,0
58.0426449393119,23,67,59.26758351517445,9.218847157467033,-1.0045874512436113,8.756695213770474,0
53.24323227793483,7,33,46.40932158350334,10.791753202313306,5.422139277386732,13.492201296054809,0
69.82841192863144,8,68,68.11238229441625,1.7426226832849885,7.789809846818942,11.493988901608809,0
59.39506223280728,0,44,60.20862850676627,8.877916658688969,2.1271363437063484,10.695556602600488,0
68.98612083360541,26,56,71.50011681766094,6.2388172447872865,-2.776512425495545,11.002078317169282,0
128.34657329040158,100,11,127.43447263657595,7.197469229700389,4.257292521958534,0.9863082313964036,0
72.15123261584553,12,36,73.83284746245194,7.707155363304638,-12.124211691084716,9.761459216620517,0
50.44389138741598,29,61,48.24576755474407,4.284517942957079,2.481665089961304,9.380923287021984,0
72.0246582948752,24,33,66.25018811404584,4.150784030808835,-3.3621461928868435,20.3102557650343,0
123.44645830778559,288,47,125.55170656361014,11.767424931456723,5.1245020245881925,8.315491186370203,0
140.08016961349583,192,54,138.55191913805044,4.437781535438955,-9.44770894277616,0.8094621747058,0
73.12913599739326,25,12,82.42117132008667,6.49050944286093,-8.10884673883575,6.852028840681012,0
68.3046915374364,21,25,68.09664924878109,12.030470624552187,-14.498676670165777,21.294135609540945,0
60.80598489002627,12,21,58.279045306841134,10.093350170136722,-12.760925778940203,14.493823343698319,0
65.79459124554339,21,25,62.04440035732778,10.668691025171471,0.8553137021595102,9.315740357350696,0
77.31665595938595,11,31,79.59965520287847,9.317450401101253,6.665435450161454,16.413974844194904,0
79.94402963968871,2,39,83.0388256745911,9.404455939052761,2.057902005412178,11.396579208862523,0
85.56046346631442,9,43,86.8696400691721,8.11545658502278,-4.899150277770515,10.615968306823987,0
117.0,6,95,139.31934495232673,28.2728185451848,30.404106190056694,49.397277456734074,1
64.09197033610553,1,51,69.77512173798372,10.727477045475801,-2.1480591559966764,15.821043945282053,0
36.0,6,77,49.40722656326924,18.838163944465588,30.970162001732547,58.93902175131765,1
113.52418976865872,61,19,111.22969432970433,7.879385796390864,-4.015935681449637,15.532308854060357,0
66.16888522913557,24,55,70.8526515467877,7.242939554027329,4.669691358591599,13.702106070238758,0
138.23205813119682,136,42,132.11371177089296,5.0429893357993105,3.5107332071362336,16.094660658033582,0
59.46097240875916,6,66,64.501660405807,7.347411848499353,-8.027776709144497,18.370097137186185,0
81.64140949197338,13,45,79.40601940721939,9.465764292589284,11.788740742719066,5.208106637692444,0
81.5586060652498,3,16,77.50980335725015,5.583794989803257,0.16217513697830452,2.3388910637984424,0
119.1196113050574,74,35,118.60507798960408,9.550987428922664,-6.936345820170778,6.630878095125764,0
76.80815773189126,16,51,79.11806628636869,12.353927138900897,6.44720754488627,10.44939560201074,0
182.0,18,80,171.6166787694174,27.797859158726354,20.16133481771736,16.689197414196993,1
85.97918914591764,22,28,92.54283100161038,9.607866027330427,-1.7462478891855897,7.439105072468356,0
92.59845001737402,27,40,95.39206920209645,7.530567871630525,2.7434110185707405,16.217345641729818,0
96.03191798257744,236,44,92.88179308490797,10.195866507529537,-1.5753744639751164,7.677094609421909,0
64.9554654962341,21,51,62.64813690536318,8.199971835525872,-1.4102852954060696,16.00446385974764,0
111.03498475117715,155,41,112.88604420088585,9.752942499305929,-0.8038057645736412,9.713046484992288,0
117.0480835690569,248,14,108.3812667536284,7.77738427690803,12.661963664932554,10.341397013154296,0
74.36303323736416,28,22,76.02668569281684,10.238949567677379,6.132030136044631,13.92085086862238,0
139.32870858164424,107,31,144.4211910902682,2.006023765309447,-3.9196821518389564,15.188009028403759,0
32.0,6,75,33.6012323378226,23.805904212836726,27.535807344960872,31.33829336977659,1
102.51489734322446,179,26,101.22519882396581,14.026200268688308,-3.8515367221193957,5.44116632085075,0
60.635500613392956,28,53,63.75016196245278,13.430982772168086,5.2714828388294706,15.42413870078054,0
114.91340890934869,176,57,117.37656928710855,3.4028588030902283,3.501067440583811,3.620969036172407,0
133.59460106492466,238,67,137.60036087472918,11.031639278204356,-0.6918293682971586,13.361936448098175,0
43.0,8,99,50.48043736325379,29.785655487075807,49.91850774109957,35.80100973088413,1
111.29467495720903,85,37,121.03131739173044,10.175480400210207,-14.480344980224146,11.968831211520206,0
135.0,0,75,145.41936491673044,14.541643977930649,27.362342662686984,35.76829226922634,1
83.55948936528601,23,19,77.85174402816396,8.569014631968008,-13.033545493574438,3.2500944148914455,0
66.9282496459719,22,24,76.0251723487186,8.053950207549727,-10.629117187104741,14.165888205697197,0
127.0,25,97,157.76609752455528,36.625549078022594,45.33981579229513,65.22312870120284,1
76.47643640197124,10,26,66.56541197491917,9.98703895925986,17.027742148012802,3.0026796371451177,0
118.76758671215025,108,62,114.36859954761084,3.6217332245505585,-16.10097533215816,10.497259484563303,0
60.71557108886998,23,23,71.28726734549163,8.388712637986492,1.2412138078568076,11.317412553134801,0
141.72893661812327,150,57,147.95183789510452,8.816802153217992,-2.81365725104232,9.069545108587803,0
114.07980437009245,288,37,116.35502984130356,13.467178497654192,8.692244463190574,12.615800167010812,0
161.0,19,80,168.29608928801966,43.35086726520403,16.037013485241495,31.973407615709988,1
100.66293383591693,207,26,99.01869624382994,7.131751526241261,1.2334890431171623,16.227507252402976,0
80.21201149751823,27,47,82.98634769859068,13.15460489425603,-10.525158142563864,9.299984506342641,0
131.13126687624896,294,55,129.67447418374647,7.938452500598924,-9.232802601065622,2.6028157015277467,0
84.7212751490847,11,67,88.73102123304658,10.240077030941004,2.3716931303971887,6.733757396003035,0
72.74251958148503,24,68,68.1528642551891,13.110411549961107,-17.221860965957614,9.595518936279657,0
62.90946161666179,12,30,66.3823529385197,7.449871126061236,2.8461324089610653,5.719420812952098,0
109.52952743038554,259,18,112.63413521483136,11.329317144076843,-5.914069795872328,11.660248545491847,0
88.66279243530494,16,58,94.3874869439192,3.750904339870509,0.11310248201115555,3.0476097792963808,0
140.82130334184566,273,31,151.65810523556166,11.301985542649998,-17.095185034897135,11.612802479987764,0
77.97462857881352,22,59,82.35103571198941,7.421253886725852,-3.2896544845665274,3.3894102927812995,0
80.9295387010877,28,40,90.07763970966813,7.1591926866093,-14.607873933021041,3.4292707277239174,0
67.52086004390841,22,67,55.3111375784732,9.671019095422144,10.927195952515024,13.006356661462881,0
87.6301789285946,28,22,95.12861782732644,8.531339960459842,-1.6935492948841908,12.648419609131201,0
71.83577103927247,29,38,77.7777374065129,8.45410842371113,6.902375886323912,12.72333722159195,0
73.32899986525423,9,15,76.26986609998065,8.306626999223925,7.251494943456408,19.68781360195452,0
76.24866274443787,0,30,74.45586473678433,6.630093510347406,12.068630777937058,11.775090854473191,0
70.07415895546806,28,61,73.07053793157435,6.734646292015201,-9.024703199866297,12.789531487696319,0
139.24070937255328,129,11,139.61990438679308,9.978615576774265,-2.313345961847739,10.464870785455021,0
108.34821701375233,285,11,102.91457425438398,7.425950754931084,7.89645745616564,9.075978372485972,0
144.28602721662122,134,30,135.6288700721349,6.657972616827904,-7.420514822899669,15.346397287862207,0
57.90840320281199,5,29,57.43157849389297,7.447093889671735,3.296887555794744,6.846772606593937,0
75.06660640118989,17,26,69.90437345230934,1.1456700927603585,1.81387041480962,19.424848562076583,0
88.21108557787716,9,52,85.62341732333604,6.203226810321993,4.443014534455265,6.885647517883582,0
128.47883585259623,299,45,128.80263259144223,13.602721386105069,5.008999570840268,14.478085380741348,0
71.91685787532002,21,20,69.97747868367209,3.2287563897175353,0.4758795199773033,9.758231723814976,0
124.28970249282426,75,60,133.20526666969954,6.70762283623215,3.956532817139877,13.202910034745758,0
158.0,2,98,174.33225730069788,34.318912930010725,3.3799552441474248,74.64689473098443,1
124.49971804143865,51,34,136.61306241913377,11.147868254895531,-4.405382727710134,12.172219034110238,0
125.07891649673793,259,58,126.0471930798954,7.370473669972844,0.12726095859113049,10.122677933753806,0
34.0,14,91,41.110827389054165,22.878805032226964,49.685184628487775,26.293141195969607,1
73.99379920654007,11,25,69.76565676659305,6.280412577593342,9.252224687840753,9.181862729579903,0
76.86338993771768,5,61,73.75808207427605,2.972549569226799,19.09997058299417,13.463137545727232,0
109.05190531863798,172,47,113.0430466669098,10.911635621260238,-1.9092154529624623,9.260619670279523,0
74.440060631428,21,35,71.8810805631681,5.573308186367477,-3.2634545003562705,3.880423975806435,0
66.99002793174883,27,18,57.90071261301536,13.191262470086782,12.691549444570404,6.977976606118162,0
77.41817745887023,25,30,83.22773203401907,6.066053695657519,-10.07364584098634,9.63329008375618,0
110.76900487162771,81,28,111.0655686987246,10.223360038649787,5.081016750006142,11.551642379808733,0
119.84075968676228,295,62,117.01352902722516,1.4691470831181643,10.665943909646506,5.859022621553358,0
76.51360719036359,18,30,83.16965835568978,9.348399339490596,-0.37368288606803163,6.867655639736082,0
81.4691847373531,7,68,79.92753363759961,7.9729343582798755,2.6734954583912396,6.736374434361911,0
101.13444013330711,207,26,107.06615631172066,8.47129595193149,0.5494456772043069,7.280449732433712,0
61.50230830722799,24,19,56.45913265546605,7.906673639658222,-0.5317578509707389,4.190986371514628,0
116.38510209217206,241,52,116.6527160816673,8.728812063277122,8.444295789195355,10.05172007917881,0
73.12104946824518,21,63,81.84424533453858,5.8712604357524825,-10.068039285402676,8.914914747878148,0
124.87382611542047,249,38,121.27437097180677,7.6933796871457485,1.8594055967789545,9.755021494171546,0
130.55693825626227,219,42,128.71762178777985,3.5139511214088355,-2.0212577256780375,12.171336345718764,0
111.18351142543261,233,16,105.59320928552347,11.490577578878979,-0.645030467598481,13.998058130281219,0
74.48258541761683,20,64,74.69607178990906,10.060482486358516,-3.1866161030530247,2.4619482579153367,0
72.1300476398331,19,32,64.25640077312264,4.644347121374434,5.747837909445164,8.47090268336851,0
62.29247712436898,3,48,69.35471413232608,15.28743296603646,10.402505537084739,7.201340439299466,0
183.0,7,86,155.6125839968363,20.786320497091012,43.60979911924335,58.356109388983995,1
114.0,6,82,119.46166244566798,30.41436548444626,22.37685730156445,9.913410457690944,1
84.14944106854969,24,43,84.6782929861703,4.455935106251464,-1.5780051228184,2.6132539557256154,0
97.94293959443546,81,68,100.5631467812865,5.186391190515083,15.093772474060426,2.497027064456237,0
140.52173127074568,152,26,146.23148432179622,7.747474023976631,-0.8534590759441797,3.851799551145719,0
122.78572581746245,126,29,124.47106252122535,6.515347295176688,2.85725999057183,15.64854470108035,0
134.0,90,84,155.59237331567346,23.591399815343603,26.904340947325224,22.615996529744805,1
145.886581475745,198,13,147.68277691061803,11.074601985549837,-0.6477804760397264,11.533259637923813,0
66.07796218147683,12,32,70.33105233183664,6.285606771302897,-9.137121785183217,11.218293735261648,0
75.57451586414102,7,18,75.08262481791597,6.744514568671332,2.5418878847917608,3.536701648723054,0
139.73206568055,215,32,140.28869817308154,11.55324638397222,3.062409586410803,9.885906196348259,0
72.28872480174468,27,16,79.93958507784728,12.30703131139939,0.9804412556061721,7.421829829598364,0
77.47412792064131,12,12,94.21516384833619,7.210698845448898,-0.9839830154137276,12.914398647388538,0
86.37273296752753,2,56,77.2111254911849,4.994518946686496,6.670975931437372,7.208983983652018,0
73.66859389892676,21,62,70.00632451907016,5.078929461674474,12.21046069520396,10.986621211169318,0
79.02736671609425,27,44,80.11016945178571,7.137247557223709,-1.6540352274341699,9.311070694038598,0
131.3484701236971,258,68,125.37585542486693,8.857409860384198,-6.761231667409271,12.766944915372134,0
131.66111029146768,59,28,126.91652768734349,13.242089593746675,7.457532514083078,8.81722356390527,0
85.26474378566374,19,46,78.39097061098677,10.942322076862393,5.718473488441997,6.799112064908174,0
126.43469169081006,171,11,123.9687565113004,7.247398357528581,6.3568327328035945,12.710627675772383,0
121.30795572414995,104,39,120.04907920333544,8.648204276760657,-8.260659503950883,15.346422750836753,0
123.23472227214988,239,21,124.2002954406,10.08481875929187,3.2379504299636954,10.444165494503888,0
93.5975827765999,276,15,88.78025912507644,2.5370076418543244,0.3797960350106265,1.1012851291937853,0
66.5491277000441,8,65,75.63290584791962,9.131101513484039,-7.568238610807689,12.33222900419903,0
131.3688277488543,134,49,130.49100802135823,10.00596441427372,0.7845403163115564,16.47935890931507,0
78.77874186375337,25,60,79.14416068770755,10.034915762163976,2.7223392790248213,19.404068551379083,0
73.63427411235517,23,46,80.93728145110248,12.428570835618938,1.6408805502143997,15.218935256217648,0
77.59458668767058,12,47,68.31466294935481,11.27528409230436,-15.088184054946641,19.30730112339632,0
117.79739501965277,246,26,124.1301067427051,5.817715021655218,8.537126557531323,6.720779313095296,0
81.41256396668919,20,15,78.46684623926724,10.790217377906693,-13.683538801025279,9.511288796032504,0
83.45777257265148,2,27,93.50172950793763,7.167103845774387,7.240199518297233,7.61074457077609,0
66.6669526657213,22,34,67.79544335477891,9.921191554735033,1.1917755946176791,4.532214270558821,0
116.735221638224,55,29,113.96882877388366,4.30292748703597,-4.886119257058336,14.08618309498944,0
121.01602835951249,299,44,123.29846971194291,8.531948436420246,1.378769816837525,13.58813408908826,0
108.32262652322477,179,69,113.7190149869574,1.8851587849416376,-0.5028973028216787,14.48785980094873,0
126.38207087370141,192,60,127.6023994261671,7.743314474798424,-0.6371358256462819,11.150831017896966,0
126.91195865423951,257,38,119.30028706283079,9.545112258293734,-5.189873311986203,12.201741751919597,0
129.27995906220974,140,44,127.69209306809105,5.973615665432666,3.756473354823419,4.96719504456049,0
124.72616069588096,214,13,119.38313454456787,3.908644911472347,9.23589642740272,7.89850327086193,0
88.30901275632326,13,23,80.87760410164937,10.60735171094999,1.3145023824043867,8.690348175816263,0
60.756925936786466,13,68,73.355466323668,7.887413104623071,-6.843613694151204,13.08864121050498,0
67.13418753645263,24,17,66.6312220095616,6.3730427429453975,-19.72395194650411,1.3304380151151278,0
138.11664737663392,238,36,138.40076768738044,8.499759497467577,5.004983162796862,6.218591244687781,0
82.86571904930523,26,67,90.86636454650755,5.935315215083211,0.6447665922379993,5.7310680998597965,0
66.8203270078349,21,45,57.891620598103586,12.263537290391348,-11.85481842487215,13.945086259060819,0
79.10278539176078,23,45,78.8952524214103,7.193907730901522,-12.695482113161113,13.238433592554015,0
134.40565723107235,151,18,134.19992140741675,3.5476226685188283,-14.165815662342343,1.479735414011163,0
104.23214560550727,96,13,106.41580838333145,9.203621490448986,1.9580026134781903,7.91557359973743,0
69.03692597214898,12,49,69.48561077290857,9.789007185331007,7.650528315664386,17.398213479710776,0
73.84366663809108,11,23,67.44704878868134,7.7783652460501855,-12.924549466060338,19.748298761757006,0
104.28380572425935,89,49,98.71130270759677,8.732390122501794,-2.157513130445145,1.810270472228762,0
62.38335272184074,7,26,58.33949337414549,9.27623171586925,10.418125063535783,3.5112168950525238,0
132.43255327803058,196,60,129.89936406517617,8.967185285380818,-0.05374132830642893,11.168921481682794,0
118.4026817522918,67,63,116.13371932647138,5.9232490122023105,-15.751385139328665,10.517190646540532,0
111.67079254642006,161,42,120.31061172332889,6.591960600719867,-10.286912138237719,7.472551222777444,0
66.84384688404529,26,29,66.05467994344245,4.924900777553725,0.19503277933584076,6.867605558163337,0
137.97714804149095,168,24,142.46958523496244,12.657647195440392,-6.440087930517737,5.434192218366707,0
82.84116545904907,21,69,86.83273164355475,7.291887285339376,-0.17220916551053134,7.9663430924241005,0
81.76928902813475,17,25,82.61821461040853,9.085144711701437,14.901225550090595,10.75696125398926,0
68.83308127713475,27,37,66.3861597002338,6.993105761901978,0.5192169449402577,4.236611183431166,0
69.79764085401948,28,11,71.42744025243164,14.363027660809667,3.1400312761637985,9.106145308425035,0
72.3467592480477,25,56,78.53900728595704,6.282075692789942,-13.879259813210927,6.1780615107225785,0
67.39812951102121,9,50,69.70024085094316,11.646520415069238,-8.430326378740363,7.1687121553696525,0
118.0,23,86,140.55631330478576,25.72338224582501,50.06451336253735,36.63903276401657,1
137.65045489751537,110,24,144.29297494173727,4.890991133192816,-8.414003440738002,1.3186430464821193,0
63.91387501118213,5,68,63.826342765240746,4.659625975354216,12.177174068384378,15.152938704921437,0
62.57702161049381,24,37,57.28924208314001,9.842650746451486,1.8738832864844814,7.840335153294879,0
165.0,11,79,174.60830214197748,25.034594547755823,52.69637777462033,17.099777445395887,1
80.28010406163472,22,24,83.78779635342671,5.369908743142121,5.2836796188124024,8.07253379543821,0
147.0,34,93,147.1991374787001,21.643232620962486,13.80344619872728,45.18517896180249,1
72.56743870491132,21,57,65.01952797646736,11.918255761496203,-5.780395440664335,12.760042015014271,0
127.51858298578487,67,28,126.4512851817177,4.11762853423327,-0.22874314350935226,7.083388344666931,0
99.29477469399093,227,32,97.21970568500808,7.754042213435534,-1.0854354832672994,9.587535510263399,0
153.70458612714307,111,68,147.1482498789201,11.390682663526347,-4.553558986623931,15.81616433131753,0
127.65971112106003,55,11,126.52627897755418,2.810282907719621,1.716228555978011,7.7943740040194625,0
91.62822634045459,17,55,89.70292503115705,11.64546502661526,5.936676708190389,14.699240517648438,0
85.64335187744172,6,64,81.45758914681555,5.773430656928106,-6.0461456198946655,10.435494731058577,0
134.65683462744755,82,56,132.71732505988177,11.66257496194323,10.67899538177016,6.758596120738986,0
116.74637815345447,246,51,120.96767186174517,6.600766916647737,19.100653031539984,10.532159157736729,0
70.31740865512458,7,15,71.97564699075339,4.858527293929207,13.688230473526302,12.619802560383674,0
146.01963309345103,58,11,148.74804669877017,2.4977782974012053,25.547894419169836,18.09260472982691,0
141.3707824547557,102,10,138.33762831814502,7.925844330130181,-1.0381777951876705,9.876445674655379,0
80.4375447170737,4,62,77.35402240485347,10.582276849271723,-3.6005402745126016,7.944030201538036,0
109.20891940334384,195,58,110.1827967627984,6.1026157777236225,-14.143891500798233,14.372690047167524,0
80.7017817474677,4,69,78.1026556366,8.56532024126227,-12.06460703840808,6.29030273121762,0
70.22340180870113,2,44,65.8432852864168,6.922103826442909,10.200957986380809,1.9546449578125333,0
137.40441194880066,160,69,140.5104734436732,6.278887190331125,-5.655358287247696,16.359543903690785,0
117.82643131377853,214,32,116.01084800800069,1.9776294177649705,-3.1067755064092673,8.471904444658435,0
65.41231174218643,1,18,63.65144682418848,8.727561276837559,1.4387633498244727,8.325738638119434,0
72.91168146666439,16,22,76.85270217065032,10.328685514172317,-3.871467559609864,16.185904001445046,0
103.82022011323374,91,41,107.98649827622751,5.301656071220977,-11.543108592461548,5.042788578019216,0
150.1270951647255,117,66,147.25408587380852,6.992664146778734,-2.5368226605917257,5.9828286291437145,0
88.10820309392503,3,27,90.7480052290574,9.476423101809987,-12.21962100667529,10.902462527497738,0
83.15902053365362,5,62,79.912692643274,8.265220658875542,11.820240648442095,4.291554429332475,0
118.49775914326008,145,67,116.14669325060144,16.119854879996787,9.821643063406341,15.872249664941036,0
79.40510701266987,13,63,78.74710414380435,10.635028100866284,0.8816039101183455,5.261234519995641,0
79.03603868078736,18,27,70.23752568753504,3.850951983824947,-5.135941247609157,10.788883016733054,0
63.21098568531868,22,12,66.54562399210552,10.853876490807753,-13.959581493342665,18.200736130127872,0
71.92645346351185,27,10,72.93611446884162,6.980464874466904,-7.0759425492855925,15.80174090483487,0
79.93349323686058,16,45,82.02635766681635,9.078607830553606,-20.83477548171764,7.37270792896553,0
66.55388048416681,12,27,67.24424381363077,6.463930615014482,1.6668213772889284,3.1412508472936107,0
145.99343828134874,132,25,143.8071268245501,9.656297945020498,0.4278262830218878,15.068401745804605,0
65.78078137620358,14,54,63.40974541908242,15.82197979000268,-8.92303488324882,10.292904942301618,0
82.11097005586991,24,15,87.28662437378922,6.6801039375932545,-3.0824545742426768,6.922977493925536,0
58.94126700489898,2,14,57.585470343606595,5.914066233304775,-0.40977953443948095,7.64997197552872,0
57.91550859397955,29,51,52.0111788949755,12.155712138824416,-0.3694337012741472,8.183682304316413,0
107.40262128821749,125,37,99.28283524441228,8.484689040319967,-4.78694248184175,18.20523314864479,0
117.23429476621676,192,26,116.39814004653924,6.289680911314486,0.8428171651680122,5.3366403652409,0
126.03586753542308,212,68,125.43327566352711,13.679108436210562,-13.640070181907674,15.888239922464965,0
83.2389886689134,27,21,85.48452912236533,8.959017837728155,-1.957000664330202,5.79113546160562,0
73.90323327264568,0,53,75.29104093719559,6.771443229866959,-7.604271224965458,15.110490273729749,0
134.26605527608362,298,46,137.51797373306283,4.658573344957417,4.323654438313414,4.752267702590963,0
60.96115329812815,12,14,58.564285441481026,14.821534567622333,8.953223636136281,15.593920704114886,0
66.76948721952604,20,54,58.68806519908569,1.482269056547116,-0.6602831145668709,9.663510608282202,0
75.50848976307051,6,45,70.12815866930566,4.30359822002602,11.784321058674422,12.574687296996022,0
67.78897227838168,23,25,64.10266389642187,14.833066778092793,14.552617521566441,12.337874562410786,0
37.0,12,85,54.665741909038154,27.277152275260015,33.686518484771156,52.47126083717603,1
139.39121447466493,189,58,133.26708902430997,10.831141631677772,8.105541391577177,13.78957589073792,0
82.94493352525443,9,34,82.33530680000932,2.7338022004141482,-5.456800355058541,17.875014361481945,0
104.60769724619549,144,41,100.87016193387456,4.766395721191067,-4.577769266194359,0.352917369950033,0
56.96919698240182,24,68,55.04934062264006,8.750600618755083,15.965339918271715,25.549592780026806,0
72.55232498513044,22,61,69.03921619306061,8.09255584553139,11.889309159721261,1.3030014846378979,0
76.11565719164282,21,29,71.4086413466327,8.070407966877848,13.23584219135715,12.545141770339876,0
134.0,66,87,179.23313955621344,4.543905990807193,71.40477500699544,48.99892856350891,1
127.14489429468036,236,66,126.56116551934106,11.264248915638266,11.00952047756014,11.028834813056207,0
127.1487622047509,249,35,131.685476935056,9.297944103886955,-2.806911782123649,1.352281013166186,0
73.22727901013536,4,28,73.15378166449035,5.417094898209633,1.8813634958286445,2.156624057857047,0
106.42777824282432,299,44,106.71771016799283,8.400198962903808,15.374611112593497,4.433614020317382,0
72.76005391412411,14,66,71.12587244881344,4.430715374803699,9.99312513352895,8.49953019381308,0
77.91576036390086,0,66,75.54160360654822,8.216619617412816,7.949358730210297,12.54831984289688,0
117.98930125114207,112,22,105.95258021622236,6.577462530261065,10.607717394281869,1.6154576301537276,0
65.93131983955546,20,27,66.40149683313096,5.850624450916158,7.938837849974308,11.510196615445805,0
73.4912908036138,20,68,73.2610462018119,6.716530112047747,-1.2654700608165261,10.08811656812274,0
76.19381809557265,19,61,75.22746867868099,1.763584960875046,16.742855392683698,16.63347591488308,0
158.0,6,92,163.18848033994098,28.723542056184662,26.13192943495689,36.54982145291318,1
137.46997812752358,236,65,140.8236828572746,7.123220714294692,-3.7531922402064826,13.223141231588484,0
87.68199690527486,24,34,89.42310242599571,3.658161880405336,-5.8238492675675655,12.839351811687704,0
70.18986054946554,16,68,61.77057644599109,7.898515024817998,-2.1546253570637655,12.549164796392692,0
93.24771403016962,25,15,99.90440934011164,5.824709837077467,1.600118809373985,2.5542679105043584,0
170.0,95,80,197.86192062388113,27.785557803664936,77.62419516014663,50.87545255886283,1
82.84584787341277,29,43,81.34584129309198,6.777304233830798,-0.4144397478812442,16.576450573738676,0
86.46977884353733,24,22,87.4525527260952,10.603295072512665,2.2642576431617307,3.2526821428723824,0
71.14412545637785,28,11,66.82020726298408,5.162031661081271,-3.903589193569992,10.796409120752797,0
130.3075091781145,68,55,128.4050470003606,12.584961758205113,-4.040595107282859,9.754904147591825,0
68.15214292623776,29,17,68.87212741607063,11.451534711667119,-14.947730093420446,6.433522792272013,0
96.44965060380696,146,19,98.02891785354423,8.217090532972392,1.7163467596557134,13.607645147285954,0
84.0300258620645,142,13,80.86507853598907,7.698818034599356,-1.3375801625417296,3.712783761283445,0
67.96098916613794,9,47,71.87814509935734,8.453059658972933,12.847473109830087,5.9863131589657295,0
68.33026801119617,25,31,70.69225122539297,6.934903017059828,2.0597858766612624,11.422362945847702,0
130.8345822567411,164,49,131.87006315845292,7.697912381548469,-7.570510581982371,15.87407028792846,0
80.31897748603446,4,33,75.34365309716544,3.8810852553242388,-3.261255747705525,13.399797746981012,0
151.55709138191114,274,45,156.41179803879544,12.806759676820729,-5.9360490852611205,7.910182480806776,0
96.34252066146001,155,27,99.67928721220834,4.709819449744432,3.4959718259214823,10.855229649645198,0
97.17514286686065,281,61,99.40148010913246,6.096076867320534,-6.404789427921759,9.60289519417619,0
86.02394464512437,10,14,82.98648982800638,7.3868386576206735,8.554584962341137,17.4854104812011,0
91.86618001038559,108,13,97.41787003119975,6.452506728761996,2.1248671527890868,12.366672496504254,0
60.46739827324741,1,40,48.885173988609964,9.868584454884488,-2.4309074358490426,8.911724394309418,0
85.2240432481173,1,39,76.22725984203493,8.996238817877742,-3.6585976838215872,7.437056645029985,0
104.5707911885195,221,68,95.4078798600305,7.246157416025767,-5.6434697924582915,10.445938486192722,0
117.52376006443521,92,46,129.65082302345468,7.762633332846474,8.931445990257657,14.818689385865536,0
131.88744206046704,137,49,130.6006321159196,10.849520816704969,-6.337212986618589,6.326952655925593,0
65.22347004538175,6,60,69.52394673645267,12.18706974916336,3.0497149277604616,9.712528635179547,0
98.5700382097562,26,45,99.26096844859929,1.7244307331885853,-0.43113595210507794,0.2644231163269044,0
65.93154228706516,7,43,63.729535633378845,8.082190805626887,-13.359829417914607,6.533950248547121,0
105.63902533629243,130,63,104.25823592525651,12.27196891630279,0.15492809116893927,9.85406212311603,0
69.99506234643523,0,13,73.84418300278827,6.587200406520981,-3.077600070860399,4.949166401918791,0
175.0,9,79,195.6969573206991,22.17052016091324,28.255718054435732,55.92368202954371,1
71.8365623937154,1,66,66.40316134745306,7.482027694135662,-2.358121038766184,10.243497864659355,0
86.7373757807617,15,66,90.69314403258282,9.370312333101378,-26.68721239575277,16.41944391635134,0
161.0,1,93,174.5826636691766,8.864659861548102,33.822510346174525,11.637184764674164,1
123.3998603947349,101,66,122.75921832263599,10.039905994393497,19.406103984439348,4.877009767521113,0
69.1149595657799,25,31,71.19671369781952,7.157952227452705,-5.494029061083815,18.738312778154494,0
71.58756293360946,17,12,76.68427926985288,9.958524602963472,6.669099174429534,10.846227024094823,0
153.7103536327439,89,58,156.6930619537663,12.968344678641072,-0.85763769678519,12.158042614382985,0
164.0,10,82,211.05754708500874,6.798665850541848,19.599489588807977,67.62175542289748,1
65.21693267484804,6,50,63.51234914438837,7.258016800766533,-3.206317159835921,22.62198268911611,0
93.98139519479483,21,22,94.56365508333158,12.224807224324017,-10.644282341209335,9.610163040166011,0
60.781491749995226,26,31,64.393861304541,5.467006264758,0.4120217597865625,7.777793303322014,0
138.08017454140023,219,62,127.2711352223331,13.514916548454519,-0.09606589309471807,11.44926602438419,0
79.43824460633132,1,45,75.41356277047745,2.6000702887428355,8.704310686093702,7.778068574472191,0
72.73317967188405,17,36,71.05425617543341,13.007064575868178,-2.0767308109088383,2.4842852344094695,0
78.31237519989367,12,42,79.1849655473777,9.658686822537154,-6.206385355322455,0.4301417438037234,0
103.8338283310604,285,53,100.18199517247471,8.649375768745925,0.36457471923051027,6.741998261970915,0
71.59012467155385,23,14,69.77926997726159,7.293039798454393,-8.03780982116364,11.646250310796669,0
63.22714061018779,7,58,59.27557835436832,3.0909822600474426,-7.204097947514584,5.193632403573424,0
145.0,37,96,162.20040499105906,18.786572946357357,37.15135414613648,22.272651075118354,1
112.83820909155875,213,66,112.644281646685,2.722237171182938,6.936469402972656,9.74304911001538,0
72.12940567670394,19,56,69.17177344408422,10.722620623979399,-9.986891703737257,2.8982385747303194,0
117.87610427844464,104,10,112.55878744283294,1.6912948068348994,-1.6587101802657596,14.57509962459978,0
135.01922895100188,123,36,133.53119339959227,8.946424849131793,-2.3415791884471484,7.194935764759769,0
65.94936309278029,9,27,63.141369710895944,2.6228834390396862,11.572611628014284,9.89763399015355,0
67.48295674870505,20,21,69.44359043958121,11.401704706798725,-14.199071881758025,6.707759887050334,0
63.55883382833874,3,35,62.27813085816161,7.737694013668457,4.38655702043599,14.747972856822441,0
84.00413907944426,6,60,80.71966768458728,6.645771027198083,-3.488427901199037,11.412717630533965,0
141.76456438109867,248,57,139.91623764121945,9.654533719550663,-0.060930672631088444,15.775298338594196,0
146.0,10,98,159.12588168992804,14.26378215902351,-27.92210710381903,52.1460845316587,1
70.47736166582506,0,51,67.13584548225283,11.24560854706357,7.25778894299647,16.35789538994693,0
62.90883181322192,8,27,61.16552928684203,7.93975691336296,0.49895584163724216,6.822213513164732,0
63.810475550262794,27,12,67.32794316381866,10.98323084365289,0.14284241185739524,22.376569004680512,0
125.99460516650306,80,56,120.01961417602674,9.300512239928999,2.8340482528662587,7.898981065149151,0
126.50258249920263,230,16,120.66394906115133,11.534684278647685,12.333382494370937,2.102925052534699,0
79.84416352202628,17,45,76.4158773121144,11.115818508551119,-5.26301933811948,8.447566738329304,0
123.03747010791778,202,14,117.79833158664637,5.230477413584015,4.293172627767426,15.75739797101921,0
68.01261305358622,22,17,62.43425222321522,8.472138333071184,-7.064276697818938,10.954176489036286,0
87.16328805355596,0,69,85.55324376928705,10.581732528440178,-13.033518765005567,12.36064503581039,0
66.6823655234145,5,57,74.84863462944253,9.727603265723156,2.8537942435087404,16.202355440956964,0
56.30459253669943,20,20,53.582522611362066,10.950765721844578,0.8533048266009536,4.259053209903797,0
80.58663439077574,5,46,83.30156040273127,7.254032949304177,-4.048082313628558,9.49509826920331,0
111.24748742752875,188,43,113.998024394771,10.043693827803093,7.427499127580482,13.258485173903466,0
152.0,15,81,195.55027901683334,29.839638838469227,85.77286746382612,15.155851306524227,1
54.44232142241946,22,30,61.250012436660015,8.048619798452155,4.009992694457622,12.682438635606646,0
74.6813107976411,16,44,66.27941426518254,3.7875312811482544,7.8818269829842995,3.2101816148478255,0
127.41304406894972,277,26,133.43348106683717,11.636700852279432,1.3973155910029171,20.40824394282153,0
141.71519985706678,192,62,143.28331340948813,1.1513784046411715,9.68557472034443,11.08593653640242,0
75.29952256077038,21,11,77.91392913433906,9.781846220620421,-9.537205821226886,10.761949673510863,0
81.82626076840613,22,22,72.52171846285007,6.97168343072174,-15.306811626774852,11.925028393145503,0
123.56989976173,117,66,118.63226791729014,8.121926362017366,-8.948403860847662,10.603072825034522,0
82.7204504492915,5,59,85.89396672795316,4.139523110481775,-11.969617711420405,7.032170118687759,0
79.66537678745959,12,64,72.34829813560876,7.466731020921755,6.515160235830832,1.4183493476561164,0
73.71594162064912,11,57,68.76790105924182,14.270644061411504,6.362326087765325,4.36585130016377,0
72.5083913296806,11,34,75.718826575056,10.601698619741017,2.040668454353612,9.225551082204255,0
86.39597927430135,19,17,87.61896962254744,10.590242214684832,0.23321529860010143,4.875525503095666,0
73.29198785446457,12,63,69.24091502040909,11.605510418183641,4.6313544526914425,9.662510088750892,0
93.85779812271167,29,13,91.4366637153019,10.769366803312659,-4.3487433897892585,6.189523575271743,0
55.35085858857905,11,59,58.59067791330436,10.812303150463102,3.345840821893032,10.39683697311259,0
70.32164567619569,13,20,67.76915288237771,12.06286459875329,0.4733877244839687,16.87145456786688,0
117.39080366495769,212,61,112.3256561068435,2.9383287501928965,-0.04083660452211147,6.7129310314455815,0
52.705177373739176,29,67,42.819168317467444,11.082125783535224,3.5784379465216136,10.301254927818212,0
26.0,11,96,52.03961198051438,24.996986330983855,-14.035588744820103,57.171825557804425,1
112.4994198517608,59,19,112.29966586374351,0.21737252807946383,16.584115224028185,12.165870929924022,0
160.59300810898145,250,64,167.91110191160146,5.014573963327619,16.099316608675526,11.17754891888177,0
66.3939236315269,18,12,71.83777190261026,6.871097825225012,0.1505523979247874,4.141728263412191,0
74.90114242796962,9,42,79.76930057716157,12.722093721226642,-9.330664669748634,19.819034476126607,0
129.96795443378633,52,38,125.34093874308648,7.221241043482825,-10.114780255693432,8.55254684752028,0
58.32550547249004,12,25,63.523667118995625,4.890462107724231,8.087276522741956,13.08842806405649,0
80.87096702785757,1,13,85.16596416114278,11.986856809254247,-7.865269465789792,4.765954636092164,0
58.49781903087913,27,38,62.073034565951964,5.896507333509169,-0.5641495439865363,10.924809635427474,0
88.83058112741794,106,20,87.29565491779297,8.659763344687736,0.6870228333588332,14.085630697807058,0
78.52354929068588,20,54,80.2931860693199,9.66445614451676,-5.4455713532943255,3.21087996683353,0
158.24303901729087,95,37,154.4367163812203,7.4544504888226815,-4.958675977820568,12.51171364221862,0
117.66273667198179,58,40,116.2230481971785,6.214204665809887,3.329013436125018,10.69995692496439,0
60.92744124160407,2,61,68.28041192382757,5.567556872824397,0.7022872019011922,17.21613603778094,0
88.89380719220193,162,47,99.83409098864507,9.595971822835411,-6.504096973762979,13.66994613709283,0
137.3462665724616,191,24,133.59579828502007,9.618820505092975,-10.479394559728778,6.701809727400419,0
78.69416191186885,10,46,69.71420450482026,3.2500832311186514,-4.0835376541324075,8.11441063153276,0
75.65648586655904,5,17,72.52648023586504,7.539535904093098,-16.47843989926658,2.069491705890183,0
76.99500796968904,15,37,80.9677319607556,9.519231024137412,12.993530621776513,8.443673928478233,0
66.97022911294896,2,11,65.24837707480592,8.433416054472174,10.618471665492295,4.586839132038451,0
147.2049986381836,288,21,149.22791311377122,10.66695288283146,3.968513865807001,10.277860784719834,0
71.47103994583996,14,37,71.48446664961385,0.10550540244832263,3.7246721323282563,16.71437106474706,0
80.50086121492353,22,52,81.45303075497748,5.76008730193878,1.1499888071943225,16.727649267759496,0
73.4329422440711,25,12,75.09595338988505,9.642924850512864,4.833184058658757,14.607538193030791,0
64.2975333600264,15,33,67.74035019945718,7.545877766097103,-3.668410161967819,16.25032241871984,0
65.93687743021738,18,39,70.64599757759088,6.515581840019174,-7.192647485261762,10.054443986165625,0
71.30666291850699,28,40,74.7793906782979,10.258835157590912,3.0148310793264943,13.594747885046779,0
71.71053284661961,7,48,74.64591318585582,6.275281260472239,15.903371456404761,10.868988038734361,0
54.92313958863155,19,68,56.543654346597314,7.991969282569975,6.952840971156669,2.398144838228098,0
74.78352856246933,20,60,73.26015687819532,7.551694701721587,0.8306402202293457,11.938159310021202,0
127.65306864507677,259,27,122.9207988916219,4.135142795763464,-1.7529877946958765,4.212408072491223,0
114.60296677902326,99,57,110.1622103044177,7.240611889384947,8.24846837127905,14.826496823569506,0
51.46971397793884,10,16,52.45333515288115,10.190088593618624,-8.946049157196818,6.524259149864672,0
71.94959129776471,9,60,69.73349783562624,8.124688377900664,1.8315217213163806,12.097752209569563,0
71.094639440518,19,33,74.92515431225462,7.317908611150521,4.476895622766346,8.672422607208285,0
121.32613218114845,213,12,119.56031238619558,10.291830034226011,-0.27298205966364114,15.055526063358807,0
63.19815147480779,13,44,64.32897103642875,8.67741258022045,-4.995632870079109,8.706098898313893,0
93.7009499187626,29,52,96.78939686007931,10.441721352319007,2.582088455011663,20.346623439030434,0
114.90364345742591,63,51,109.61318883632484,11.161085606933263,-7.56814301215681,9.142895431445476,0
86.90782826935555,3,14,88.50890456770526,5.849466284914217,3.9756735516079647,8.184980255122674,0
74.14799014979303,4,17,72.28293189237732,12.44733208626391,7.503916802330719,14.947996647952355,0
193.0,6,94,206.22395019210452,23.053116998886075,7.114480556661697,43.50282438117531,1
103.81633357638552,211,35,109.53868796991365,9.445969722225978,-3.563281239109891,6.040910999756349,0
66.26791161921393,4,47,61.351373428675274,4.467798527982221,-13.555486651666845,12.401683474177078,0
121.5100752063998,109,35,117.22410018183109,3.7134060796386237,3.553605967134895,9.009352898563803,0
44.16283776201901,18,42,52.60694872353239,6.243664937240095,-8.781146908628887,12.53966334981008,0
94.97995940262953,170,42,96.02584265649651,3.3535284861179004,1.976116842930353,16.286673310734773,0
64.12277566734481,15,10,65.254237003562,8.046737041428655,1.963461793790278,4.5167377719949195,0
62.73927972309522,26,26,68.41450161197037,11.341897464892748,14.203535277424123,13.391745150657089,0
97.11277526076316,99,67,96.67943055951758,6.349765303377219,-1.4727943017899854,4.945423761989262,0
81.68441408347594,2,28,86.60983922247237,9.062561359110116,-17.48390188683433,16.2286071799714,0
68.76408928718968,26,27,71.27356123649278,10.625990702343756,2.5790189783561606,1.4300126599681242,0
85.36284063500385,25,30,86.55648227678424,9.638173212691473,-3.889385496511199,13.398718971867387,0
73.49421370692674,2,44,70.42077474423962,10.645859124561557,-11.800940127195855,7.200795152003838,0
146.40604107225406,87,64,151.57187976562702,10.673507399487711,0.499553768073045,6.4574678383845825,0
127.99859803733143,248,26,129.10859601047798,4.622471987127459,-10.439654252273163,7.320207151821042,0
83.79913410425699,24,27,94.14926601664837,4.043094505092467,0.1608517349527871,10.898111363159618,0
75.11395357412019,21,19,77.67686933756298,9.767069238925766,3.179232263094763,12.902109700481205,0
40.46009944568296,6,20,42.95470952168369,11.093128216347985,10.54886262542436,4.410528306398962,0
35.0,18,99,47.78817703546024,16.731484345791586,52.475659639381604,18.93279853234556,1
120.35106766116196,156,69,124.00966004047262,6.4111096618948915,-6.81642510114,3.6904051158117905,0
67.92618632618189,15,40,75.2831540679259,11.933502493407874,-1.7945517670248383,14.297924361717781,0
103.98953087611085,119,69,98.92335239818932,10.36047444317348,-4.219484116228768,10.468785894520938,0
72.87328703921649,1,66,64.08406979221994,14.16258152376821,1.1825659122922156,2.918655703296963,0
75.35691878493728,20,39,73.7791123349273,9.230221394946913,4.559686660701474,9.911806700944389,0
75.92041680682497,10,57,78.3499559580521,6.476508258575809,-7.980539204048341,13.57831831626924,0
63.157232613241796,0,63,60.63426625770715,7.286057760589885,-1.802411717476683,18.87943173558606,0
78.22483334561562,26,18,88.2647738779664,4.681174620183803,-3.730844626285348,11.808805538808588,0
65.3702121991078,3,19,62.41462851218425,10.289782765624526,-4.440096955597497,16.654036210172055,0
72.59552968313615,6,10,70.88609100227973,3.5680158772815807,2.062087062880888,17.406192742944018,0
73.82090164641461,29,38,79.45598350611402,7.897628915338647,11.45570094855709,10.420677874488614,0
109.4631220151417,124,36,97.98968260696931,6.51165806064987,0.672174087464745,9.577816068222344,0
135.4743466930746,235,17,133.58095322932397,8.536869233859328,0.5070309509225959,9.259147976228848,0
99.50702493496624,157,57,100.34589067393152,6.204836273928965,2.323212983748115,3.452687400787532,0
74.51712298106668,12,18,69.0348225402183,4.325834048132995,-18.92097962510631,19.598098143987613,0
71.91966396440728,18,45,72.40770467004602,5.2921406258863,-12.55517936909287,17.700110929621793,0
67.57993168039596,7,32,74.18417121149949,11.532634174308757,-1.7006290239085442,7.3956816742457185,0
130.26748240344753,204,44,134.84094351462062,3.5157340978820653,-1.403345670822675,12.59868072988871,0
80.52433334796224,22,35,83.04926974286452,10.597265582510364,-9.60237125644621,8.327493820795258,0
125.52140258678625,107,29,127.21496912429801,3.421131706834424,-6.302281173530798,1.218658799496522,0
67.13778054720528,13,51,62.58187690312812,5.532818525602721,6.110513645918111,15.978194010498346,0
132.7825018237775,167,28,137.79226316273633,8.615080061185637,-9.545237168789868,8.835532933814507,0
104.02001357093846,24,44,100.35833142951675,1.1074379581380907,11.364689357627197,17.369854035017312,0
67.36202730350121,7,51,69.38717532572217,9.634455027319094,-11.957418327740813,16.034414454634287,0
75.78032753358586,21,26,72.19941780941257,9.782796035028648,-5.9078274162065565,8.41995312256303,0
135.0154643703836,160,53,139.96393312336266,11.26453404127014,14.378582971700581,15.837341022737938,0
76.28920398180989,21,30,79.34369235131388,7.263004172121789,6.89307730377717,15.044510276952636,0
148.0,21,77,148.2279076164025,26.256957288702765,22.117096615272246,33.97759128870086,1
141.77558821165235,168,61,139.32409616034943,6.224371800970722,10.19417806987496,9.432059431894748,0
63.027426649241335,24,54,67.51908223013554,11.410807119663785,7.561543904102389,4.0290008025695805,0
68.49129576900742,22,49,69.68870444781682,11.308090178870259,6.885641380755472,8.922604084897422,0
108.95394071674907,86,65,110.75037280568871,8.393963656547527,-1.0668940423612265,14.660610380529839,0
133.88643675685466,153,22,126.26778194743454,12.29287644165245,-10.514825154791685,4.805088236623057,0
86.05055585602894,5,14,92.90403580055381,10.88145323688227,-6.05123193014178,19.52592455111795,0
141.0,76,97,140.48875349964558,31.856783650198714,65.60451959651417,48.899066080887465,1
66.30914669519656,2,56,56.878339981344666,9.831585182627979,1.3010757592014168,3.8759423055405122,0
116.75302797370327,195,39,114.0958935608313,10.59373071195725,-1.269773143521256,10.070241329412868,0
124.7815504672219,281,42,120.84447655272763,8.63266969984145,-6.182606022976955,18.311082137672205,0
55.10346167364207,23,12,53.03869770417487,7.707827301865863,-13.564587727225845,7.460739235478617,0
70.29881924768775,11,33,76.11624964521825,10.02539461495343,-5.549218744999424,5.615238644707873,0
67.88864898645988,29,17,72.6861090135605,7.755890229618657,-11.238181463299625,1.5828851186790853,0
82.27328355312041,6,13,84.68433048706173,0.006382159800917719,9.808779985004392,7.518197347932475,0
73.0256884467451,13,58,74.64639330110023,9.505382524816566,-9.688859913497605,8.448656541926498,0
74.52142595731107,4,14,78.41708206674868,10.252881682246633,-12.032266921686055,3.4377392859737057,0
112.62659915774135,70,24,119.91697613294666,10.294037526305704,2.9334941908406003,8.126688454639117,0
107.67173059393218,74,26,112.38733833817925,6.091613972934838,-2.688998847874068,5.81757394598029,0
67.96053006480861,6,46,74.57039845241785,5.485978939275461,6.294388736937964,10.934181187657384,0
66.5960668595886,3,34,65.60612690901108,4.6138607483582685,-12.419589688646209,2.67292352414494,0
84.93475039627708,3,28,84.63014331381868,9.260006747963555,-4.4313359212329075,9.368233269631379,0
89.24794872028913,105,57,91.34895446971228,7.6667937264383985,7.494134254634177,7.549710746067108,0
118.21768735906379,150,55,111.35244963573857,9.979324275925332,9.013789094229075,2.566407650473841,0
25.0,7,85,45.40663273406163,26.581425335785205,31.753568335682246,25.88565015397492,1
81.0911792759801,29,60,86.88107914416447,5.491093764043905,6.916979403091993,10.230811858890103,0
131.20364980884483,229,58,133.69271364091136,13.669935933206773,1.5470300107303452,9.457283342387013,0
114.34128249685959,267,44,119.8233604199387,0.604967449621526,14.032499619733798,15.057979863832454,0
69.99713705904509,16,69,70.52173496231494,8.538567122418346,24.488010538708945,9.754797692322434,0
133.50972896270144,114,45,132.56201322457642,8.614107572713756,-4.593748961655125,8.033948836087387,0
82.10808425768839,26,41,86.09835215494954,6.996058524098155,-3.6037159989828336,1.9362981547441063,0
82.32980147780695,12,43,75.4480183552966,9.937741766123114,3.403515258119793,14.861822102836523,0
61.57840293283501,9,23,62.14827346079457,8.07097253657097,-9.081752997428117,10.91806085310142,0
82.23874662130004,19,24,73.00604540647053,6.906542658990916,0.67711822834571,7.806927393868746,0
59.06962334986785,11,14,58.02489448542925,12.461323813800183,-14.936344357008409,8.28295778294597,0
91.60856733614922,62,34,93.16602163013818,8.916693153071154,-10.030438616800067,10.019874782585912,0
91.21889449440084,23,38,87.07644278344144,9.231649192216366,-9.684000280678832,13.486322725802822,0
64.66997080887634,18,69,70.65145852809204,13.360266346490967,-2.103257582999728,0.9704519988062383,0
68.18989163905428,0,41,65.43444377825817,7.972732499649722,3.9404974228700267,7.706695164121667,0
109.3453387781056,124,42,107.2457671665294,8.023821569069714,0.17197524551960824,2.686825481340371,0
123.39814126396494,148,24,129.88772379226876,6.939652913750392,-1.695591434591519,14.509967263750688,0
181.0,18,80,193.23846594920317,31.623203807362252,48.30053415419794,30.35802206143896,1
49.880061667779316,29,60,45.044693726414344,10.954199821459031,-3.978148688371688,14.551809079324524,0
170.0,2,97,185.20531172030402,28.38396348283639,37.80982858118123,32.41863242277748,1
35.0,18,85,34.86722432726289,13.840648316103007,29.739945854229404,23.505856948895648,1
59.57467885277294,3,19,55.89102391518849,10.556161345430073,-9.377652942844904,9.142454205543793,0
72.2175218401596,4,22,73.54737267924496,7.566959171756469,2.373238823667342,3.898821503871397,0
133.06567939717826,266,37,121.15572303149497,7.364461833383709,-2.2427176587406437,8.496306702333175,0
138.0,51,96,167.66036821188817,10.03467219340591,36.598362067363844,20.90162024382999,1
66.42929806377681,29,56,69.62363154392105,6.944747594573993,-9.85507396440397,8.655234660502781,0
137.80037073904572,220,46,130.86292591708687,12.851380523803932,-3.2890172498351156,17.369748506132048,0
79.015877310572,2,37,84.16389911767045,13.947411350506783,7.63008204649083,20.85901333698301,0
32.0,9,87,48.1060607972657,31.489631024284037,66.80579057172608,20.01117903921095,1
99.88304951016434,132,24,107.5229573783619,12.720628760149154,-2.4041254439770534,20.257517354619488,0
61.66793737256904,12,30,57.677400680717724,6.502513712343692,-7.566606912594151,6.137878362922618,0
75.68451999965511,23,67,70.29911901540514,13.384935908433828,8.7209649694201,12.331356298866188,0
69.57271410688972,14,67,70.18635864541714,7.433118489000707,10.153498070809528,11.308092172731007,0
70.6375960571292,21,60,76.93188161358259,8.913387573087125,-4.960274135777566,11.967949459904855,0
117.0,13,90,113.55369425580045,0.4259973204615193,32.3858976239357,59.71332545590731,1
67.93224783706111,2,10,57.66787573531494,4.457492249023594,-1.939012923091259,15.745685242342672,0
127.87768472382896,266,69,116.22625805366826,5.043045851621994,-6.802154241574455,10.094790703263758,0
118.07604779274254,183,10,121.99677987451004,5.305918321026625,-6.128361619203199,7.693664747508464,0
67.78776615157543,4,51,78.47588956762682,8.770167436495008,12.290543008429182,11.146078039515976,0
67.06401595786812,6,18,61.13104285243524,3.375642440943116,-5.929206052314698,12.630910408790267,0
131.04981039952958,240,62,137.28124120414537,9.922383081944655,7.358959346824713,17.01571274981451,0
96.60293517850872,26,65,89.63788008509255,3.666758639805092,3.348971692432718,11.040004465977892,0
78.61046569184775,13,48,75.43677204999598,6.144074053911415,-16.27290741823863,11.458460086950488,0
72.72138053851667,2,53,84.29504206122127,7.765007453209528,-4.123754184670873,7.599188584034778,0
68.02920559790516,3,58,65.12267358813659,12.661255657188907,-10.697217686729532,21.657430462784184,0
81.12991237217591,23,26,79.81097371375718,5.397898618763218,0.7241805237075087,4.638429175063306,0
75.8104633390021,2,46,77.57467250969157,7.194118484340231,12.003363501505188,12.865146680257025,0
104.79393012876204,133,58,103.68462560978551,9.265053404793333,-3.4817778624050275,13.752934269178883,0
135.8901045330932,215,59,139.37165127652665,7.165440857949959,-10.232132068892811,13.92803120330637,0
90.15957696232195,9,63,89.59689164134898,7.295802644830923,6.340983146395637,9.284062199869727,0
133.0792946540908,204,61,123.41877235211803,7.157428114697847,1.340717310109437,0.5912084389927585,0
93.32118623990225,72,54,94.91944536949713,10.070710401140818,-20.466947066056818,6.34243298051835,0
110.25912459384382,233,64,114.11959853872027,11.635831956159201,2.0900042498708484,8.153614303768984,0
105.77063234720356,162,28,101.06002187043951,4.630414847373867,16.365236381417233,12.6517145083529,0
72.57900803916488,11,24,75.6594895822694,7.11763318962392,-1.6935487165671737,15.795492909308368,0
78.12171618618584,13,17,76.90983889566027,10.886631735743293,-7.885864267419795,6.131097105546711,0
64.273631103469,24,32,63.469106412086006,4.434845987779787,1.550389710136736,15.135351503220695,0
147.0,31,99,147.30552296380148,11.853336177281662,53.98885351126425,85.06072868723459,1
100.60550981394708,51,29,95.51928296751288,6.564228345108222,9.62524447949347,12.544174472704034,0
71.23763686721698,6,30,68.48058095672442,8.479468976326368,4.487804137689297,2.741749741330107,0
59.90312029794636,20,55,59.37884922459312,7.82800768637567,4.102119278146203,16.314296171298892,0
76.77969977599236,28,48,70.86272890384451,10.070284392808048,-6.284858248995708,2.1755254048211103,0
113.45865505316607,237,10,113.4009620225454,5.233486047738987,4.324161514791766,13.143348907910966,0
51.88460448072418,25,11,63.539870031416754,5.786934710075607,4.841284446153636,8.850186423593454,0
69.25386021970046,26,35,74.98720553824437,8.048236756538852,1.984516858950325,9.982702097198644,0
132.85062472521795,238,56,136.37927776363753,9.17765175354574,6.757983989092253,15.151641929206722,0
71.82139299025083,5,15,71.81332962827828,7.284527428847602,6.745473753960088,13.539566695267524,0
85.0362254771102,52,21,81.03642638984542,5.367762933804519,-5.97563746390642,8.460114374544412,0
36.0,8,84,29.671999707743637,26.385038444320987,13.881044105494261,32.71311414686576,1
132.55576506353285,66,67,133.46978488438347,5.664252062761529,-8.385202398241095,13.496238110760302,0
69.05477909187363,12,56,65.79634449841761,4.311514526875737,-3.295385875087625,19.057778865969567,0
136.86938248673792,63,20,141.5604924750166,6.935187645703154,-4.155143891315008,10.767204879771358,0
199.0,1,75,231.2069744952648,20.08163604594174,3.6385585227383714,32.464689529801724,1
96.0,97,94,98.33317631065702,29.66710939507194,40.37873803114808,46.381775384642104,1
107.24798695923573,116,18,108.4028236027115,9.410040983739984,0.827055969696761,5.067797504503767,0
130.71356201597564,274,42,132.88252904107068,3.4766106662324283,12.049865883175098,11.699524648328604,0
135.07762056552485,229,13,128.0652440570739,12.585266773586495,-2.444828641591459,5.102325931888386,0
108.93322289031269,103,27,106.09009936620188,3.6791476208278713,-2.944712493976604,10.605296812368314,0
77.38816928181123,11,10,80.82131024154202,7.5465431401297085,0.19838907702885328,5.578554985058409,0
68.03065739564379,3,22,73.4553550778283,11.96828968089464,4.915469969158195,15.213634807051983,0
133.5227699735725,260,61,135.17223296047854,10.962483294535643,3.5305069576356507,14.467483816117644,0
77.43167606611561,3,14,70.83662343841632,7.434489993301442,-1.8250698193090913,9.689934537358548,0
142.39897232831277,173,11,140.85054774693134,6.451381605930608,1.2373365605956013,6.725768235226132,0
60.75707405794169,9,43,64.00802596159546,7.630465355569852,8.954103558202103,5.78690039304885,0
142.9436917655156,221,25,147.05076711824873,7.69977491737714,-0.07760189652276381,14.322926219591542,0
26.0,19,87,42.49980971463356,28.352441422280897,34.18579819106687,9.661029594849577,1
129.50417310863747,114,26,129.94401721390162,4.724897371582057,-3.096797619795208,13.477688787828887,0
79.25598751386202,29,22,75.0870898405993,8.353898174694324,-2.1889356971886382,0.4464827978284234,0
152.73534751789052,186,69,151.84425011596434,3.9072567343462685,-14.155668762532756,6.876816786629432,0
121.06113332686529,59,30,104.36435001384737,11.585300978855331,-15.848195011971885,10.646246470101383,0
147.0,23,87,144.9218330810715,29.114677583226317,40.603853862494724,53.816954057070035,1
51.80073826057725,3,15,56.420651656177995,6.348535219197111,-14.146108076011888,12.922443943237308,0
129.25731822626625,146,23,133.3460390317158,5.706677776009383,-6.913620352555634,14.279724828799534,0
72.41562828216045,8,37,77.33161013843296,7.29364797776157,3.792945579818346,12.412375382876323,0
67.43765995391506,5,42,73.23546270444959,11.457467349350269,6.064254296203587,8.330698370406171,0
87.7008589193455,75,62,91.29412206062423,9.278139461734987,-1.334703291238086,4.054889703870078,0
63.58499128460689,25,69,61.99943488085164,10.542984461362343,9.423140379878586,5.706283564702265,0
62.371086403757914,23,25,64.94063172882906,9.566136608734125,3.44247651605294,5.322724678031036,0
135.6138120250686,152,35,132.4398023874525,7.4015168029604625,-0.39281397397155476,14.169185124784006,0
62.21090923302857,14,15,60.192118955634854,8.007529429503501,-3.9343845495676777,10.623365688355161,0
130.90173717840258,217,38,128.43537857275217,13.536019631523923,7.96799171509179,9.416068300669384,0
64.20226370977008,1,53,57.52499690773002,6.128599123806776,6.9839038872664085,6.421114530929231,0
122.70595318642121,131,15,118.00965501138535,10.88145774429506,0.5989318993159798,3.9874923735878838,0
199.0,19,95,212.03889355377305,22.793723417038652,26.480397704148807,63.236051623744345,1
87.00843030280379,15,68,83.86507906764949,0.14560040392316065,-11.852646172410944,3.302651125211219,0
56.97095716427765,16,60,48.824291126056195,10.962359338093044,8.9138645961784,19.167183476900313,0
173.0,17,80,176.9857314099536,25.36829614708485,35.89536110123755,53.795385150955525,1
139.8251780144985,72,39,134.8091856899831,6.862240532207775,-13.051975646777015,13.660180141666412,0
63.22184462978263,17,59,73.58459852983151,3.6797057679804723,-3.7956073881432446,3.4412296975200736,0
105.67473444690782,228,61,103.03433124639109,5.471989270069743,3.205494614729161,5.319633921821758,0
71.18734611859382,6,66,75.57914396996836,6.650196114038041,-4.080079349348424,3.5434205905722926,0
59.87978233195588,11,34,61.50456583724778,6.737866308224395,-3.386337933531197,9.643291513548277,0
149.31445857037968,108,29,155.5377224780562,13.785120697426757,2.7964168130004903,6.035262513341997,0
74.66681677796169,3,48,73.55119458886666,5.65083359324731,11.132071643171269,23.604757117177005,0
122.47648403355649,176,16,124.3244531110804,8.092741647124798,14.954250295899296,5.126471089036056,0
106.78571124785114,236,24,108.0906304979315,8.965611147149172,6.537652139980384,2.982208277633686,0
110.00604920458814,179,16,106.48786698404199,10.2266298872795,4.49673809666094,11.950860964400427,0
68.38905643464135,24,38,66.53324408203868,10.982693827305955,-7.990474858576418,11.904370536609456,0
115.93783090795847,115,17,129.94221564600542,9.474095411697895,-9.901141809024228,13.277836992109183,0
104.1794331755112,205,32,103.84328163953055,13.059788408066563,-2.641357343527529,9.594880816306002,0
105.62325928117788,59,18,102.74796830024103,10.882675025046382,-0.5677557587683704,1.204389024429899,0
64.94344717580378,2,27,66.06395946278208,9.298529393119258,-10.449141322688302,8.439590744078764,0
61.43442357239747,16,61,63.19694841418187,6.288945900758958,-14.564826404388137,11.35028679195711,0
51.324766798015915,27,21,48.22987895598044,6.6352979956846,3.9052341163105884,7.419759219491108,0
87.73390629996405,26,29,87.22683693175676,7.34292389645499,-13.647521997748797,8.571381770623638,0
59.1866696981422,14,69,53.57871093446828,8.607795573428222,-17.11702050842848,12.195852122161629,0
61.70294876688774,7,66,57.70328940892669,7.333922207180421,-4.289385751205321,4.961111048651792,0
79.46278389935394,12,47,74.6597180172898,7.8207872905610465,-2.1960752609821537,10.258350944502167,0
89.96414499809237,27,54,92.76159062467976,10.708656135052474,4.075861195927706,7.5719402146964665,0
76.76206670001882,28,51,70.2924728130223,6.521201052659936,-5.056004836834504,4.166539020303668,0
64.53368160963078,13,14,65.80860527201946,11.580627413014813,2.7820851858151294,14.434108562136915,0
74.87914819563174,4,41,68.25934196264973,5.118437847232963,-12.978509510717583,4.484767004433743,0
78.72288763217259,20,69,82.46902130840725,7.993542151426345,-2.052942538520237,4.395297191683113,0
100.60527971647218,132,23,103.26166766695623,10.891738042031125,4.016643078026461,13.878118430316178,0
105.31300549978786,76,34,104.43987147196074,5.649819135628141,5.714432325688136,9.769000846243676,0
122.9279297116613,228,40,124.33886926416587,10.834184480882831,3.2112508983468464,3.282433445931799,0
69.339724317131,19,23,63.837094168106795,6.6733401509717645,12.490010203802218,8.608124034834562,0
94.1621063052132,27,24,84.44805759577845,9.584864997424003,-2.3811402879719696,9.607551878118295,0
70.37087806623765,27,60,67.20193483734865,9.748060885044854,-10.658358988172708,9.694216985772204,0
190.0,1,93,192.5127170148273,17.40782622017032,8.4730751831298,32.97640726829128,1
95.31091653347158,166,59,95.18240537092565,5.417758030395517,4.4985770371011515,8.769452023661618,0
67.24742651599524,0,12,68.31789523664627,4.262783663864036,1.385447406809456,11.926586898644183,0
65.96014140784123,1,33,79.52824029548623,16.47266127918561,-2.833651108070306,7.037672723097428,0
67.37737068235876,3,56,65.38121239985809,11.16987899362587,-5.820422996692683,10.560006580012308,0
81.17930466853315,16,41,71.98883940393681,12.212648485025415,1.625226644845271,17.029566937648358,0
25.0,5,93,30.14533591426856,15.449063504138875,63.84881574875062,30.86958431440923,1
99.0,70,98,86.83055445073784,17.388102725581987,-8.170054135535558,21.038279839791045,1
128.41176789552352,92,63,121.52342105573807,5.186524880254632,4.120282137669278,12.568929754561044,0
66.17395479433863,21,45,67.9283074673022,4.306874051553978,1.8925511473057899,7.924768456952252,0
59.60947297473358,12,53,63.00420791354474,5.56279295318774,-0.3922347267042939,9.198199594775847,0
87.11804915637032,63,68,91.37505961826446,5.0361924626103765,0.2289644765426094,14.843115781522105,0
135.13468798694856,221,20,133.1242393596125,4.684798052420077,-7.192312496975561,8.209107979311272,0
109.27127221773614,136,44,105.80038853830938,6.416017934703159,10.824553281331259,6.105081779928568,0
42.0,11,98,70.59751538941134,20.87793547502335,24.759472011717634,28.69408363162054,1
67.01881172645149,23,59,76.59929385747606,2.6999271280517068,-0.2374433943279989,3.3425353676378844,0
170.0,11,83,192.12608881729543,26.850017641174166,22.945938795095806,45.749353682389724,1
95.9154989540582,132,69,95.53525441557298,10.709628002393695,-7.495953831360338,12.281565289793456,0
108.616386368716,163,55,106.2375981966705,11.805752318810503,-1.1224652342152726,6.096621976385546,0
54.99166060283638,10,35,53.78826413039845,6.802450028475659,0.9780116296847787,13.26126618305044,0
84.61921500713991,0,33,95.03095872761784,4.528040039046547,-1.7746142500503355,13.372006207471596,0
64.57770479808366,19,66,69.52105064487367,3.945662705324086,5.361759178218709,13.384831936697687,0
67.92963953037298,15,60,71.90389870781442,11.507678894846634,-1.3289781941176848,10.299190686014246,0
41.0,15,76,43.21262841893108,17.933409122385626,34.27944365126871,41.18695697363094,1
126.36584769872329,143,46,117.38176667843595,10.269857257352186,7.359669542721369,9.749743532313031,0
54.28245220968105,8,10,53.049066495268235,10.641427871547286,8.433310711938333,6.284924651180507,0
114.47325186950958,189,35,114.52643321125299,3.991991322695217,-12.193175256368121,13.571182413469641,0
147.0,1,97,192.46212202401367,11.928980987836617,51.17329200546777,23.47151932547169,1
65.93114738282887,8,37,68.01766469034696,7.022564652530798,11.351232555801468,12.660144180586773,0
134.3483808963653,166,26,135.42453305459748,5.819543158834193,0.5002057787584646,14.581954220205837,0
108.40891795574964,120,54,115.65546357009302,7.9014849480321585,8.30245553221684,9.75580304436965,0
84.81076392091181,23,46,83.5724859017249,11.30927670067663,-3.5880202725044326,10.852939065766368,0
69.94682355197912,11,36,71.18329381941328,5.717171058299085,-0.7765745611884312,10.57189880351318,0
90.10873233594492,10,11,90.0125568903503,1.053663987903147,-4.439254959909328,7.550762884340818,0
78.20459802462337,25,44,77.29058526596005,12.730549476767651,-6.703833717434548,11.257964036308687,0
71.72239863355337,13,61,66.35570934315814,7.723408933618609,-4.777909248465726,11.045717505727744,0
125.77662048189569,212,36,122.88218590761348,8.3478149116465,-4.7166958275859345,14.111242121434852,0
104.61370974539584,158,29,107.27374073950556,9.08498318374105,14.08950499893899,9.998431636941126,0
171.0,1,75,197.9488086937033,30.2795433653114,31.53066223774981,71.58569030427881,1
77.77141249144832,29,49,75.84920830690218,10.98362600270099,8.0373478647726,6.909234286687614,0
115.52804131101234,244,63,107.26597935952833,12.026540393734562,-15.472701963676617,10.115403294752104,0
147.0642667957364,74,55,147.4188827972821,7.048221344922293,-16.13107989956275,7.471369985348311,0
54.975181982934124,7,50,55.06761233621627,2.9588708242390247,8.436286106875329,14.280479271150035,0
55.33580810252177,23,41,47.84291311638681,12.85709470817054,-9.491759374377237,18.22457104864312,0
64.1745629476552,18,41,67.54596529138908,14.769452046282625,-4.588681266720753,15.430527633848278,0
137.12181867481905,187,62,137.83997284476004,4.523620800726186,-8.420184439979028,0.4342426465796869,0
110.63005300677811,140,54,112.0833649263147,13.604846750052918,0.6551893307086935,12.122007272222884,0
171.0,44,88,193.82348798984196,22.369057642681398,30.061288661046433,40.51561655364164,1
58.121225371126286,21,19,56.65068651650654,7.6095827993596235,-3.2884464582277944,13.600817163841343,0
104.48430926755603,234,55,100.32289213433799,12.65744112135522,1.9662801390495224,4.184504074744729,0
82.47176655002997,29,35,82.19133791863659,6.003183266272633,5.507987724632977,8.78200246123469,0
105.978274399692,160,59,112.99404864486434,9.279568694967294,-6.598224210991957,14.30963776798368,0
125.8732676289014,97,31,127.60136935215863,7.813733905357138,8.337524615864139,11.16642520543936,0
144.71722478439847,71,25,142.9033556354754,10.296114986240795,-10.848206435534811,14.341667228715183,0
79.13025850432949,7,67,69.39355914101988,7.731992403586862,8.896374736825651,7.242421349485097,0
71.07778841872587,16,35,72.67529225080347,9.45345271738922,12.049337047075689,3.482637856092098,0
58.08016713202924,16,18,58.59575504425742,7.186110310557078,-18.845627921018863,17.872931788811712,0
112.06191534332393,149,12,104.89698842177668,11.157087385456478,-9.985553772085442,6.213331266236187,0
110.97083337097234,224,55,107.80467638739746,6.754474156508865,-9.009905656688503,11.07610366475109,0
136.43157867774602,64,60,142.52347440667023,11.699519584595087,8.355984261615145,16.01582041056035,0
131.28957801718855,167,48,130.58362510673686,15.775084163928687,-12.91341067971872,22.144673690384522,0
70.76701953581002,4,52,67.45836266444964,9.029893072772463,4.151320342765163,13.271147532483688,0
30.0,2,89,41.524976763562904,27.36200512328828,29.991859259433113,31.972603013959866,1
58.8489386517803,23,55,54.903495274220866,8.373485286291908,-9.21179742801269,13.309740863315403,0
78.35495661673676,18,38,76.06166658660416,10.296641970076482,0.8092101333897233,20.125525539238787,0
61.12310739702077,25,50,69.05451009850552,9.033916818414628,-1.6559749638769399,11.060465220880484,0
131.62402439133075,84,57,136.04755348994502,7.472272593345351,-4.112592890404259,14.744526851983602,0
95.89713080455736,66,51,97.18595357160012,8.057290136936274,-7.730067101280229,13.339780224605496,0
84.12423833132962,2,32,85.7385884215958,4.5847954438961755,-5.4881450070269056,7.402212084192437,0
129.76550787423,133,65,136.3996415480814,11.005571582161405,20.53092458246998,9.26768299001142,0
136.81485479609705,135,31,140.05329828739605,4.691827881561702,-3.349440510440247,7.797758266744927,0
67.21767392141571,23,42,71.90379978974877,6.032746218082582,13.467318757941348,5.020014465193048,0
70.09002828004769,26,16,70.49568688649694,4.253209746615623,-0.4147135660976712,12.158330919289956,0
131.0,40,82,162.71002794931275,25.94540768076726,27.77442736761993,37.298347941423515,1
74.16511983182012,11,25,66.58731649027273,12.287002121574611,-11.263517661257314,11.58560628906916,0
57.74540915409025,29,67,52.05727405254971,7.549836778336574,4.828077089251211,8.498803700388187,0
72.90413993695188,0,35,69.41792168249022,8.091650238091134,4.219579688936804,14.395761965423691,0
122.07765874526602,209,45,130.54641186633978,10.57006336795584,1.5056167073825377,19.175024776305943,0
67.64591029381914,24,35,66.61079049038898,5.920664127624899,-13.485993419968775,4.474087208701868,0
69.25756491523553,4,46,71.37373892782617,2.0973887438926324,-0.5947961184633774,11.749877678128446,0
117.49317429320382,190,30,118.90607404564533,4.119324082498105,1.8731003769063688,9.265006089014637,0
65.00343449841549,26,29,57.34389970746567,6.793259401202077,-9.246780700840105,3.7650665196153286,0
119.6654957442292,106,57,116.22106803135217,10.780600657255874,17.633831754365122,6.148085306419382,0
114.1414289244291,277,65,122.12939180241521,9.14478794978083,7.426791388089287,4.191505868522938,0
177.0,15,99,158.8681714179031,9.27510475852667,14.706584314167085,33.53699069346801,1
85.36265360422232,23,22,87.26211378823973,6.295831137015605,8.601443175789836,10.401532285347272,0
82.63565719386018,2,53,93.86630202354024,8.125067111395824,-1.8591928520037726,12.255476482914892,0
75.13238249000712,12,40,68.15958492337674,8.302026509296802,4.928205669981372,11.448349060690703,0
79.01257652936988,0,19,80.39158444308093,8.304957155885978,1.2217469598764674,10.030980040541788,0
136.0,8,97,146.41566523428716,37.819508799296585,63.45809565706076,23.49018804945048,1
65.51553346628079,26,54,64.56009684418726,5.311991894373415,9.748954758651935,18.518503191918946,0
127.00624112263787,102,55,131.71235078121111,1.7482804123735916,-0.9832183676470875,4.851412672664269,0
75.46101144948054,20,13,73.03728579607998,8.414809999997383,2.916304899433888,6.949387298862916,0
106.71506607515653,87,32,106.32716211714396,8.222088057023715,-4.411658466840624,10.120516132386737,0
68.46141037179896,19,32,73.5852809332076,11.505741092820145,-7.990566954672396,3.8881769250638047,0
68.50343148799948,10,24,72.94355032673835,16.218999507787053,10.814497344709602,10.105121241261315,0
71.20091547337451,16,34,64.59578005628154,6.679741159242118,4.720139359933824,13.80748990492543,0
75.09138187334798,29,10,75.40213640377662,6.547518484194223,11.119880346179235,1.1680262299778335,0
119.79564340024481,297,12,107.55740867064266,9.231758515238887,12.389297414028336,8.578829503020184,0
119.93636967286442,127,48,123.72499035147045,8.53012205367952,-7.553733714214491,9.660010697925374,0
75.62411462875451,21,26,63.308795129523254,5.595213296738791,6.29192127974713,5.4958078664848165,0
73.54247313734068,28,62,72.74919565799775,4.440075447904857,-2.961675382505999,10.116538004429348,0
64.74316298741778,26,68,59.351456178317505,7.13814732412999,8.232729093498593,10.207160909784962,0
144.9912756448246,161,45,148.25165416047543,7.528243692240368,-10.56348769324484,11.739710584993109,0
60.557451837353796,26,65,57.16393117679574,9.395648473043298,-4.8377366404987745,9.849247828551682,0
110.64072875638098,50,41,102.02147766233078,8.985932077414425,-4.59055931128095,13.915778280065874,0
66.02431364233034,27,57,60.86564074334778,11.340081517831816,0.28101335942189526,4.455016533945382,0
133.0,28,79,134.4480430993427,19.122957717274332,33.14816049225717,22.57327840932286,1
79.50832109346815,5,47,69.66491040305122,11.063137120378258,7.9001044038756945,13.77184211020209,0
116.76753333808348,155,50,112.20994819330242,7.468396280221966,-8.04065416148868,7.777786044936714,0
108.03771753984317,276,40,109.94031906642469,10.072102668045911,1.1415072976130423,18.01850927733465,0
129.95705368059546,253,37,127.34933778995763,5.597966771362437,13.633037036262738,4.288626730398633,0
56.55001051403002,18,58,52.33633503159541,6.766128228020557,7.87218835650472,10.51784042221175,0
64.88340422608854,13,48,63.73813644292797,4.9941294299125145,2.7937344631883474,11.144731901021194,0
87.34946274031512,6,62,89.82698823079123,13.476691055474287,5.36836837276544,8.286791490419619,0
69.17827127650375,29,45,58.07646596954218,6.979801886867973,-5.780899562407408,10.487390603143917,0
73.90695287720439,7,52,83.56321835046388,2.8690156692911684,-5.255641895366689,6.391366109516623,0
107.28559181254674,110,44,111.3785649042628,6.1889381846090075,11.669260183501297,10.540060612194992,0
78.53268603708615,18,21,75.98590135646924,3.72490247928898,-11.574325230638918,5.960024154425637,0
72.56181516780741,11,30,74.93734305990645,8.603977902864841,-3.0612187864921383,4.7377903669278885,0
68.44453328809294,27,33,75.9922676011561,9.302380944622918,-0.12692734762810826,5.560993098311731,0
153.73990187968212,77,38,163.95969569222305,6.405133716233485,8.281862037636364,12.681094625915918,0
82.08482403972423,151,65,85.65099061062132,7.356044196250634,2.80929606251972,0.001718701891512353,0
79.10510354732298,27,42,74.71105890149343,2.8045889032221565,4.424966237440742,15.991298662750726,0
74.75775520598789,16,41,68.40423880776,7.093302884549951,1.5959279889927296,12.782272513785713,0
70.41964495630312,8,56,68.54645331112246,3.392176340730397,-3.991863705918494,9.983101930907127,0
70.92440868141091,25,13,73.60986284671662,8.154879130133624,-1.6458207266237859,6.749916656647734,0
109.0695227935274,244,59,113.24822095280479,8.461732579466045,0.11864803878741775,8.061328556169084,0
131.52646604985634,258,26,141.12426647970454,9.066662556007934,-9.09016190943486,14.110935280858119,0
75.07099663800575,77,68,74.93037501829659,4.9997577722390005,9.704065143537337,8.56457066838941,0
156.0,33,91,163.04919361973958,34.15318315424377,9.540822340883054,33.66190902190205,1
65.85001683134668,7,57,60.011388623650774,9.080158406479557,3.4345873396341076,15.122799852171084,0
121.05078244669772,118,57,126.86017395973867,9.042591128474223,9.308070143639895,11.325777636494436,0
64.3853783458105,2,15,56.804699245294394,5.589908611819187,-17.039815004663577,5.933226761055412,0
68.09074902595859,18,16,69.0331498184211,2.7701704960146705,2.9536218301560373,13.83600837434066,0
67.46751590976987,12,45,74.7298535821236,6.8100135205342465,3.8601923906287317,8.147047384637741,0
139.95474639054325,63,26,137.6850386544356,6.9881630914056645,8.432285460228684,2.3233724233463597,0
83.97598558616184,24,18,84.62002848179888,9.646566500498661,3.694767703559602,21.280006299774847,0
83.08651612506259,29,28,79.68216924457376,2.3654630014044873,4.835140562934618,1.8593661909119632,0
79.21331008261751,5,57,90.34782577885652,3.8740379538229375,-16.013803849874293,12.661860056483617,0
114.07177497323924,72,42,106.83711462422495,7.822404276774193,-11.717574989551554,16.574073224221408,0
85.22742831879786,13,43,85.88298929969004,10.115105322003885,-9.308318724449748,6.872820990001882,0
183.0,6,82,191.24039459291058,16.66609811117269,42.306475536644356,18.333615229888334,1
75.37998120695936,13,51,71.6019071562623,10.148036961544989,13.149050842773978,7.98147111940521,0
60.45587783437024,18,51,64.07515390246259,5.654938635220859,-1.6632239159939257,9.55246484419231,0
63.82613378815138,29,64,68.3380924874566,8.97893775037418,4.0904963325170325,13.168775733742315,0
123.0539264540296,67,26,131.97617750207547,9.01926261637386,9.084130327704301,10.907993845478078,0
134.646470657971,160,51,128.98572495439097,3.1369751462709834,-5.582634306031184,12.687926535219027,0
69.43036328399492,15,39,64.80219261561034,9.89277275117856,7.932152509682008,15.135887497366083,0
55.583286510782344,1,54,61.80081492622173,12.250024522171755,11.899847508490499,8.750073076532452,0
62.3797895878455,18,50,61.89420459051336,6.445807488082791,4.019232722270604,11.742212355282048,0
93.59692415779423,212,37,96.85062934312656,6.68975563025232,0.011945402907626633,16.52100782825824,0
107.69086598614774,219,55,111.62765253047523,4.012063444243898,-11.735581816384245,17.564233625140396,0
71.4909683413131,15,56,64.32523262277103,10.588481028562729,3.4113156307529375,14.40580944544087,0
91.42596333873172,296,29,92.71362910437664,8.3216238861204,-2.55077084395785,13.132173362269722,0
76.89940582800074,2,65,84.13407351899852,8.42281665677431,9.674128887749912,2.802179733119079,0
74.67636014163125,25,56,80.29406905008884,14.429615564341661,-2.740710945845169,11.246572708109776,0
120.67442642637528,171,35,118.48778800213901,6.148146292234343,-4.9518676070889835,14.782747308936344,0
151.0,15,75,142.15001542073963,24.774398837240746,2.6407788390970452,22.50568972864374,1
59.06697180790233,28,47,57.53458434735017,1.5306638689849024,-2.9700589653631506,14.905748577851766,0
66.55809481353988,15,38,70.28856388892629,7.3330415183668745,4.70463383303328,6.086894446448092,0
120.96290757685256,230,39,119.77616518582529,10.231466665167074,-5.665593613354231,15.184424386420677,0
72.68820864597531,12,26,63.73639211162462,8.615232739951391,2.4814657448661204,12.673182663187342,0
28.0,15,80,43.39202292227982,34.054196052705635,39.2061570771199,15.067662207106025,1
72.14033733881851,19,63,68.64242385633193,7.934380587365955,15.511537045085712,1.4151781114761306,0
116.00559945904622,137,30,121.30723980420665,10.817350458810541,12.064509169216576,15.614460616519624,0
69.76125248818633,4,63,73.04394939886646,12.027379668220128,9.367971945634132,3.9485544288481,0
129.0508648976998,168,17,129.88810545102135,5.2647997170900185,-11.123815947524715,0.34308167528656064,0
97.42930090460408,129,62,98.96638355051535,5.554906207567477,0.349625541558446,11.048271329143526,0
121.779348138031,212,20,127.62278190923395,11.168091114697141,-4.182249732529368,9.78775735494122,0
120.27650899598089,158,43,122.01441752278924,3.1112210420710182,4.414909242476006,20.027870228199767,0
53.569331851397145,5,23,52.664402521325535,9.870223921985083,-1.5616222946333433,6.369713516813952,0
197.0,11,88,186.3500710493004,25.42588127284631,45.93212617093742,22.469982220483228,1
145.6613241463853,80,21,150.8190426856438,6.459622515931484,-6.89274716709397,17.552954086267192,0
108.24257805114226,218,32,118.74747191502802,10.158054347872506,4.338390154445931,12.355366404717264,0
63.0250843683279,10,28,56.46417198068899,8.135668126999947,0.4095832150486827,7.49107903594234,0
82.19705171087082,18,10,72.25432981253749,9.788227620065951,9.355780301179195,6.213661132046289,0
121.85219713746892,110,35,121.23076825165674,7.365847310546093,5.972890916817257,11.62788908393535,0
109.15390342631783,58,21,104.85128408641162,7.7825668412178945,-1.2520306416736813,7.241310740838536,0
68.45098220283407,2,62,63.52994850452079,10.945622107261041,-1.9337129664471713,10.184732250696301,0
95.59497115827679,202,66,101.90810042002204,10.958696220578998,1.506754610926998,20.508650438293422,0
74.05400772601911,12,31,78.01783344424099,3.4600282559946027,-2.092759907874336,1.3648415553746354,0
142.0,5,85,136.76332324704606,37.25368311688952,38.57311660366027,14.380801614742577,1
60.73908091172784,27,32,60.336082165244036,5.500831828997724,7.323122204481294,7.252298627022325,0
64.31858606506812,11,42,59.29838175996698,6.401727381616341,13.598664110110281,27.44823804704935,0
98.01739306464106,239,15,94.96283656739506,6.83903564687336,-9.684340262710414,10.192400738234808,0
79.63062015738554,6,55,77.0154180093026,5.774273001065589,14.07373282849943,7.738645804032217,0
60.95345519858828,4,35,56.56592222138913,8.004999049824495,-5.963281901406255,10.939225563063186,0
78.00884448841404,17,62,79.57363511559528,7.162656406610181,-6.649792435711595,0.9418614608422882,0
106.0811805082253,161,39,103.12780769880104,7.466246372586806,-7.302487354372104,7.912848090052838,0
72.68323583860433,13,53,71.69772775266661,2.1938593766594483,-3.4901560102925004,11.007870103750331,0
107.58499104799883,56,56,104.92699507336239,0.6437515221812662,-5.807091709806731,16.295058773672082,0
123.9530389988478,111,39,117.65174877027938,9.459599908338093,-1.09647052330962,11.519509010475417,0
133.164472068904,125,43,131.78611831644542,7.152124161355966,-1.6587506122879665,7.529678570698229,0
73.63605909617789,21,18,69.3210298581253,10.275567622294192,3.5626252974046198,8.418329033800841,0
130.11347688755188,112,55,125.45338557017675,7.159828036446603,-8.945449137702855,13.927223150275873,0
66.2995600758299,28,67,55.74615583788783,9.322643034183427,1.1641799376828943,11.763751126294359,0
55.095010511617765,17,17,54.71489948883476,11.639801576025494,4.8570184307974165,11.158444104776251,0
135.58399317775104,83,54,128.9997877522651,8.507718690279175,10.332035245072355,9.729610753497532,0
110.50052168162536,155,32,110.1922185527611,8.771227986558394,13.606728471495847,11.3938835133017,0
125.37821570818842,277,18,125.55152286847435,13.34652864700473,-10.638662643651262,8.649770277219812,0
127.67785182406008,132,38,124.89731802017506,4.724193618295598,2.3466820584263024,2.7386682367709287,0
93.15989131512623,98,25,95.56245443395309,12.270923210110187,-9.272383011524246,13.63426249535251,0
80.64391497406665,15,64,79.04079259253258,6.177437270237869,-5.727737785471539,10.42522930100091,0
80.16288287952125,27,34,89.69920500122115,2.5170076132523374,-10.647903372552776,13.762628315804221,0
89.88593857325462,24,44,89.17098389971699,2.196289413496851,1.2052723478662457,9.921425300737766,0
118.93906650718488,132,39,119.26649080447093,5.732969483813305,-8.556479247018576,8.86661111451981,0
145.0,11,77,156.1243366247245,35.22933997037967,21.107747193833113,32.41430831418603,1
73.69787771899693,6,18,70.69178482967223,11.738788342996042,-1.9847763970544823,2.095645690378781,0
114.08525265760082,254,20,120.37143990315448,7.367241769107565,7.326824466512663,17.908818514807397,0
117.97358100625031,175,39,116.68647811780394,13.426569595168424,11.220983626619496,10.412285149487923,0
120.89717599116675,253,64,119.14416559749831,6.654781442093889,-11.03398466970928,9.269108853181741,0
61.64898307779545,12,17,66.05663067167436,12.18341196427304,-1.6389383759231626,15.361122039853218,0
141.398894704867,54,20,142.6503712557822,10.42734820472576,-3.1691687194985736,6.162441766162822,0
116.95957339771613,212,20,113.43502814200401,11.879072385947921,-7.557045903036026,9.360128102035498,0
77.20380415067478,19,18,76.84530017480398,12.808730693220905,-0.5028279767227549,7.687072639667498,0
80.47637815069427,16,48,75.72518454496812,10.58233949133712,0.18530068512108347,16.29373828710842,0
64.84453062890523,27,33,59.64564068939839,9.723146766446034,-10.41152540594689,12.039654087129959,0
59.72837001296952,25,11,61.308894981416415,10.351274184558893,-11.097386335526087,11.908708406059045,0
134.68356828692734,183,65,138.90389441853742,7.048430392553576,-4.242570016055943,9.530217199524628,0
65.17636879808748,26,18,70.9367055147476,4.46314024147987,1.1994865104720658,12.424744038007198,0
115.04492925596342,208,41,113.96200530713811,3.9974349439310046,1.8385852392346036,16.44781612082723,0
52.35463961897075,26,62,44.94891099586217,16.937164891404166,-0.8903432608424557,18.83119930149703,0
142.08966107966427,292,66,142.80145729434358,3.982924345776878,9.834071540797254,15.73140613726908,0
76.28335819050525,4,45,81.53055031128126,5.894897463528138,-2.3578607042855815,0.04658052721724637,0
108.23946187509038,124,66,111.28265602446035,13.83163067932581,-12.983289979609387,13.978515708498712,0
152.40830174867432,148,17,149.51357191641975,10.876654622541288,5.004781762987889,7.092930330347051,0
139.0,10,88,165.66090552160256,22.057151830598556,40.44191927810563,28.362997660435063,1
96.04565886451242,151,11,95.11553054848135,10.385497332609674,10.670010523496483,8.76472335302428,0
111.25315753013552,58,36,113.68686504092582,8.5919402368708,6.188380920856145,4.745294169055198,0
63.54309180235051,13,27,67.30269680049008,2.3859499122342047,2.6051785903195848,6.427142705787953,0
65.61310159356196,16,58,67.88512939016906,11.14310470663283,2.9212850598013547,14.12442018864392,0
74.3664691267285,5,20,70.67289279901657,6.379582881609169,-2.838805850814524,5.20542954997006,0
122.40843177446129,210,56,125.22751457139381,5.9458515369557965,2.4915366770320024,10.242695699113176,0
145.7029459401042,81,26,137.60334692416203,9.19260208609117,6.036787391455948,8.561317696332045,0
89.00678053485171,100,56,96.61177878054859,9.721321317284058,-2.960549217918202,4.928360556788908,0
80.0015018674201,122,14,79.57623521616236,10.237620886936803,-9.613885193189095,14.414196999896962,0
94.03656792889412,20,47,93.57229634334858,4.999157352384151,13.493525864339126,13.278928305766836,0
128.3968567189656,167,25,133.8007603467387,6.638767074390675,5.063533070347721,2.3672406915112676,0
72.71868059691549,22,69,71.07383000632196,8.911621883209161,3.3957440854395866,12.923012526964044,0
67.64573382441529,25,38,67.42461267750357,12.787081200490146,-7.3287176569767665,7.911360970459136,0
81.31361793590268,20,17,78.45145841985789,9.069357797328939,4.068490888877778,9.660680201739668,0
64.02186251662664,25,21,64.68739702894645,7.603270837629851,-12.737148222354623,14.370884586191615,0
59.825006737841335,21,43,53.36596946950576,6.519926092824461,0.7200022638185885,8.140263676527145,0
137.95786436938403,187,10,137.099010116367,10.979119648641507,-4.64552331943715,11.692715128702583,0
65.43965241759345,20,15,70.99780978829871,9.794752441044098,2.652799634232489,11.812581126408835,0
110.77029176889438,197,22,120.05954252534771,3.893178329890417,2.5450148989895682,15.141691884789406,0
79.13077559536286,12,10,69.97909309003032,9.133055835199992,16.958388382315253,6.568867850942636,0
106.39376731815318,86,32,99.87173801118614,7.711143255394244,2.7979775022061406,9.718201181161096,0
86.51143607795042,0,62,91.30779020837646,5.308291005916082,12.20663965800665,11.83454708548487,0
104.94063941877752,71,35,101.33195165209125,8.530462616418195,-4.373440676698123,8.641724448369734,0
73.10389639107697,15,33,75.64100103024342,5.2263076568657,-12.780793356763457,8.364913411951145,0
60.69012611514414,6,56,56.445602833291815,4.073947607032583,-1.2280055645582708,5.667761150238008,0
100.6322919874303,254,56,94.2718802159111,8.296227405749809,6.7527187587124144,14.693465009350232,0
61.46827405512244,24,53,62.147408227991555,5.293457109895473,-9.91443345018927,12.611012723357046,0
75.32473431082109,24,12,84.82165311566082,8.149983281360921,-6.819033934870336,14.248420124641898,0
70.319325227857,9,53,60.64779144063564,8.501321009420677,0.30715206590920785,16.49365054320102,0
58.599279288760656,6,39,60.76036274255692,9.752394454456434,4.910930769126243,6.277197298034854,0
72.23576244430511,3,27,72.49541183082776,3.9220285799526824,0.3346221640279031,6.413146525647787,0
138.8251532529525,284,19,147.93877447192625,7.7915356314907775,-1.947183687029959,10.041044682031012,0
78.23608617533388,15,37,83.07991418607304,8.49849254866203,-9.120870881522343,6.005351873262362,0
34.0,6,94,63.53269603428815,15.516104450121693,64.45493115022416,37.61557794587093,1
76.37998591431854,14,26,77.17985836557858,11.682335627343837,6.613412809761839,13.387228935360831,0
87.98647170504717,4,67,91.47124372760085,6.99854153073197,9.38499710069313,11.84821096099047,0
144.0,8,89,150.31380263865964,9.861009627733619,59.08458010994733,15.622368291241656,1
51.28622820661843,0,56,47.01376089292816,6.790802395889834,2.1778938026191046,9.71364794588949,0
73.98225193291961,3,19,79.55809140304986,5.633083134185183,-0.17817186679269065,9.351271907966089,0
80.128564642381,20,23,76.8459198850369,5.662759312256374,-6.976830123228472,6.644880444246523,0
112.68196367889307,255,53,105.83068073285364,7.980151267539536,9.525829191838763,18.807509467460015,0
146.2437195790875,181,64,141.4162296499422,8.090484717605374,-2.052703441457389,2.0137696744984357,0
75.44497786503369,21,60,76.22282964903492,8.263850285825443,-0.9776076249277188,3.8955624009299417,0
73.80842041955722,27,64,68.19114233336964,3.428206244634116,-12.85301535192955,6.899282659721752,0
97.82131998490516,118,18,87.93596511535338,11.252399262433403,1.8364091220923273,9.76148765257692,0
74.96184804731014,19,61,76.83793283309595,6.0880767589136155,3.667093628411874,0.43513509301034325,0
124.36193710844636,64,18,121.58488217336466,10.782856671845861,0.11266287841420876,10.326974102174768,0
125.0,32,75,119.09783737001655,35.37180069459737,13.818058445246013,23.521527325645256,1
70.57933586374247,11,37,66.9034552211981,9.958387350693418,-10.28513968671344,8.727707682120423,0
128.57993456089025,251,50,128.86860707956646,5.981252457928306,5.914145437939276,8.458744174665421,0
147.63977059325015,237,16,150.57453204916703,8.615800680803254,-2.0983680975186614,11.867405938660802,0
130.60300175612323,92,30,133.46252681511447,5.489131880903511,10.59009650268232,6.004318995717677,0
122.28788824346425,270,49,114.53020113862362,10.994349466148362,1.685481506363831,9.279572147737529,0
161.0,19,86,184.10999120985,27.02612351995006,36.74147335222999,41.545926250622315,1
70.23232188108564,29,12,67.59120185114679,7.557224359093039,-2.93120771537528,7.496764904853599,0
90.3311414839845,24,10,82.93569504349689,7.600107299018213,-2.4851750547862554,14.305831179910905,0
108.70194327613544,151,63,108.13398246762561,5.575434025255586,-1.9907817519282347,14.381065371361732,0
92.10903035413435,10,11,90.20876210113282,9.470567822419447,-1.5902878498282582,14.766456271512599,0
139.62473746337153,265,29,143.32126666753302,10.449017467815032,-3.28507753584641,7.463081591269507,0
66.70388609747532,14,67,59.28225391804652,11.392495469486782,3.5560135482434556,9.655718542476896,0
124.81403631481301,68,56,124.48748275645103,6.013434356970018,4.1290797287035454,17.649417442025754,0
137.75303167152904,293,43,137.20376348250355,10.211212011853016,-2.3914991761586424,16.944000518097884,0
112.43365975054246,133,32,104.83419575244754,4.673551036140363,1.626830067239982,12.775448497207934,0
78.35987141365459,5,40,79.86023893699107,6.449215217413495,-5.905152550712608,11.121391405453547,0
135.87158426994054,102,11,137.64578504779203,8.395820722775458,-13.590234462780291,3.9340608160568022,0
30.0,0,85,30.769792740503924,34.80082785457863,26.538524935160034,33.6972478062278,1
26.0,6,96,39.87244471719166,21.179136832976425,14.702223971856526,41.19056245395399,1
68.01952275021529,19,12,72.02984654629273,5.533148286072532,-4.542346736579097,14.915884031328371,0
76.79886291314462,10,64,75.18569947677797,2.35371112045211,-1.7843207284573297,6.1478956583845745,0
61.617692695080784,3,16,65.49718044003811,6.571969999937446,-0.7823599766736231,15.92492223800158,0
79.59787236953078,10,10,75.4002345794425,9.713094393191442,5.028795944243034,13.496501998589501,0
129.37355391981063,232,52,129.00182727101802,7.446345673442164,4.738636376106746,10.496569074756747,0
77.14196058221864,27,42,74.38117052947179,11.894866410278862,-4.881573517374169,9.123789317775675,0
65.03847641036879,3,39,75.58569938358109,10.353800955310126,13.800938658068578,13.360302595468838,0
82.19949483466368,19,21,84.93971970469353,7.616965783083219,0.6420079176941901,5.357619848122239,0
147.0,14,86,150.37555683053998,14.055189189210228,27.640001197651998,18.446015612211436,1
111.57606831814644,166,56,108.29396175480582,9.861329825178945,12.637246110030873,16.18606935182318,0
93.5126619552391,236,41,91.01761942976043,11.416807462933846,-7.978332088783276,13.079775445220276,0
61.6267128623028,5,65,67.1662253536783,9.281600250554916,-1.4730160680363007,19.30779853836398,0
77.46126741372575,16,69,72.23307807769916,5.296100877139057,7.772413687747693,4.841508401158342,0
114.80470464510245,253,12,109.31047051521074,9.450197838373867,9.509391857242761,5.369270983532186,0
84.43155411862408,7,41,91.1440231519577,9.414805898022657,11.731943239882716,9.92760570667625,0
72.18575945162974,11,45,68.10906890244152,4.295169713987901,-0.3097890642098709,17.94938445121467,0
25.0,15,91,45.31216293597966,23.83267532499016,53.32663317484372,38.866165124813364,1
86.34205685654341,14,22,94.07589634467956,10.043836703976313,-4.341252553444857,13.625020418709047,0
124.56738302520218,127,46,123.98452629293553,8.64250682339525,-7.812962526908448,10.801344287087883,0
66.75584543881442,29,69,70.69982764757832,2.4740856300529686,-1.4225022791788022,3.608788487104057,0
28.0,3,87,30.55611675733966,25.08301395890138,50.148370995606406,12.06615727637626,1
72.9777267542037,13,43,73.19186735610249,7.759719819519693,-8.625801804776444,6.390261418276391,0
71.80557859100452,6,45,67.14262030819911,7.242295545820519,-9.982265455718796,18.162056519658176,0
87.65476265353975,164,26,78.32353012362145,14.08845055184823,7.747421804449502,5.1056545116472165,0
101.54318738108064,244,22,98.49825713940483,9.932144649264966,-2.740181898536392,15.968295306780455,0
108.90710160509123,56,39,105.98485731755815,6.576802515888826,5.469342889828466,10.836427262272496,0
73.7741748846445,9,14,70.08658320693894,9.081054427329033,1.4104055923250403,4.908142184327408,0
82.32955715684454,21,18,84.28895841690985,7.6488848315775755,-15.63554840923676,14.30632878266574,0
70.12518512508717,8,21,70.70328907719434,5.10238509723471,3.412314320212343,17.450717979417384,0
79.01263925038448,18,33,86.57611054084919,12.528655022916173,4.602199466898174,13.829864540772807,0
58.98187406547962,24,58,60.68093902548187,3.345056652657317,-8.981942178251746,6.674325051743846,0
83.11442246380659,3,35,82.89644229155252,8.649184622743846,-2.662081333672051,16.233216531431744,0
126.0,33,94,132.60168844316888,25.749002136617662,45.23619790507585,34.05834321432439,1
27.0,11,86,63.971731128700355,4.805980471857971,56.547572879997574,47.374740867332655,1
103.68987847613288,173,25,107.12512520975201,5.739050867280977,4.063544628360207,10.56550039124009,0
80.02591364418166,8,21,80.60722703125252,11.37000135833245,2.1424500917907907,4.825909217038294,0
172.76951056490378,212,36,177.36241999047587,7.693829666959234,-10.076538877318631,11.725140766177818,0
65.20580439057109,1,26,66.65870612994378,6.310513335473228,18.879201706486747,14.742570401767276,0
118.63901576563332,280,24,118.33702614067963,9.626536922304933,-13.689632232095912,11.024526943462597,0
54.97084604785404,27,69,62.17233079188397,11.176333210577015,4.84143736145774,11.073680468535725,0
83.67217733304373,21,32,91.6144132142443,10.506748329019182,-6.240527623400921,4.426130694813764,0
83.19000232540104,24,64,79.95912507476918,10.21152829415358,-10.994196444437838,3.9959592344798764,0
81.8849596997846,19,51,87.03984468878545,12.373576518981803,12.834224294579656,12.777443875314024,0
70.42976290200134,12,63,71.46955422950599,7.331824505504841,3.9951610689375086,8.589037826782588,0
67.22801248059037,5,63,73.09234908222615,9.012864591511583,-0.2134490707073068,5.0471250589589625,0
79.80976604397459,17,38,71.35943973800886,7.689083824288699,-14.719213313950084,11.254983618377047,0
121.90602860039333,151,66,128.2624599110284,10.276368064318055,-8.668120856078486,13.304485855597882,0
179.0,17,81,211.9066098187491,6.252060848149856,19.45384126536294,35.777670241278976,1
101.67922938105953,204,30,100.49411344545715,0.8072458789570822,-4.538761213658321,15.424624179491397,0
70.95286741374662,22,39,57.43546676493875,6.6374942415212335,2.7168148273735193,1.2562696193180596,0
73.89328307292374,2,24,75.37950443982436,9.71601883490142,-5.637827484887071,2.312076017754123,0
68.12817041395853,29,30,69.94975252690804,6.3166381405496885,-12.386946427477628,11.393662135995903,0
90.20148997320248,2,49,90.33235741635669,10.746369493052105,-19.119636484623822,14.016964831782257,0
102.59706271084656,24,35,100.09589862897482,4.629455838660815,8.627094141648845,10.815104566163878,0
80.92410819815211,18,48,81.40221042759907,3.5642412626604756,9.150032345655433,11.69248203747207,0
123.21799378329624,144,52,118.59477369105608,5.486858375383826,2.5157968889659754,5.116534022636042,0
76.33967422465048,13,18,74.16912332717058,6.368661700329981,0.698519792068511,12.733458028856566,0
116.74068384784658,147,69,110.93344079791643,10.191524855194295,-5.547278544818626,5.654555127471491,0
81.31148531372463,3,28,74.08508529667566,6.897872804993813,-0.6323880378569643,10.639092685642968,0
76.35573982875428,15,52,72.572438371579,7.0802164260732425,5.311282620534853,12.929920898752592,0
134.70482020037556,105,29,143.12762507987225,3.831115273513851,17.052712901854022,13.802499550185935,0
71.30188550867322,23,52,71.77278502689225,8.506273093838704,-11.308943307382245,7.5334535051586915,0
114.18434130372569,197,22,111.28439079394036,8.178985681090934,-14.514464971116936,7.86618585580716,0
65.61711169383275,23,17,69.69988428166074,10.045979897762436,8.333862821236776,12.758401161279847,0
128.59094230500497,116,11,125.0103778128321,5.2608487053815765,-1.220878659508317,9.69891109282119,0
128.88636544456736,155,27,125.7795073398575,8.196509804358032,6.621705388662023,10.966521990529964,0
105.8074939671417,229,22,102.30625968503531,5.917145149503584,2.615213909970587,5.835733734793602,0
98.94662055654506,245,44,97.93492602219462,7.450264270372154,-11.535282848894473,14.729647926351891,0
105.380487629611,81,47,108.60189228097556,5.394926080145845,-12.43403763394252,4.696811937967562,0
81.35973159265617,10,32,86.83440187086582,8.21456613283334,-5.490754293191808,13.91057802488193,0
70.8150046649335,8,38,77.88448933109939,14.938589107022253,-0.012067082151936488,7.901233591993304,0
63.384492171071535,19,19,70.46417374671626,5.851571343570305,0.1310953478370889,4.028544791793294,0
70.7538220380987,15,53,64.89086399383498,11.378150752316504,-0.41114978870788993,1.1348376589655924,0
133.1561815402588,240,44,136.5240072561923,4.489660921821922,-14.415843500640158,12.70731364102394,0
106.4359590290546,227,62,103.70851825685702,9.681500715998643,-2.028161165928618,11.172453589892708,0
75.84974375433987,25,28,75.18070987376495,10.159591873850426,-0.3744406030957528,1.9455079021673978,0
87.04112837700796,19,22,95.15550829936402,10.088671047688544,12.453252541236619,10.758979744362502,0
96.90139645551811,150,23,96.4691781007608,7.626659061193952,4.909625978976428,12.42264741449151,0
60.17911447911351,5,41,60.379424575096515,4.419556516890212,1.935644490803134,15.014498207831107,0
152.0,9,89,176.2621513710392,13.788562672025666,22.060510987751492,27.204671447358805,1
110.15937390286535,180,63,114.13060185787019,6.722415240795207,4.313152943601202,14.89184968884886,0
124.20361658564532,106,63,123.73058140169618,11.406519578309576,14.853852833505174,9.541446585649348,0
108.30732236308043,99,34,111.31911787827019,6.073949083295103,0.2883068463591061,10.005452333665946,0
116.50033722176671,80,30,116.08038610515518,9.430333074316186,5.158422553572082,3.0651726221407607,0
78.91262491008804,29,62,75.14646252676495,6.677624911964259,11.684453084668364,15.809543098140225,0
74.18124369681003,14,27,71.75403685128953,4.67157336548077,6.09191791151489,16.102149547944325,0
109.40904204025213,149,18,113.18079370535727,6.267305460713493,-5.017047956225351,4.4995232951596815,0
100.89244012298693,223,62,100.11898846731415,10.141632332270412,0.7921155958980585,7.387926358112454,0
78.24953698064157,28,51,78.18122236394197,5.96145705327318,-8.544510780502714,8.186690143219606,0
95.07916250616111,7,36,94.17191715992352,7.680988992406055,7.964652112016238,18.515863049590187,0
76.40698801528245,1,54,72.39606466626803,6.4979707955134565,1.2572149663275878,3.931523430251734,0
103.9095426461823,176,63,106.10179960453077,11.168775360343854,-5.889493680708956,2.5898615909449463,0
55.0411890425561,10,19,61.30045531646831,10.607245319797943,8.538535641398102,12.152311077759508,0
123.0,23,98,127.80367233053224,47.24833732246131,70.27745032604722,37.149156849727696,1
27.0,6,86,30.50426154268738,30.996043371292515,82.60367322537859,17.8969176722072,1
108.95083599738723,196,20,108.74086674124422,5.427220319216194,-4.759728442528399,12.166417976537808,0
120.04183044002801,139,44,119.34623306906212,7.504776980387919,0.07874377889580991,6.670211793655991,0
76.87673274923294,2,41,87.15219579234031,7.041919977399026,-3.5734677655253364,7.621643260156988,0
141.0,5,79,139.8347658182576,29.81554467689086,3.246817721711679,29.65413191716971,1
74.26398402285955,9,66,74.26659791412771,7.496685420996899,-12.120236253637293,13.198951787214433,0
70.6802235796821,7,48,73.55576268463096,3.536414889528131,-9.001488813849294,11.944094551318567,0
85.18401165281031,18,58,81.48520276261009,9.254098631979112,-11.244351054288448,10.255106621916916,0
149.562964060767,223,61,149.46562056538153,10.741314864156756,-12.365838293525865,17.94919489090342,0
78.53378014520221,5,51,80.80676868160194,7.2422718048719,-19.37513597825342,4.337364537371485,0
156.27419428743815,169,55,168.1168363443956,6.1471932275908685,-22.298850892891885,14.818304028843123,0
65.62113208490092,3,40,63.96401458172297,10.269782355519297,-1.6382820608458861,16.427434748544925,0
62.956285021002955,20,11,67.24813731807994,6.734007869799738,12.830651374891326,15.0024831824528,0
72.29436690742386,13,45,70.24785746625406,6.906291076418814,5.815935385101152,2.4985710098801412,0
119.74993043407297,136,41,121.28015520199853,5.316372862618534,8.356943115108958,12.517403983019996,0
138.99407311008696,89,47,133.3360294650842,4.451278536851645,2.3728204950465996,13.219256807143488,0
65.58399501331968,26,67,70.05596591482626,2.999932595676352,-3.7051562523482686,22.21166403921611,0
113.61273002450173,59,36,105.32701209884021,5.342213883605186,1.9964514424604565,4.212159711157016,0
135.40713817962927,102,47,128.8037995370458,6.8701201164445544,-0.30747585270425554,13.48407014719507,0
72.36661028391435,11,50,70.4731362715701,5.265040588067976,-9.899747376797144,4.313881797988409,0
95.51672880857222,118,29,96.92155041316322,2.663839253287164,11.968354491913464,13.271828281770288,0
72.37167265629687,14,69,77.0487957204116,7.3220871364478715,-5.57787613480554,10.45861511813491,0
77.77630725345973,24,38,74.03721476886612,10.967029173452293,6.052103362291104,7.13569513464278,0
82.37716615671117,14,25,87.23411560384888,9.330217062626659,6.399287619926432,12.67064059397337,0
96.66152024265156,244,63,95.29954039015252,8.230465673180767,-10.263937793508557,14.981334097235699,0
120.35826670290693,261,25,122.60264941494813,8.056318164023919,-18.151182427149262,12.518049693339627,0
43.40479961325558,20,45,37.258012210163955,2.745166078084657,-10.983293520444752,3.6610339736062345,0
84.70529224147143,15,52,80.81235700741287,9.932194768871668,1.816504425153197,9.613891442007871,0
73.58820574765029,7,29,78.54484171060417,7.896720520547813,-12.341804075857029,0.5683277127986521,0
62.12232913225533,22,52,66.34603468787242,12.056127105995413,0.38524443375607165,14.838056830610993,0
80.05457863570892,19,38,84.79581095389803,11.346821033730174,-3.0195239222862336,5.499193832450989,0
114.30287429847048,152,43,113.97708981816662,8.519188847271614,-5.392420122526295,8.494611374424933,0
34.0,9,81,47.84699872776718,16.781842509778755,62.560526745512874,29.231496326647985,1
122.36656966880503,188,36,125.97266490811472,11.338510230648367,-9.030727312121364,15.591121597905454,0
67.14167903617853,19,56,65.14895037097105,9.024856817011656,-2.330335497478411,15.42963054843124,0
78.52534693759479,7,40,69.06261701107498,7.336408004822603,1.517767068464465,15.93193706107644,0
110.78803419754553,186,33,108.61724585825665,3.012489158902236,-7.580047135931118,8.670650235566407,0
109.72190703210892,108,42,108.96412975705901,6.392595610843107,-13.658863660743574,4.417377800256705,0
130.05990196816722,169,50,128.10649350257097,11.172905959974802,-19.468314184959386,15.243165752045694,0
72.12617812360777,24,62,71.34703169113703,14.82015469295726,2.7368883036000105,7.200568623409254,0
118.65249052015653,148,48,128.19417460538733,14.032822653680162,0.9528045479816576,5.843259298493432,0
61.30975414145603,17,59,65.04357783525721,4.204014391334583,-5.581692159088065,8.75706845228039,0
77.10098731207273,10,13,74.2380570714401,14.45622006758618,14.287550786156723,5.342009282355971,0
120.25671152295195,245,41,121.97226956058728,11.69623843424857,1.5859380890064234,15.480918477167144,0
66.72223135754061,16,68,70.57942631711973,8.969503142554345,-1.1808206903893494,7.669817490658788,0
52.02311856514406,12,57,45.107913687081265,7.002136529387142,2.5312134463542817,16.373171850224548,0
143.0,6,82,139.76016070244506,22.50500621213392,31.804148952644834,32.20924778453664,1
72.24732679929618,27,57,77.19010546185524,11.9106909030933,-12.224310182292907,6.486406814565354,0
68.34847386801786,16,31,64.1460089404844,10.061715351185866,-3.4863178369890875,5.792752429354958,0
80.12957112365649,23,53,75.35926238492488,5.1391861609409055,-8.554004751617265,0.31740632745942143,0
94.12231970378977,174,53,99.84417240726614,7.004575770435597,-12.558452429436011,16.429479364136306,0
113.919045317881,237,26,105.49979630304566,10.202923371859265,0.7175194376959027,9.646843022439093,0
78.93706112536185,17,40,86.85953300114714,9.638219515424803,-3.725622677272596,18.531096540126974,0
172.0,13,82,183.6904776357045,33.80877471045703,56.523228547057585,47.558177875454426,1
70.87353683112312,1,25,73.12766340399331,8.52823786679414,8.26220602046739,18.848885663126815,0
81.42842175332488,7,37,90.16508905602736,6.976462706525528,1.7956360291360198,6.718527409568349,0
75.88182292724152,18,55,62.94002710948428,9.746918145508594,0.10004012274903204,10.133492045179285,0
149.71621340893827,283,66,144.3454464995552,11.847945923889789,-3.6801372882103616,5.2372093859071835,0
111.5422750221021,210,50,99.9151742514037,10.943647652220148,-19.28530155926513,16.787941046384212,0
140.46427421490475,105,30,129.5976426780137,11.065237349303327,-5.048024071282534,10.058993235209796,0
98.54787933059052,83,61,105.75424577592109,3.6924135464616814,9.305310017239677,10.051165305097935,0
131.0,38,97,153.43980291937754,19.123732676594308,22.940643191679214,52.88634192839553,1
70.76975761663793,19,39,68.97098206490658,3.6586501972371677,5.255291027153657,19.35922886535029,0
107.0242135487387,167,23,105.63636401372024,9.637044914571007,-6.279837059550937,13.537473081854115,0
78.97776901011213,29,67,86.95581812516687,12.902585799731527,-11.825176702413296,4.342931943681956,0
128.778762383134,164,12,128.58756984474354,10.773472455720114,-2.435846539122463,23.7185458466843,0
37.0,5,99,30.370571441294423,30.224159265375043,11.692627663410033,48.26292952390662,1
70.42617949120995,9,38,71.39704388196536,8.712616590781323,1.076944082709519,11.966003908690203,0
68.84960912567281,3,37,68.64534742787578,11.528237178905675,12.161694853540633,13.253575512207938,0
122.00910443895874,213,11,121.85621177690228,14.183736405381733,6.585980013700146,12.773661084945974,0
123.33328670097677,94,55,125.2674957986441,7.027094344039391,0.6039840719952261,15.106816174498357,0
74.1648563448724,26,17,66.1052762583289,13.014478153599978,8.670687119287177,9.879109212894384,0
119.70704415799347,146,20,116.13889969197113,9.019542166895993,-8.503541841465351,12.636449594186635,0
80.94290528046484,27,68,81.34304072220257,12.204734416998335,4.529677593193604,11.264416385650415,0
76.03940416068305,25,24,72.31818732590519,5.522692713595525,10.968790511295376,10.089849575082352,0
73.69729284390374,11,44,74.14426243963199,8.2597693624187,-1.2454178831366358,15.838910308299036,0
142.6386002974125,191,67,144.54918615037508,14.873321523856216,3.766279795161948,13.162293430740881,0
54.50011451176334,2,52,57.033134649273265,9.352570599465245,-13.310025560255935,15.245627086200127,0
58.66444990381773,7,57,61.30437990659191,8.37656412528031,-9.25107351693807,8.43109647881052,0
81.20011460005396,19,38,79.69329899785303,8.791784460514661,13.532817323019307,7.719471324297145,0
176.0,19,92,157.0941599396014,30.052983148666257,1.1997842429922727,26.099644197997684,1
126.27816480140959,213,69,116.58829206532685,11.319371456883932,-1.9667865395518669,3.3116290695615795,0
58.49467003357735,3,58,61.655393575765245,4.60820431033875,9.687344378520029,3.4666538451176976,0
76.90677104544734,29,24,73.68362287593285,2.369503923491324,-9.514426654420543,4.4868851837866615,0
79.83718781814565,26,16,79.08300971511287,7.28900248681952,2.8103104753963324,18.449467283131447,0
105.46423422693626,132,15,101.09588976732313,12.633326296622798,-2.686253935633047,4.393993365805748,0
175.0,10,93,196.46778362774083,31.230347539913936,6.461523929953636,62.42963335615224,1
125.26755214142597,289,46,125.60289964149403,8.168852058563871,14.86334850212747,7.3205630333090035,0
114.2612423591635,249,31,115.19677785978897,9.16527384103252,-8.21801510004103,1.9940940059421344,0
66.16279354310574,6,36,70.46354752246847,6.024103757134909,1.7304432899865305,10.58282828407668,0
53.127372968504076,16,36,54.02690513515266,8.984694130068855,1.8731544644919969,17.619187193453648,0
118.31469162794428,247,57,121.52094359458623,8.554439812292555,3.683357835520382,13.690401874548254,0
62.04442751579401,21,52,63.41704866471655,7.939275575934533,-7.070642182630917,6.758581453484721,0
87.23368553129795,12,32,85.4059375979639,6.775409979409337,1.1558853699283829,5.380394614036757,0
44.0,17,85,27.17333864197816,32.08061181442608,53.63038384991989,48.539306231887,1
111.48063252818274,130,50,117.6643714584544,8.20411854122491,6.038592201742751,21.5908698896656,0
77.84572627949568,28,67,75.19603743218323,8.673877356167058,6.732226736318073,6.911816953028766,0
68.40094462816752,15,25,67.16240863599504,1.9382194990029848,1.137545081130478,11.501904684789427,0
81.02916551413958,15,55,75.88351712374805,8.15885757413013,-3.0670109943525667,15.173491712390163,0
60.9980794866585,28,46,62.48791017910509,16.16340063089838,3.6251399813665763,12.159281003791813,0
96.42759122984259,123,56,97.84874453105935,3.308508546212904,-1.8686243601768522,15.942205987174571,0
68.57760080027442,1,46,68.21449554257954,10.609057865345376,-16.3507147235863,11.5742393573627,0
60.642491521417064,9,67,55.46979836717563,6.616386189163299,3.332807318088841,6.144293217213904,0
135.0,41,85,167.03218710358038,21.892286595567274,0.5356938154769182,22.636561949407767,1
85.78901699846469,16,34,84.45338531876122,9.389405822723031,-2.8759103216289565,22.518981136343868,0
100.66406802557941,133,34,110.38379751058194,7.790068488963128,-0.5701698587881179,10.787074032664428,0
140.26523628730502,166,52,132.70259146081065,6.934650303670675,-10.397101358899327,20.88526323744188,0
107.78490118482219,133,20,103.99197761896052,6.7976826111440065,-7.950968553680784,2.3588837780728014,0
99.30867233223567,29,50,95.41291407259419,7.4170053637390145,-7.089762748875247,11.343307133418863,0
63.42570484640203,23,59,66.54857735473388,8.998917401244885,1.9854364369655046,0.8456140343890421,0
79.17079029065698,29,22,73.96763364221414,8.203556725428651,5.883167941562689,6.562438143199085,0
102.27199591333118,246,14,108.36561668795792,5.575784913485586,5.728434679137394,16.178336430046656,0
36.0,4,83,39.29270649886948,19.28566271862544,-8.530694565763284,49.637683113023414,1
137.5835887013759,176,12,146.01183020847174,6.61911366741846,13.857722019885184,15.375414105179816,0
80.6256650124738,26,63,87.44483941348932,9.207035445273643,-7.49514422769323,9.408304918627952,0
56.57807105812777,16,55,61.005707919657546,12.761756235726109,-10.014531403172032,5.879233032501919,0
92.03657742990177,20,51,94.1970430444808,14.37464355085936,0.7310670836526422,7.276615741269473,0
128.42446206241723,217,37,130.45081565808894,6.3839219555956195,-3.1282105421244406,17.08270175496572,0
109.16728038109542,82,45,122.3133435375968,4.9297420689480616,2.413780101463187,11.434587143361616,0
64.00115523518666,21,45,60.05803229179124,8.073043153170893,9.921441486035908,13.019923769494355,0
81.27421857642301,20,58,78.0474094219679,3.9680930546896507,-7.898485403910377,9.03126349569273,0
78.32454216642302,24,52,75.9536512909032,8.60304494212596,-3.38171567754168,13.747908716538277,0
83.36111084032714,25,56,86.05673869798157,13.764318579659859,-7.759846059484845,7.523429975999379,0
52.735450605404516,2,55,51.73823202596424,9.306763750075518,2.822669145220959,12.280608293761945,0
70.48833151857536,5,21,69.7925070449402,10.295041850479603,12.492332515063762,8.381091339271858,0
43.51457379369924,1,48,41.70236908668358,4.640990316121568,-10.357451805767246,15.804133936892597,0
83.59541244204911,16,37,82.34911959344028,11.199246538691435,3.5258248795527996,10.148187862756581,0
170.0,16,87,182.8623326630351,21.205048523717437,7.502944761581773,30.171426191759206,1
90.45882315766694,204,32,91.38683633145452,9.308916561428328,-25.655133387804508,9.08961042076202,0
64.14104354053613,19,23,62.623604743043956,13.983034849159548,-2.319336686910902,13.536892875709851,0
72.10737563774194,25,41,74.81211774138157,3.870611431650185,-8.959318845620666,10.00152334674364,0
62.65559542979725,12,16,66.27976892314499,10.497003402225056,-10.880825904972099,12.743264446242753,0
79.7222810141559,19,40,83.10825100682185,10.282234284906076,0.14705626216815862,7.764727820169684,0
121.10300581573442,106,19,126.17460814595461,7.033326964736496,-13.721585005374124,14.177190963216376,0
46.42961701679552,3,64,44.50367887827637,6.331676937070593,-7.004737685416701,2.369962729250629,0
89.9046351410719,23,35,98.55983704846427,8.926155182581521,-2.7117444065866896,5.637809506991612,0
98.38175256620599,22,38,101.82676828641303,6.444345178366716,-8.608045201111285,5.031222140548401,0
56.517383317691646,9,69,60.397820182004466,9.856318218754419,5.363243912475612,0.9203400199008858,0
81.19748478990427,15,50,73.63599483148428,5.610876574731472,5.277218390217999,7.886005726950682,0
81.6361181086288,9,43,86.459112701585,7.220109898941969,-8.256566376976192,10.501412572708725,0
112.90672439281477,57,30,112.38095815633811,8.354812164978737,3.3474134997991642,12.695885953570963,0
82.41051977555804,7,55,96.79870737361449,8.183563294369668,-0.6110481493826845,12.264976385453513,0
122.13029491951579,137,15,125.05739712455136,8.330056145127623,-15.337223535018504,20.479936452343964,0
109.56095396323929,261,15,119.52278228246901,9.487296719046531,5.1551076283054575,6.6075263475638915,0
73.68208406230498,7,68,78.4221933040789,6.438209252609321,4.135107883164636,11.631646117207909,0
127.70752789598319,171,12,126.42347635388802,7.515122763612586,-10.730197368146293,2.869372336653515,0
116.03686072508452,92,28,120.90354797315163,5.732074126054965,2.929172207725459,7.466479118948808,0
60.065753718585256,10,56,59.118272091581865,3.316456464431316,-8.76139934508367,3.9802982637942215,0
119.37586033510013,167,25,124.38239302048626,4.668331253098973,-10.33307772907513,11.36574658502103,0
80.46013544671268,11,66,78.84335438528164,8.142810655443053,-11.780067024328071,9.55152186596237,0
70.94350359535056,16,27,67.16498857755246,4.456984974707165,-4.007930157843337,10.643818681742165,0
106.59102849641366,264,22,103.55351528938012,7.9145254170204815,-8.930389080702678,4.88223856296816,0
119.11303424460633,237,65,113.55515716654779,4.559420984118846,-18.167722233021085,3.0460969828336655,0
65.56953297850734,13,24,68.34881523626662,7.800890482369837,-10.453434645158334,12.47220461746803,0
126.83097256467322,245,30,124.68574282534199,9.408226568587114,-0.8146005260834313,14.834047854920597,0
117.75767396978702,75,26,122.92593889514607,6.540146115261804,5.67256958280282,15.653744877718786,0
76.355051407706,27,13,79.41148546140359,8.752585278117055,-10.335532685021334,5.6895147812760385,0
148.246233796046,129,32,146.0862257747913,15.001269601116693,12.561051324637692,9.360126822357422,0
73.270426920149,25,23,68.29763068849165,4.736320963672226,-5.473937444121948,6.47122218886401,0
123.91122802744417,71,28,124.26630682969258,8.497407911752386,11.449023763972095,6.122243945304707,0
62.81060903836158,17,36,57.77387190253687,5.293681473965245,4.112399353988011,0.9074684016317178,0
129.65869515444234,294,35,120.66830335472794,5.062458691167202,0.6374478387633109,9.28265134847801,0
118.4322023483432,251,37,115.93241349351368,9.564343779887633,4.5861334262098765,4.199966249397202,0
72.30233802717336,0,69,61.92436270278418,1.8198351490804079,-6.932127288071098,13.284247621648264,0
127.0,12,79,152.39507075633318,16.58603660667577,20.48427259711098,37.52668828958135,1
105.6355222878037,250,22,110.3693551273366,3.0881577817892136,-4.169083166344414,15.52468488500677,0
84.96023768716348,11,35,88.28028068363346,7.205963507904998,11.8111096767248,2.765624023604955,0
117.0,28,78,119.24891493058898,18.055958930453087,27.46883536598832,39.77624572783032,1
73.07668755704998,10,42,61.71816496705297,3.9074293185573206,17.093805085720753,13.270580272331316,0
118.21457592254542,111,33,121.58747160432225,10.402899662980067,5.542880448632243,7.8351315266050765,0
105.43522702176465,68,48,101.9941092326248,10.04746762778191,2.3182758292657746,21.66517781055734,0
64.84662430905334,29,38,66.10778170864982,8.397244929660904,-4.349928882927399,9.96452070213705,0
102.40257143989761,224,62,100.17702023698389,9.968382788488274,-7.875482670193391,5.769311776848868,0
25.0,15,97,18.91878048768888,19.47676779181866,46.80343824402402,62.070520848361895,1
118.16320779693382,80,19,121.33151790339586,7.477960654021529,2.9427055471911725,10.924070838061244,0
141.7002925423095,270,69,135.88409339855806,9.46870210564488,3.235714903074597,14.734303865070101,0
126.9096165292348,96,19,133.1630427296274,11.717219622895897,1.3723045001314296,14.35899265741799,0
119.33334801303455,108,48,116.13365016871818,8.429599042130908,-6.424967390353929,11.171205832450621,0
136.68091020049735,251,64,145.037680620963,7.891569208338387,-12.497878853202112,3.2262917035386183,0
132.2170009912276,155,11,127.5794500676783,8.472903675322831,1.5596407392974987,9.879354447725133,0
67.99170992717055,19,53,75.91463625102402,6.2051619974064565,-6.950140356583278,13.067300828359185,0
136.19742341314483,162,12,135.7902463963192,4.894551380090917,1.575561049438003,9.711921494344965,0
66.95531080348518,4,33,65.58161096028634,12.108530427224846,-7.097025782357919,12.715585489578956,0
116.04718619761303,117,38,109.1133451434246,7.665399151419478,1.37674300905464,10.228613978427227,0
152.56406059377173,149,36,152.90744972274055,4.222781487068405,5.156397807097608,7.480853607074141,0
90.03012443766917,9,23,86.04051649415007,9.69377570362421,6.3221065470500255,15.227362502330363,0
67.95638007309978,5,14,68.6855624241767,9.755898309549014,4.119068768610978,14.099626263176171,0
109.57498896259419,67,29,114.54894822609032,11.463214361355346,3.4967414740596667,9.885208265610576,0
69.66303143538228,0,40,69.12371456148607,6.818373757786183,-2.958739726747803,2.252012580595175,0
58.57616968538383,27,22,61.08351605640013,10.774642678586755,-4.394859453408389,6.412734637790612,0
170.0,65,91,169.81117139683346,10.966373466076654,9.320749354663185,33.926701307167406,1
60.08639649083699,27,55,60.25160518649425,10.916134661307616,-4.091382709229301,10.837629875811242,0
82.22399779230804,11,16,87.06305884633072,5.233027831196791,-11.886665916377469,12.223611310370886,0
71.42771773973794,16,40,77.73303206571039,6.074957636676666,-6.76083797942086,0.5407375286389442,0
93.18905673773062,229,66,97.29937001841527,12.300427157797198,-12.318980741719239,20.83173907469807,0
62.81884827565481,3,67,62.5056071650457,8.723720745220188,0.6760411655429006,13.98997274806118,0
122.52409471978788,54,57,121.01107960264328,5.624641592102663,3.1436325053875303,12.798892473933126,0
80.18313736319962,19,38,78.71266582125645,8.8340278546595,-8.651262783690207,11.620117171110326,0
26.0,13,98,25.810963609390463,29.136434079336468,60.50268872082408,58.311312097913216,1
102.31996145553717,211,28,96.68782301112338,5.438967775136189,0.7088511257979886,7.538406025104825,0
34.0,7,78,51.02841349725881,18.459427214132322,25.401794280088403,28.97819068547482,1
61.55028434148204,27,55,66.49802924684923,12.084298073836553,5.746002140033527,2.4700482159031836,0
140.5874600582618,138,54,136.72968450821872,8.144731064252671,-1.7130153461505004,7.442631718628268,0
132.80090158288314,182,25,124.42801998394286,5.820077951201959,-1.4271682945155089,17.3811339920564,0
124.0,43,78,130.53871316454124,39.4382093314135,30.13214183651931,20.114345206531,1
115.87716484181215,95,63,118.65133382165536,10.413127391750997,-3.566318670819682,12.478627192114821,0
58.440296551400365,27,55,61.29240241820435,7.005705886155491,-4.149333756969681,14.266007725257772,0
82.59193715123548,3,36,82.48741011235259,10.280434544449243,11.034474684406028,13.840157600641952,0
58.303018203149335,21,24,55.932146620999816,7.227870387729965,-13.348672591020716,11.996115613026397,0
52.43557707877427,12,56,64.67004597620323,9.240531643987199,-3.211461608424873,11.274784701488418,0
142.22226370327752,61,35,142.38795101422807,1.635448012130528,-0.04938379423985745,13.331914279387789,0
119.25605458226939,176,54,124.74441511067073,7.0451323359505915,-8.826060544492902,14.518788105686337,0
105.79007216529398,281,10,108.99063891925304,8.301866332506327,4.113127926085782,16.257896913413482,0
76.59276161304805,27,28,83.10135177791149,4.738685037592396,-15.639130756790856,10.943498811650535,0
78.94997900776875,1,32,88.68269319534258,5.884964432724773,-0.44615262126164806,12.791634562608612,0
69.04708189892624,9,36,64.69044351744715,7.231216079026895,-14.229288962883938,10.686247014413667,0
64.37897628917841,4,10,68.66200737303897,7.825225275086489,-2.4482838784166177,17.93295087889846,0
62.14111878783334,8,49,64.79332639605707,11.482878844214694,-12.016251277839123,5.873844075942273,0
100.26368876969372,25,32,107.06428591425073,8.360121651048264,-1.6790149408920798,12.414630270200462,0
94.05003313024602,95,17,95.39895512444147,8.78824865045263,5.339963989706851,11.069964465618815,0
71.10796702308332,3,37,79.15943192549767,10.1695789280862,-1.1010230580595288,11.27203439373326,0
110.67608932243974,233,13,104.01000405268476,12.891982961426471,18.807892925876835,5.499815940032145,0
84.14657850445559,26,68,92.4235293983036,6.508846023027482,-9.585357005145907,7.331762820037898,0
83.11587313220278,8,53,81.2447500069901,9.46909032377948,1.110924937506707,13.09102122591976,0
73.56470679092475,3,63,75.33332367187914,4.731833727615879,-7.170989211254058,14.778625964756158,0
108.01831915952621,183,41,103.00494378112252,6.037161872110258,-10.320419939593263,8.072893469190925,0
121.49858315853615,149,15,122.22839120710191,7.177314928836407,-7.994502061201099,9.731277455154373,0
126.67527989862762,129,14,126.14973053306217,5.586876812594493,13.832378049541042,17.859839926938086,0
65.29379790923355,1,41,66.73726605563283,8.780965516313662,-1.0744699317643824,14.054041365798911,0
76.69178467040284,5,30,78.36782588056556,11.40762283104492,3.190645849636074,9.028210766621127,0
79.79029537979713,24,63,84.2657295601188,10.044981954192318,19.043101969315916,15.62839966061731,0
106.90822569708536,272,25,102.30746453979692,6.414809683938872,-2.925495878979642,10.914008563653706,0
57.75251813786544,2,46,51.997550250753925,9.127094055037016,-4.80510951935044,8.541531251033616,0
104.12947111712784,99,26,110.23323413340152,13.216395082852607,-2.8376155546555264,6.134809087994546,0
78.8904414351964,12,38,81.41347987140828,9.089684628761269,-7.599076928462293,8.107714684229986,0
140.0,28,86,137.0093487851665,32.59688250018178,2.6805442251140263,58.98528998150313,1
69.26426456488977,25,49,66.21687360234273,8.670362858417048,-0.18781661751023437,6.497627801326354,0
133.5221194492168,190,50,132.82780651324344,10.369700240113623,-3.131404133493882,2.654602196818958,0
86.0990465526892,5,43,85.36928518952156,7.8528034145979655,5.404149892658284,9.176854512359062,0
110.09462600956901,171,58,107.80674810888328,8.863436402258687,7.614967878852337,12.840835612534837,0
111.91631750084088,220,68,105.26347325324014,5.939229753621934,3.8009436267072423,18.012125728132027,0
90.74279653638251,18,54,88.24321476386842,1.9044662108559205,8.499962108374802,16.80651095595494,0
70.43442993250447,20,57,74.64056746616419,11.03410477157054,5.783844104782589,14.051139161512165,0
120.59818898470178,158,24,116.68400033880494,9.68315901055586,-7.047998506647101,0.6784850851901574,0
53.55108560141374,17,33,50.03178143337193,11.765515576011468,-8.140802691960825,11.170670846837407,0
57.705402996749314,4,55,55.45128594136365,9.312494889225365,-3.12465850118856,6.5880770726421725,0
73.26523205018054,12,12,69.59244156585319,8.470081184739573,8.188245153482757,10.876433894669619,0
81.99210707904325,7,59,82.12856896233731,10.039053939261851,4.096156834383134,13.305921131328912,0
79.84208187653938,26,18,76.76770307945283,8.998677321466788,-11.04573619417802,8.595968542366235,0
79.99028491879636,21,32,71.68389117513628,7.217992568249564,-2.5905206414456408,10.86453111477229,0
70.66836884011299,16,57,68.99572153733192,3.8082371940649775,-0.5215509593874771,11.675699683698483,0
83.0239919470358,1,38,79.5543793999374,7.275904472662683,7.520063314612889,12.619182127435977,0
139.52611934098198,237,32,147.33367532461625,4.426129582136582,0.5014831750949856,10.443233486990062,0
199.0,5,96,210.21540361692632,17.154545286206037,8.505042704636917,45.17306955784138,1
130.97354372549486,102,15,145.50540166536302,5.198034110134758,7.046330954632424,13.189756946647329,0
73.28451737597753,3,55,78.61382236978572,9.072872777971682,-6.698552634651132,7.5125067079743,0
140.4151005715466,83,45,140.7390573221635,4.840507552489594,2.776371660774966,9.816986686525265,0
128.6250762028148,111,28,131.63398172902563,8.201604700851352,2.6830901145339903,14.230488099476093,0
105.2244429650734,178,28,94.72012526479229,1.6966914792412195,3.7766607621936705,12.25995050472259,0
58.019178533884265,1,34,57.79181569156534,10.304706663159099,11.56161382754282,14.810545569426129,0
80.09987746097352,12,42,72.35392029298967,14.568686525843214,0.673386936228191,17.427976614823237,0
93.53266545514643,238,29,87.38251507553633,6.371397215742389,-2.8511760585648402,17.32677353764309,0
118.74829686464669,93,57,119.15820518121781,8.431043339406386,4.853046455856677,8.064698964162659,0
99.02148639271289,199,30,101.83633257616574,6.6256702915058705,-5.007943442035202,8.090448888156192,0
81.49296498375315,2,44,79.00781153042361,5.140527485734724,2.903965627461499,4.1318480372660105,0
79.66551354337771,11,57,89.66171202504523,11.419925343501529,-0.8124656293804134,7.588638948992418,0
117.61988334434045,298,60,114.91038772239772,9.916673137810319,12.538462933111617,11.715545414758793,0
74.48209019423476,11,16,75.09661666554787,12.541994655369528,-15.546475011044269,21.45902788862376,0
75.44053921563466,10,54,73.00201235089094,11.22299901431073,3.971200941871529,20.375325196742708,0
128.63427723895975,136,55,127.67788967689522,9.466854572218402,-2.295593356894131,8.661775828146713,0
63.633776503381206,15,62,72.56666212327488,6.826850822062723,6.435287767388614,15.421076020706813,0
80.09215506910093,167,61,77.91147060079189,6.343639755234235,-5.270221539217907,8.124074689273357,0
82.8194205974085,26,15,87.7970829428239,8.690212277574206,3.981944712731154,13.329621260272306,0
115.02750917550729,232,19,115.42932080532245,6.210800282060578,0.2401107409329962,7.006759309003318,0
104.88313418868393,226,58,109.1355864481416,11.86883784301936,10.805668828701744,4.817328742179149,0
119.0,24,79,114.75425182478203,20.632858765479703,44.15983635524891,58.282048064881906,1
105.34035327524994,119,20,113.41448932501186,10.984079453964414,-0.010460274040712546,3.027607109504901,0
108.40455435595945,193,33,104.05091549774075,13.907471636177442,-4.261272186804453,5.000609628922284,0
58.335136793646335,23,65,51.3630539673518,7.514857051458185,0.5072280868839403,8.225258666296709,0
87.8095966988182,14,16,88.48101065707317,8.309875921579367,-17.871571979280905,9.459160059068227,0
71.27089032175842,19,50,81.84895623841469,11.31698218334951,4.633703539488204,5.3398156720632315,0
117.6667005429434,228,10,123.18391848276045,13.843310236808746,-1.9712966328356127,14.055128990162384,0
125.0,13,94,135.04623355690086,36.73207442911871,48.77675315484215,24.113781535205575,1
81.47362399459965,6,18,77.951998043557,8.101902837054446,1.351380986658198,11.152194438552517,0
165.0,23,98,162.18282856495682,31.79452672151809,19.979852458711733,15.463104337669808,1
86.31701665716918,26,64,89.02539292792179,8.065694760434237,11.797093160909707,15.059004912006936,0
77.59199603440875,20,18,72.32156163526274,11.422888797096224,3.6132997862735508,8.402437750404825,0
74.88885928946141,2,52,65.5730607066162,10.496929658762344,-0.3783251656682784,6.317258887296021,0
59.55233125830817,9,12,59.41991311686403,7.864237094106991,-9.864810440118841,16.954861790007,0
70.33078666410718,10,60,78.4865492392472,8.1286567976732,0.2541778074905342,13.25060807315056,0
103.97507743319143,296,14,105.4239131549741,5.579233742570652,-0.36807062970089516,13.056455736191221,0
117.6178631344649,241,50,115.1193288920347,10.19866943308974,-1.5929299075921606,13.48807237357903,0
52.61608938737785,20,57,53.250934787776785,7.1571532515564655,-3.1753063932351093,9.255217195825265,0
136.28041587694187,155,25,141.95084552790644,5.571789581391222,-4.563198988410671,15.07805538551438,0
108.78099567183094,196,28,108.12706707931873,4.434718373123562,3.8300728473984833,7.712698403838952,0
69.32090751634443,0,25,70.84257587581318,7.268564831918813,4.307350395970158,3.8133462689291253,0
62.70807550646376,4,36,59.218192800239976,9.669890476349405,-5.3210746142917795,6.22148442417386,0
65.43104103503033,7,34,66.12919917948642,8.305181942215492,14.993727445618802,9.79227812094407,0
73.8506783045196,3,34,76.872744117338,3.8613159952923493,7.167781281796364,6.139363915838883,0
72.35614341086024,26,11,63.540870529003115,8.897709385755324,5.93955390917565,13.800540154073452,0
123.2739852472876,98,43,118.56083534062684,12.386788859948412,7.999491806692608,7.156650360575676,0
95.27719320200887,9,19,98.78280499250195,5.319235625304751,-1.7296553422666068,7.439852428703599,0
77.64181006861278,25,57,78.34270643078412,10.494975270995587,-4.871178552669971,4.342401754506811,0
93.80828051115819,68,24,86.73654181045809,11.513508987886523,-6.253913144733494,6.636770775182204,0
70.78154388688965,26,51,77.29935334900823,7.333259683784735,-5.806677600112463,13.752121964186165,0
117.36962738407739,248,21,117.46361895687478,6.292330371097099,2.265320107201427,12.062305825913215,0
71.03168099959827,29,69,65.85082212326161,7.43909471159617,23.15747304378667,10.597989772874294,0
119.50132889917705,241,52,122.46668446531754,6.2329050488039215,0.26085586214472545,9.50791348145916,0
149.57025973501936,220,53,157.90320645189706,11.653590545006667,-10.164476055506743,9.102937250035362,0
77.91717726781987,19,43,80.76404805193843,8.697651090320974,-6.2390800965016675,8.787746302714508,0
129.24365714547815,111,55,126.18575429374518,7.0317663418299725,5.655170327348097,16.33636823159191,0
73.7510075503179,8,13,76.19873286105069,7.1041995213698135,-9.772603925292184,21.030062308355078,0
68.1143075324773,22,30,68.02738698476402,3.32760801292815,5.55121419381064,6.371261334562712,0
80.7951684823457,10,32,79.95819207770509,13.404174242825885,-3.9367437090575716,10.12120886257774,0
149.38778055072183,196,44,149.94490329240386,6.959649376599919,-2.0481507578677944,5.825027029261859,0
82.98365289786577,0,56,75.69639304201284,8.10706988523356,9.7606582148204,15.406598358520522,0
61.82784825876059,27,20,57.534019095845075,7.566195385633454,-10.553268813697594,10.926985441882564,0
132.50279903397197,173,25,137.20970283771217,3.739395735678996,9.571560694182791,8.978332680226153,0
125.19127528071827,265,22,132.4323106416958,8.3228452392389,-3.3632618527259472,8.161594382703601,0
64.35813213362154,8,10,68.73900179208691,6.097360418943418,-8.368632126826022,13.418547684540147,0
135.90839817137729,103,54,127.1899256360911,10.128803064204439,-15.276662137575213,6.048343091507661,0
67.8386791086301,11,24,64.65319898164189,9.104106723650638,-3.825797972165486,19.233522826639593,0
103.32741928948315,204,10,97.07585137468658,8.632445233877572,-5.836504125900929,1.1158716921198764,0
78.58820244689464,3,47,77.44380163110493,14.258015556566416,10.69941003040341,19.135783787896536,0
65.5126319531941,19,54,64.80574210602354,8.817663240557819,-5.108195103635348,10.805210657029907,0
66.35546566135885,22,44,64.3687255017683,4.4331766458399535,3.534085197195835,10.87801774902185,0
103.5842249794166,276,51,109.89399787148507,5.285268415453874,-5.454575218683234,7.858787879360748,0
67.06243416838687,19,17,74.56623312155843,10.55066522634048,-2.7892170752628735,8.253711478407856,0
109.36212790855366,238,23,105.38780097832392,8.115231938614519,10.569840742063366,10.249605075705597,0
90.03288285137705,75,45,91.12494771483705,4.836277626634267,-3.9120692483071795,6.949808110801726,0
78.14185345152117,6,68,81.25018876501136,10.129975667125901,-0.2791093347647373,17.39678960662248,0
123.25291555474408,155,58,125.46349888131144,13.6460734894251,10.763360369239821,17.965933133196984,0
63.41332706551335,10,60,71.81507683485455,9.4275211305319,-10.218061347519459,7.4533367475757455,0
79.56414548052445,9,21,82.60156328060847,5.490984501006117,6.633788685096897,12.602803979219349,0
150.0,1,83,152.9201537815239,21.528880876627124,51.58562865318998,34.11930572152203,1
71.9514305534897,15,29,70.03481402216019,12.029504636890337,-5.876381199580211,5.200526839430469,0
63.198509733466075,13,28,60.24600482864676,6.034761944337443,-3.502288495817275,10.105928174293386,0
77.6645166114748,12,20,77.66140072697543,3.808060108433015,3.1142298521739016,13.65978138745021,0
112.48994595547879,76,43,102.08017575772098,6.839757012567193,14.07910412613419,10.74187638643548,0
57.206922538166104,2,31,52.60978573418343,0.8929270652562451,-1.5788412426773142,14.621786840130028,0
117.61698959462821,267,60,112.29119830953758,11.58958036004865,-2.915414812888503,7.01937110476582,0
142.76871429334517,113,34,141.27841198977416,7.836667727155926,3.8339329588367272,2.7577690883929833,0
94.0,61,75,100.04384245657081,35.30847080493744,36.027521713603626,17.460052297774325,1
70.39221377826844,6,14,79.80523069823988,4.054044189063799,-6.012672644516721,16.306252906997745,0
77.50362439231904,2,35,77.00764510649111,12.096193394970081,-5.463131376875991,10.454439734266977,0
136.08819767916972,228,30,142.5385228585531,3.741375362687359,-15.838570924805481,13.63411980090434,0
68.2608585394479,4,56,62.13410635653639,9.140718787390488,-5.085052926892783,1.799531221450815,0
67.16018032360275,8,33,64.72222787202955,8.098302338915978,-0.24854601473587692,13.286612938435567,0
117.75320674319846,253,48,119.5688168241257,7.763522361579636,0.6388546861544302,10.05666189183867,0
117.97433097205838,280,53,113.66726732612668,9.956503655347058,-6.687518209332068,1.9491510100328284,0
65.32810915222494,27,62,61.663264656606145,7.078825043273864,9.606071692295254,13.000594753983052,0
75.37015378601373,24,40,70.46475987404915,6.956607918936857,-18.358901564244533,13.539530588300725,0
74.61834612105119,8,32,79.0955357360182,12.541669063112193,-10.077505605253494,11.470246508595372,0
61.21655207563979,10,40,68.76645012771723,10.125314598242854,6.059858515601785,15.365824087989811,0
63.65470349908126,26,61,58.28880656221642,2.484110304067756,5.865629377922918,13.258011274744275,0
145.0,39,75,138.9073980828298,18.70180169546208,13.718882134004438,65.96975427783282,1
97.31621409966459,23,45,102.49184820303938,5.580463122976673,13.986695078277945,0.1427542066399461,0
69.93484126225734,28,13,75.91472237906224,12.767501729724913,-9.254496765223848,13.690962579403038,0
113.29355323066208,124,57,110.47009265187248,8.178802966923909,-2.1939396576503247,14.940355564290693,0
53.64342367137963,24,63,59.49965261798735,11.097638613024973,9.013641094620667,4.545167848924009,0
33.0,14,82,53.86395608321431,16.158441918080726,37.01903922778958,44.51644647723225,1
73.84710474781083,28,48,78.53668243536411,5.680749633288556,0.0040005202690362625,10.981522084621776,0
121.57681644795662,296,18,125.07846230098762,9.590671871302401,6.192872100507562,11.824950691208798,0
79.06817429313735,21,47,83.7194550743471,8.569135186176576,7.212887316547258,0.36710444468191383,0
50.77866587325529,7,62,46.69418543236459,10.497849250344423,16.791580578473425,10.690181775994692,0
114.5668135318392,84,67,119.17400119282027,11.229458452726043,-1.930534791845137,5.5048965833267,0
143.26411949020437,194,14,146.97481410710753,6.661114665457043,-5.293923265864055,14.851242573340778,0
119.72483003838657,240,42,118.11254620716684,7.7508827205405435,6.745941425620394,13.373329917006997,0
117.61007133735974,234,55,126.53286578162768,7.503727843454319,-10.620059924299445,7.494114315234825,0
82.17686412736359,18,19,86.02811636721891,5.410895278751029,-12.983464021449905,6.2940329986846,0
100.82606056113637,130,25,99.39203351446868,5.7209809467423405,5.309170776262731,15.297827863116986,0
88.13080783476786,11,62,91.78382173032999,10.688835675119837,-0.8264222691152735,12.556178661305713,0
114.09680520190219,208,30,117.74822429843701,8.723000760191738,0.3245163847628826,8.28644689260051,0
65.57223617100053,19,20,69.8731493629763,10.430780133126001,-9.243614350541277,13.62540522223754,0
83.2089542499487,28,11,84.1243048005167,5.6073263213796025,-13.679267554829652,18.941691767313728,0
63.82798930497986,8,60,68.2800822324309,3.5292574301028603,1.1713143347408275,15.80751524240988,0
104.711758627357,139,51,107.86056228672525,8.989098813767047,-1.8248963083591996,12.133970653117533,0
80.63946637269869,0,33,80.58084885665272,9.262098893055438,-4.623366214661685,14.405733604066846,0
77.03597064144817,3,44,76.9780540425382,8.571796115343568,4.855805676549,8.255494086136242,0
103.1786252384594,225,18,107.8493384630755,11.930939239483472,5.325989221051091,8.76389556365793,0
114.39605926847976,119,52,110.86184253690676,5.545763038082069,6.539886245249534,1.9104467710497275,0
112.69542352439865,190,38,110.13368062228218,6.65745145856913,-8.483118539078305,15.520219680242736,0
136.92205120682902,220,50,142.151068463669,7.653371488174323,3.803874141710653,11.644068265211304,0
137.54452340468106,117,55,144.14111599788922,8.31213927581471,-13.509141876549212,6.952297655825817,0
69.96007140065997,25,20,71.51677509942829,8.741525238868755,1.7975826776782675,5.60306928486124,0
73.82129086312226,6,14,71.7862114040884,13.5523434273072,-9.327793485443689,10.513452583742936,0
126.0522110977098,121,23,114.56630871663907,7.616823977018634,11.299967786030347,9.31815650177085,0
111.73968090296448,65,60,113.11249789626324,9.289685104114724,13.582313525885514,1.683908494763367,0
79.17729964692488,1,17,84.72755926784106,6.822573440149544,-2.1644851899442035,9.558000940032047,0
113.83016764546313,200,64,101.88023175528423,11.364096210401492,6.039495049531445,12.134852046636297,0
138.37472112083827,164,30,133.4211535138978,7.295049553867813,-1.512625662918972,9.528957082552528,0
92.56337344431888,18,40,92.51240280507434,7.342402337676375,4.303965192550672,16.079419746290434,0
76.38770071037084,10,63,69.89162083947036,5.139262714951387,-5.665873012384186,16.015886216257982,0
65.68567769612562,9,48,67.87090267176968,6.582966900640764,-0.5013901000716587,4.1556400972941585,0
70.47362958879746,22,63,72.85896630734445,10.132090501966408,7.479276669065948,8.991844798907053,0
77.1561430078543,14,59,68.91585799086072,9.665882570040846,10.602471978141908,13.992306694889413,0
124.75278508099935,61,62,125.79391939176716,7.052082843907059,-9.562054395069143,7.699703788899171,0
59.917485492024845,7,40,65.60051492469069,12.00974791310235,-13.813650467563694,15.771762604274294,0
58.86545980944466,21,59,57.566273709439294,8.786174547672305,-11.384824887059725,8.804938944065604,0
77.79564294464214,18,63,74.06992469810041,7.982409490036071,8.210372682152896,13.96721647747155,0
63.33578430117647,21,36,59.95980095460826,10.825246566093112,4.2260860853155,14.5185918052496,0
76.59238191268194,5,33,80.69550237119076,10.249608459826323,0.7690867380387554,12.79399180592259,0
110.07016453879152,179,65,115.90416518488232,14.701287425292875,-2.499571413168117,9.758213458373968,0
109.359745680959,238,62,113.56720920331328,4.503671989339941,8.415603246626127,5.105223769463649,0
112.31136580353267,93,52,109.09653591936711,10.341186783755553,-8.203758755186083,19.16912364499987,0
75.22718560338089,0,12,71.09103088561928,9.478059451401215,0.7109840490539487,2.771950137639587,0
70.90658645856374,25,11,79.04515238922792,7.848806954141087,9.768297403636366,24.280937153074657,0
119.98610060654771,105,16,117.37899038612453,8.379543363709002,-2.001682182113136,13.688564400268723,0
124.61018425061955,95,67,123.371422159421,4.079450427634969,-2.39056309940527,5.109203277372188,0
79.31110839689474,28,26,76.11541230796954,11.106979341880077,-9.295360764308404,12.706155770054004,0
72.31241122977947,17,62,66.35700207135527,6.529014666972182,-0.9279898092846867,4.805132581426179,0
72.58670603369637,27,39,78.01579040747944,10.95593160816167,8.700559256212118,5.06661864696059,0
115.38842878364737,299,66,108.69111888905854,13.043776279349522,-0.5219924480092952,16.237198143503548,0
74.50951020712043,3,29,70.36860738775289,10.056969177541133,-5.113548270001265,9.218618316474785,0
56.42417214138266,13,45,61.69598988331868,9.713581761703887,3.002010044949747,7.1850316423216665,0
171.0,11,87,195.72808126054247,17.31191134378242,42.94693453077741,58.37249532519419,1
61.526681982547274,28,66,59.60029598235078,9.30028238794074,0.2324809290874132,4.471090481077318,0
118.74638779717759,240,26,121.06901740889926,4.781473120512093,-7.327694029599828,21.723349476517154,0
72.84620048393549,28,61,77.64900725135163,6.402538711700618,10.519496362722366,5.636540320429953,0
130.48782567979367,288,17,130.9216201089399,7.550113931311187,5.433537135393433,4.324199351570874,0
63.352778654809114,24,61,57.3024250543031,10.968326234864938,10.079708018732704,10.8889242691448,0
85.03621936532247,28,56,91.37656333094151,6.276506154892304,1.4588721419752875,11.863620136279483,0
121.78614852336914,128,46,109.99275447996743,10.58205626410589,-6.662906201236281,5.81830731751856,0
85.42088504305914,22,24,88.3895959222652,11.638445221048055,1.6249083835720501,10.247863646497022,0
57.19199407906166,4,24,59.60246070004467,5.363334989678187,5.563088253389273,3.7376425150883295,0
118.10787675184022,195,16,119.74123135955107,7.121994162767573,-3.62127293278263,8.448372713356866,0
73.76403782072121,7,31,77.62806113890773,2.5605141617064895,-6.014444779925145,2.01488002112562,0
81.15868558845628,7,30,79.1442645641266,6.90386769243003,-10.243326427332727,10.923229284966277,0
143.54982038631945,271,30,140.81783750106743,6.152936223885655,6.107404435882928,12.683995953515112,0
76.83772740951845,5,28,75.66064929995234,8.830127131714953,5.857124507880928,4.451772477396214,0
57.51408585366456,16,26,59.60840959070946,10.591639465006512,7.499129194238288,8.883247295581322,0
85.86349397262843,14,18,84.05694116279199,7.807447516133542,-8.084785759431307,7.423908030958787,0
87.0966245839604,3,59,90.56012121393147,9.372627908594241,8.230706363302494,12.848969059518849,0
113.77259903581026,140,50,118.9285587858706,10.90708316468658,-10.939646624974333,16.94286987369308,0
53.33551847236525,9,39,54.54073486167581,9.811751124450124,12.096543593131624,9.230511130071823,0
67.1701607392716,23,25,67.35803503595092,7.055927513635723,1.034944053630548,1.9036955276174865,0
122.38536812083497,98,55,124.76674148272463,9.654438986571952,-0.9200906041960601,3.9080235752920114,0
114.92130028891567,145,28,122.8210008286329,5.1975568606764675,4.911667266166509,16.271567664693194,0
137.27647625456655,243,40,141.15505174584743,4.481859166990497,-2.7698392772413847,13.505967192891251,0
79.93876901573624,0,62,77.98398763606673,8.593560438583566,1.5326968511517614,11.654495925275416,0
118.66620449221857,216,69,123.40612509150348,7.594672198427485,2.0340662379279704,8.139558792735224,0
148.67720384840024,117,48,147.69284012258498,6.006280358550026,19.355725457924358,9.790819051428798,0
128.55295583284783,183,38,127.62091407340255,7.566983820440565,-3.222787858681421,7.131466566792841,0
67.7142241080394,4,34,65.56873064352982,7.6998768868082,8.562814682910085,4.101332517146174,0
135.43272263289214,226,44,131.71757352656164,8.917031437186946,-2.889517790583288,9.971931797245732,0
61.38611508018076,13,48,58.176127644056805,9.162769590088537,-1.063725668265933,16.621024572381824,0
48.64427275833372,22,37,46.14778656047373,10.59595070606114,6.1127686279702,13.865536033476188,0
95.77006082614929,227,61,90.07851622864017,10.752761143825799,-9.54035611002879,6.58243644997241,0
76.11465908149272,2,30,84.46013310257592,7.660172523315756,-10.09356571968979,1.3249181204692704,0
140.2805904896149,256,33,150.77762809212743,6.45562490150103,-0.026195032446588475,17.524710945576025,0
114.86428716992063,242,28,114.26970891253767,4.044032272346397,-1.5508412503782711,12.661188684257585,0
122.33139948777739,66,62,127.01726085221505,8.851065129456458,6.382291827116974,8.793023115666745,0
82.99674809394216,15,41,75.76967685906104,8.042230463994294,1.840133902039665,11.824256104645588,0
49.00124048386792,29,54,42.15945819871965,8.49925691826048,-4.486721746348459,8.1813070936503,0
110.10910424972712,248,23,106.45738185112153,7.512953297291644,13.53904702769595,15.892234426876607,0
86.3068531651925,19,49,88.55032916628528,9.2454488978272,-3.7593839969936775,3.8431653695308263,0
114.16049695348384,221,24,113.48256162519245,7.490499081949698,-2.1149041725758746,10.544152655753475,0
124.0,18,78,148.75117777069516,19.944643489466127,31.545397877854917,29.679148814214628,1
136.0,91,76,147.16434759486816,32.39583509612791,17.250713684526303,5.835301381312089,1
71.79185910672058,2,12,71.02710545988954,5.522202936226179,8.110729288545132,7.251457989216447,0
53.18150954502361,25,46,53.98079150501061,4.916974577222126,10.125662726917605,5.669125758927496,0
124.82686083655011,76,34,120.95051352667329,14.441295411629167,-2.0840620262531164,14.495048032339568,0
66.14378164834272,11,53,57.041791407983546,11.56292341807672,13.538637765417741,1.6303185669458582,0
75.97744965446861,9,21,70.81137166435603,6.108120021107778,8.736843518067806,10.818678100404314,0
139.71422764544286,272,56,129.72003998244676,7.435347247942981,13.158253169731113,14.78086717780322,0
77.81598145205692,24,60,85.45080235662753,9.491678434593414,-16.02807408443572,7.65056844809051,0
130.61186566296573,164,57,134.49652412473986,12.377067044875666,10.723251360913743,14.352245848706538,0
89.67731812363928,25,49,86.27624501227777,6.72991833117573,2.9009975314838736,6.5527773124532915,0
61.420893863805446,25,19,56.778437560392774,6.710610686004189,11.52284756125895,15.524091164799767,0
118.75392979438699,113,48,114.96031818945684,8.261715262418472,7.748069453106221,10.505714207229076,0
121.0214623080464,240,53,125.54242783884757,11.25144460991836,11.88203913322017,5.187903094975012,0
72.5416336043548,28,23,67.47820578751234,2.7201233535522498,-3.5663625106145362,7.4813883158527315,0
133.08444080055878,122,54,129.39964451650027,7.972818994432729,7.407513244032574,4.122566325590526,0
72.1433642217576,2,37,70.03545266455613,11.135168435693618,0.9663218600088822,6.249886592171414,0
102.55657025628298,158,56,101.49111824661468,4.717593802388883,-1.7945477191243402,5.908237689574651,0
125.27110003263425,229,43,122.92074253469075,8.454209143855199,2.387614511851518,6.087007012907055,0
104.78045437534931,138,33,101.48823854528783,8.27550727480504,7.1711206987888145,3.1832187105987506,0
157.0,58,92,180.26160159087365,14.619143920011853,24.137089891008777,25.784200000338625,1
105.83772896970072,240,36,105.69555319493847,10.680243307541769,4.0137754613105825,9.41035854599014,0
80.16871780020408,20,55,74.18930249002815,9.333808004660423,9.573051893165209,6.951085478403089,0
65.78668276478021,27,36,69.83591307037734,7.554711796807443,6.597613926288779,12.929064917773278,0
75.45387180890779,19,40,78.75139595568723,11.708755236730513,0.5462979898047575,11.913601052323564,0
124.19832840515481,296,19,117.09855604509953,6.79993370829467,-4.544012467280021,7.098709128192048,0
115.13897737186545,263,29,116.67599522046389,5.526163248695717,2.2128061240894454,15.977403254127395,0
121.14574484530911,264,15,127.3515903252027,3.898250516471851,-9.806556580230717,16.740280938243657,0
100.94956632210821,133,37,104.34300143434008,10.990705554656952,-2.2522230222445936,19.98560590003595,0
133.1901982054064,215,34,133.32259109808462,12.293693014829346,11.902206363337623,5.361699697352621,0
70.92864791720262,29,25,73.91878661885576,5.050901039840738,-8.507534930094051,13.677342546408445,0
69.4930934380344,12,68,71.44483718251416,9.006263961441109,-3.9102163593072548,18.368718769917123,0
106.50879112262878,137,66,102.43845768595665,2.225889345857367,7.627947484160101,12.937968802692243,0
49.9346827901052,16,55,53.00710680470162,7.437475709084491,0.16321405947298687,7.781617427365047,0
118.04540112976332,293,41,121.63436860538238,6.393734367999953,1.3168627624652431,9.791314338117607,0
57.92008225214432,0,21,60.1370218510467,8.457960617043943,10.643211464759231,11.990197770841153,0
132.79789599265305,200,63,135.42207379003634,6.1103844581854485,-10.575407040635778,10.93343386652048,0
76.07255781547488,7,14,73.5492115334529,3.3918772084863065,-8.768932308779428,13.850258903703487,0
61.14406714082057,25,50,59.28256879180297,7.351323290746852,-7.885478736033172,18.264779638197282,0
64.64417485477229,15,36,76.95399076814084,7.19484920812414,8.347518701570998,16.001805026523783,0
121.61653318643413,67,56,116.65919074688976,3.4461199804047915,-16.12812704970707,1.2301252902783837,0
83.24899689638518,1,66,80.94828104290099,8.27549545703484,9.154744947674534,9.726976761607627,0
60.38653129282753,10,60,55.54013139413354,2.5321618902931924,-7.098740061707046,3.2744033444497322,0
115.60210866895434,278,61,113.8863947348054,4.879734538834342,2.031931378954457,15.492791063926763,0
74.56163019652824,6,18,70.3530188565453,10.929999485679858,-14.816826036196177,3.5923327626324086,0
107.30580963886399,252,12,98.79168910317587,0.2911414753298498,12.952432247438757,3.869763019551762,0
153.0,4,90,162.30907718096304,18.78341613940332,31.296606865836758,11.84109155941971,1
73.44485996874995,11,18,71.95178615341338,9.561700340633248,-7.99316942559431,5.192923394090986,0
104.63890742339586,258,13,102.37071382870013,8.158043781881958,-12.789648454147487,8.81488115421371,0
75.59010255764467,18,46,73.20528928492278,4.9374633228230405,4.6136390310651665,14.039576668027859,0
103.81065279214923,290,10,99.83666974238052,9.857133542812885,5.780664785539603,6.088537141606608,0
140.65814710723308,195,32,140.3111306357709,13.34951415263108,-0.5241914410564893,10.974561863337911,0
120.44431712935375,200,24,110.34506786553455,4.57975219692967,-8.165000324030565,5.919679057541188,0
67.24996834479826,12,47,65.52091158063502,11.74499435376037,-3.7700549092841014,10.361477525212942,0
114.01357819611876,283,47,116.7253666591352,3.0476654623281334,5.400789542491443,16.41719341671346,0
105.98271977535747,90,31,112.85861506339369,7.436435094120928,-1.3883531348232359,15.400709850538496,0
113.0,23,75,93.1027969674007,33.95041319616056,49.697446216390965,7.876201274514141,1
76.21586610614456,26,50,73.4243573364144,4.6995373010849155,3.516009844961811,13.89468251756057,0
69.74800570816794,22,35,65.5313739420381,3.346807879944942,-6.685769248235904,1.5626546939348067,0
78.73197034283218,13,53,81.46866114571634,12.532831042288585,-0.3710326021153494,4.978270464598049,0
50.23633846738071,12,33,52.43369060034899,10.450314088874805,15.473679078564116,7.3397394697614615,0
126.19498368206696,56,58,129.64734711267454,8.7968509795176,5.26210540920299,9.652338568788654,0
78.1676109317298,20,48,74.78165974346332,9.246652224422693,-2.2081811884445552,11.343592636523342,0
67.79066435416235,15,41,66.73902548983489,5.098235786056803,3.1238743509946807,15.375603744908783,0
134.07960034018416,172,62,133.42497131455352,11.384719349806513,-7.006739251960881,5.971001725578977,0
111.47284754789277,236,46,107.73221696814656,10.144450065440218,-14.865000109868733,6.465732992428282,0
126.86306019222346,62,30,120.89507564061847,9.248709100782786,8.609466570642562,9.388265486794474,0
85.30343507489718,18,16,94.74273001469038,8.73418375448005,13.084433426791177,3.3065862922724794,0
81.57882228176976,14,64,88.63407678706588,6.783769977158665,-2.887131355396857,7.3571494596919145,0
112.57997913149413,118,66,116.3687357078815,5.506797810133686,12.88309598884507,5.281028047542071,0
47.174560140891614,27,10,42.92944298048144,12.396138282495555,-14.364905765138534,3.854144832408414,0
65.12985900300502,3,37,58.37707918129011,0.27942726890558056,-2.4568016455026145,7.328798640185369,0
121.58985296432716,298,39,131.7794591826684,9.821390014631547,-3.996854755451856,5.795790036338284,0
73.55367453135678,15,18,78.92314538227426,6.881795637703341,11.444977645828354,15.219784040045596,0
121.75414430014327,275,32,124.06112323962837,15.148954451288366,6.331839508731141,10.080100736982214,0
117.22684865632101,157,58,125.65535742649587,6.061273027560216,-3.8284341337417462,12.578303150416971,0
61.03734204718644,23,24,65.6117636568165,6.550631963746121,-4.558626787187229,0.4579983484363215,0
75.46488475897992,14,52,85.90675828288356,7.581231115534479,8.865462533900132,4.800470364372345,0
67.07553925669482,23,37,74.91673805129308,11.87110436658401,6.460247998550476,5.133788433137331,0
59.93525046418449,23,24,55.95538924388784,6.126572471374693,9.435300904707102,6.77072100147269,0
118.59872705774887,228,28,114.74662080101497,5.2623727546067425,-8.55127261421102,11.59562900923342,0
59.426596995711556,4,57,55.22205300547228,7.975165776349852,5.558088246772317,4.695866020829519,0
30.0,14,87,49.32805108736505,25.00833891706227,-1.4235138454419882,58.19269694483698,1
97.05113651985576,131,32,96.36095841044455,5.4608933349483815,-8.61120133860547,7.462890002756219,0
136.06732758167504,143,10,133.60396966382956,4.500666369654848,-5.300666345816366,7.407545981404854,0
104.54200702148567,274,45,110.31318104598448,7.630274183446598,16.481712580997446,7.760924980641169,0
122.74371845430385,199,55,113.47505724820823,7.692562330572772,2.285921290212734,12.512441618110511,0
126.35136739708851,82,27,137.13234393506417,9.680611599361258,-8.734055856872201,11.798138971000428,0
135.50836183602587,88,38,142.84372001124245,7.840679594909268,-4.407854428305996,10.840076702662643,0
80.47798317972784,16,23,78.26779743777847,11.174390296197107,-4.133869931607641,3.5573793186777216,0
88.34605511761201,2,11,87.36199950212388,9.415427297761202,8.777420403058365,11.226073523521865,0
61.265608808925116,28,59,64.25984884610816,6.187045156175486,-7.905487385886458,17.548119799828388,0
141.6599499836182,277,21,145.07704250673532,6.21759626967534,6.874057799998724,11.730888729163707,0
80.68229253499574,12,45,77.39921987776495,10.227580871557933,-5.80445506407575,8.920348153251394,0
68.65771221368064,10,25,72.22151110844935,5.937879400339112,11.108206128881715,21.2674526488292,0
114.23824491161811,147,57,110.16834413819245,11.364803165892747,6.006509946734528,5.7523942714478,0
122.18409551778127,134,32,122.96464817635712,3.124550718833892,10.342666736012209,13.434296286636012,0
68.64960190618096,21,45,66.13058868382397,9.684700204619674,-1.840824108922714,7.4602773603928,0
105.44375130656209,97,14,111.44620359043074,5.524708100163426,0.3716901852335166,10.389428634903375,0
99.63637695364565,166,65,107.10727287796036,9.207898865217441,-2.7238897686910346,9.366440549127113,0
72.23056959324556,2,67,70.62454964728727,7.0837843431205085,-10.8480812575555,7.365517232017262,0
79.9039107653547,6,16,82.50647324849609,3.5502550463063756,2.79828214060227,21.102403107605948,0
116.56045037709458,141,39,106.93478348749488,5.9257834738018405,-3.1879548307424375,9.190571626382436,0
105.60841144914781,124,48,115.03134297882086,12.629730584816567,-3.910795374290193,4.401912833554944,0
77.41427130575204,0,52,76.09142614273044,0.110387494222703,-1.4269144843285924,3.75879708273561,0
107.66293630726065,291,27,110.35658118752319,7.366174234549058,-3.5197032992526127,12.748497091555025,0
70.3173445683135,17,25,71.46845082252189,13.827973123683645,5.769046731610622,11.473967842272138,0
122.91392114518891,193,17,122.72641702981645,12.504170321478622,4.574136436569338,6.1138178276414425,0
110.76781244391738,194,58,114.15282443048606,11.326524257215118,6.45065615247144,12.996358354363752,0
123.86843758391578,83,67,128.7579270624982,11.38382542631863,8.291212725748254,13.78521995372008,0
141.62469275013302,90,26,143.06774100662548,8.28535990695678,-0.9559876652316928,13.39342032408766,0
64.96843537744186,17,40,57.30147493284821,7.369364174310508,-4.118591170885825,6.148915426343378,0
84.0536955578449,13,24,91.51785501467069,10.162181714888206,-4.274096181377503,11.000758324037124,0
72.94443325498655,1,44,74.05049590457277,5.915490751344062,-14.736974523805818,13.247986247496007,0
99.87944228000602,182,44,96.92178248446184,12.855296172886451,6.285029730761923,12.952982672635857,0
138.16287164196058,271,25,134.98910418515177,4.8851060243892945,-1.91544192769378,10.871443070559181,0
81.2948250734477,18,46,74.69808562776066,7.321264342973971,8.516549424213599,10.598028344435347,0
104.466978399158,55,47,107.72792886944319,12.764069090836603,5.354892905325545,7.303140186341212,0
85.45147620452414,18,24,80.69555435258437,6.974534539261594,-8.055418887561153,10.239126598923415,0
78.37456399930147,25,17,69.06759022959145,9.081409309891837,-6.895863172573718,6.446654904439707,0
57.26719827106308,17,52,59.700295671703635,7.811816363060908,7.488789156620658,22.583232778969332,0
132.15445808664964,90,45,132.21617510725454,12.11546511334284,10.625493717614075,7.6061031990707875,0
120.1799410340788,182,17,116.26248932570354,5.321028448759311,-0.5423803022393647,3.870681143480857,0
64.60702563639455,8,64,66.06066938121324,6.488658653165629,-20.71801755726084,15.596348369923984,0
57.90893072244023,8,52,55.86575115975688,5.8559579690287045,4.170239240110516,11.608392706882501,0
113.56422109728224,113,38,114.48872518192712,4.84110476479908,1.661194683232734,15.299702780295753,0
72.78007418478857,23,33,73.00038702182157,2.49269373146873,11.109316160819857,10.711889562552331,0
134.91596671031544,255,11,139.55467871295966,6.16789078504925,13.404321704972386,3.645269907000489,0
119.13142638993322,158,35,123.22385006312592,8.401542962737999,3.5731178521366864,8.933638120171043,0
122.04745174253907,252,34,117.14548673566767,10.350068085896478,-6.173146410578831,1.5654015471644378,0
117.70374400485517,185,65,119.79039051315736,12.021998691810175,1.1471179708836687,13.907373094306287,0
62.6822532900683,12,10,57.154329744998506,10.600838497731761,-2.9586327083560997,8.360317388112474,0
70.76182906816595,9,59,76.54152889921929,6.2119328105024385,-7.2074475587949465,20.42562230638516,0
178.0,12,88,173.71838639935265,18.469198499967984,36.15525171033441,31.663094285193853,1
116.89071029472291,230,68,123.36784925582224,6.945791771546847,-15.117133178612063,17.854726523589388,0
134.7595657162509,131,32,130.19584652551418,4.976042878135168,-3.462622119746845,16.69855151980938,0
115.65225979362222,84,25,113.49182122255935,9.376880817054214,-5.2820800800002505,6.541147431295599,0
131.7436049235483,183,16,128.75172701469555,13.368123347285472,-3.1919691537783734,11.891294911589611,0
78.45244820322117,24,29,78.58916317457563,5.374917735207724,1.0129288970816352,4.249230103495602,0
103.52965036563421,84,33,102.1876762612592,10.878270671185534,0.7214279735405218,0.22538679438224563,0
25.0,15,85,60.96878463935846,29.12514580770947,42.124550926726236,38.73680369810132,1
102.72003678631285,69,22,103.265451638062,6.545136719605211,3.692144371024905,1.8605107670897407,0
69.45321430730947,28,31,72.92924132106947,5.526059572886673,8.002796447217811,12.366496963811827,0
122.37692357906988,194,24,124.7491333239018,8.482338872381996,4.6158584524082045,9.05938684680084,0
66.69742381627559,28,31,62.73305965496387,3.6977333923024283,-1.5322625913063428,10.287370015121484,0
66.45140310339757,28,26,67.92312174234101,10.520231410342884,5.277398781533324,11.324313580190614,0
113.3415301904925,178,42,115.6135722922614,12.402730458661452,0.036339038239888294,5.027787893364199,0
151.0265301078162,248,34,148.10915352481624,12.230977867851493,-4.36748800282613,13.828312125781299,0
126.67645886763218,103,59,118.73603829241031,7.980006498829216,-1.5742546670618882,2.339087919592723,0
60.69050033791725,9,51,62.40958272465577,8.546847636590485,-5.612045866930849,4.824743171374246,0
104.01869212073203,192,24,102.85485568026986,9.772861481164664,-0.21795236274430504,2.2342300015854537,0
54.61573097179855,18,51,61.35766283173933,10.136095162965162,1.481000274512141,2.746891733235959,0
135.8970004922047,53,41,135.84569387192408,9.73378467825599,-8.735529650388719,10.444039009318043,0
69.75444958409346,7,24,64.46219713698828,5.74740374863085,-11.053192878344293,11.903232139725796,0
111.77458687129892,89,56,112.18068875755694,8.558199008285753,8.637618917830059,5.4077558870961635,0
66.34612790879883,6,46,69.9222442492076,7.923538888833166,9.728575352963032,7.8711091884275985,0
78.4700397236059,16,51,82.422140572421,4.6320152990005585,-1.4437938499041378,14.551919249054912,0
76.78927241169107,3,41,77.73995363620136,16.119408720466275,-5.484293038605454,8.750282043692154,0
87.26991395257588,13,17,98.18004976597923,5.816914772587634,-0.45589784092244107,12.706632766674428,0
83.89283453439643,27,37,90.56003036456126,10.729892412233887,5.242135110822934,11.409157507832536,0
102.0,46,98,125.50150300363033,15.459406579797081,24.61309853680832,45.54801582026554,1
71.31860886212644,9,14,72.46911472947575,12.109103322962554,-8.688436656944688,16.27701804729948,0
66.92468656474232,24,65,71.09518942429266,9.524829293570292,10.750571436385004,10.808394555014955,0
66.05879811455098,15,53,64.17878232923611,5.336111190195135,8.223071131467277,0.8591753603643006,0
111.61823440258901,281,16,114.61524052365253,7.2688173314688065,-3.601991841848432,4.491214814911561,0
73.457282942101,29,11,80.63299412000755,10.673385919047949,11.170879555050696,15.737618613001931,0
79.80323590302844,4,25,80.49274648357728,5.753211405192733,-8.175556553292889,4.626060808448881,0
133.67625185958397,289,44,130.24847900216645,3.5332332317882704,-7.4298905242622775,6.245498170220909,0
87.43388149705126,27,66,79.08533133253007,9.31196152651575,-2.2833666902197534,5.199658275914651,0
38.0,19,79,53.0942412469494,43.50044678542588,36.36252912191802,35.15012520212808,1
77.04080992924193,29,21,71.70965122822852,11.826899951767892,6.564906367830902,4.55828551805027,0
60.16224049181472,5,30,66.44566952132523,6.972268783755343,-14.124662419500119,17.49097643457574,0
117.17071345756005,151,67,118.91732753018702,4.160188619268206,4.4031400618329,7.256093887016628,0
70.49394080563157,16,58,66.92517152427831,10.894554899292373,12.924662588385853,3.82825564060039,0
69.71283992636039,19,27,67.92471045795376,5.704177600141199,-5.399002879332528,13.881179942414176,0
129.62895802442327,265,41,132.89537389067095,16.06260309709088,-14.480259226180634,6.560330665814111,0
113.58227876579572,118,46,112.92399788448895,8.772781581871563,-8.38914463044478,10.631590415168347,0
76.0790788007397,2,35,73.35202570232293,8.12954344205655,2.145052613257486,21.068056018104112,0
155.0,30,78,148.97075151839124,35.22921152878078,88.01861859566297,22.76834350834883,1
74.02383370598696,20,32,66.23907827245456,4.313764232743434,0.24117119025611664,15.810038521356052,0
82.7967171338837,27,63,75.03870044089058,9.98982283411108,2.2634850470522063,11.655342378824692,0
81.230132368945,12,68,84.9182620195975,5.882362957819355,2.8771932630569266,10.4146027965479,0
103.14871105811093,171,58,95.6225399663382,8.10182654799775,10.107469073757212,14.988537849757684,0
72.04732485632645,26,11,73.04257785455373,1.7778887191178931,11.504817123451632,15.936331216862484,0
129.5393990505109,86,34,129.62440696544596,3.4035559038516743,0.8620200267952475,13.32740525795787,0
72.64294878587582,28,46,77.37725609410671,5.969089126816108,-11.500820288892443,7.684768699874741,0
138.0288037949822,279,13,139.4071210786548,4.122712512199661,-3.3088057146021392,11.883584239346792,0
123.9290641666024,60,51,121.63650492897003,11.265620832867633,9.481682332087116,6.649804032223266,0
69.31939078507888,5,68,61.940436295830395,14.158524839239615,5.154332210090033,13.283471298322146,0
76.32972928043635,14,17,77.1493495984035,5.772022502682866,-4.048714329535108,4.33478826311269,0
70.89334631442671,28,56,66.41013517785066,10.032078565059265,-6.200273515389792,9.945310814919022,0
59.64293975977876,29,43,64.59487094283553,8.316502249388838,11.135965584901356,14.15275145165067,0
105.88596071035671,90,61,108.54654138128862,11.647620686596941,3.9041078910080786,10.10402011886272,0
94.95724601147532,15,19,101.38282738264071,5.4224411064186455,-5.816102947495296,6.50484119535292,0
103.0,1,77,131.01534654101246,47.807316965845374,33.6828886636418,40.36528293130442,1
110.0,18,83,133.73164255068681,37.07660048439075,-31.179225061546106,28.884497368514083,1
70.61738506049467,14,19,67.3238715314727,8.524770402325892,-9.095125539193193,4.503757212167426,0
182.0,19,86,196.10240401651177,20.39675770815943,46.89244438686325,56.46374185888936,1
109.07019440421439,83,67,111.14483233322845,10.60282648131058,6.056994685800441,11.459776363364302,0
74.59389308999694,4,47,76.10563454165515,8.499288607409484,6.460445052843434,14.620761915427675,0
74.81293776408909,16,36,77.37854563475099,7.5416126898596145,23.298249172658767,7.774137442554554,0
95.44036830820569,14,27,100.94596820219428,7.267465132556575,2.1557050394315564,8.273316146871093,0
123.27519650096846,110,23,125.97256336943532,8.650719331197088,9.11504811868495,12.090130892059351,0
148.0,9,83,154.2441367388211,25.933045347897625,19.11197582720242,33.466867800490675,1
122.7673332540297,271,24,121.71511383183098,3.5339819486544286,-0.0032734871861614463,4.869690845538037,0
120.97139642556849,210,10,123.38486668364925,5.217463419423787,0.8681702085788495,7.910808379393233,0
55.97092438201604,28,52,52.05010635737446,9.815505949161475,-4.732213426540192,8.167354087964634,0
131.53822915843574,247,42,132.7673252675177,3.7470807283177816,-2.658181610000706,6.93724548822969,0
51.259240402352106,21,18,53.627400786409375,5.220856610055385,4.444101170737986,5.4065674425695285,0
153.0,38,82,175.85897545023343,13.154166407394106,38.56523583513252,30.35790193222097,1
106.51677901467629,184,28,106.14028604146671,3.8434032578484585,-0.38411331118712155,9.777813230268901,0
181.0,7,85,188.5028836676341,36.14791504961478,73.30528991435324,25.03347122624866,1
83.21184789670302,3,47,80.77805149739956,7.179101780469759,2.3075458058239717,6.12889028922555,0
81.77659136965106,27,43,81.19131475422473,8.903003701755427,4.590142089156677,10.390388569479947,0
175.0,9,83,195.23430854329405,34.78474968166609,12.965655723481994,31.724162514892544,1
56.20959888882071,16,19,54.170963802477615,7.066337307474341,1.209261962028864,0.14259350005042393,0
66.38074908747343,0,32,60.63562987210686,6.843766961819789,3.924782854366,8.776832341583537,0
88.52666155059187,4,69,88.44880387286221,10.967673827057773,-8.073088658111448,7.886734049928236,0
145.7761060897269,280,27,133.3143904500766,5.982543211980992,1.786166687362087,1.2888915368236233,0
97.5839859071564,273,67,96.10185654702809,5.259632539461949,-6.5284878893680585,13.923953271517101,0
76.27551801109357,8,38,76.21119610126031,5.540805930683421,4.8202829246949275,6.589890925679743,0
177.0,4,85,190.0946767056699,31.455392327426832,0.6152935330772564,8.787008100332688,1
71.49375900977411,3,60,76.7698163343024,13.20119216063015,9.30711639911236,8.093273484390531,0
90.67224204312315,1,67,96.88841369552047,10.537408617688785,4.112500419398207,7.694151339826906,0
61.36246971146572,21,28,56.01910587613176,6.447523794086149,-5.773747589126767,12.233594900487551,0
88.73958109666056,26,30,93.77854895235879,6.59736035635161,10.537967521181498,6.544016866265254,0
63.4313338026737,21,43,65.26691902478555,10.027242952536758,-12.452761242488178,6.374280347588284,0
71.0920842084832,26,30,70.72119711358778,9.17978125128067,2.1657930323288115,0.13209543183207018,0
68.46559206525582,13,10,72.36997220385021,12.028697947744526,8.46663987239991,2.859633946645431,0
130.0047060515724,195,12,122.25704970367985,2.395398800134565,-15.793099586687095,15.213044178182434,0
69.9007701027156,18,64,65.06789311714178,9.14639382767241,-7.925580076289859,7.277135340881042,0
60.7759083819849,26,58,54.67332862154273,5.578437291991484,1.4330703219439216,3.5278824705084633,0
85.63435490951704,12,59,89.77818479754141,1.924572240027178,1.4916345181554211,6.69106767615806,0
54.85377379467883,10,32,63.03512831760505,5.184265242524745,5.3513373802244155,0.9591164892406905,0
71.80265487381429,2,54,80.36234705926393,8.369398007634103,3.1449152474273716,9.607155961370124,0
50.42090569182807,6,10,52.828490463218,8.230791815616154,-4.9579818340874,8.1461036764579,0
125.89096410572985,190,53,122.18627853731424,10.567679916215642,-5.784125586288543,8.41963320579132,0
110.59765263223247,237,13,118.55345801637746,9.513734168562971,6.563828956664775,7.9307057844532265,0
74.87987594927326,26,23,78.79779129200972,5.251177698308825,10.843542408843966,15.85099354598302,0
96.31551870817071,129,55,98.26324086981884,4.893836097813475,12.922373373108476,20.1520814604033,0
109.3570371418887,200,21,108.86032243529475,7.780040224204267,10.513764682113152,11.694175676335055,0
136.0,39,99,127.86044862750744,32.32330094266672,44.21897015725085,20.85081913879906,1
118.82368249332058,122,61,128.2393723122527,9.65143081352227,15.447271897496554,11.19054162627107,0
99.82608319402242,150,25,94.45056795343864,6.817569201941312,-11.16350114487736,9.674308321355559,0
113.45821576169648,225,11,117.9693499209474,6.538061265097938,-5.82225106016991,15.18968557397795,0
66.27214204180008,23,53,70.38459362782814,8.637143937728151,-7.088434314851079,0.6386432648858431,0
49.88138088670493,29,12,57.54854939318656,7.397752509341408,-9.857138638518661,12.239308738758968,0
89.92450823138591,22,40,89.78267570923794,4.552449897789002,14.60976382768907,5.461711458792678,0
86.96710407445981,19,54,92.71546416885354,8.889730815590916,10.14121208950379,11.443640015049182,0
118.9337080082203,163,66,115.17423985870369,14.834325870156533,4.454946534631889,2.4029406198309635,0
56.53676312682545,12,19,52.89719149046414,13.096265494753151,11.630729249731123,8.851019534078201,0
54.98648145397489,15,22,48.24064800322103,8.184121033038348,-0.9838126479157727,16.85641852966961,0
93.66541621777071,5,19,96.26017463638453,12.85907923384219,3.1771073332253685,8.859951522302618,0
77.04344174629321,18,18,74.56681969357469,8.423404672235897,2.1360826674413955,18.949682431531414,0
81.95017579615889,4,57,86.43371468800241,5.99190128264374,14.011272589991288,9.57664551250168,0
74.85470980884446,22,60,74.80489738864088,4.438413067741903,6.739804545583154,9.56848814714098,0
63.719203403749695,21,25,65.37904429909297,5.114669396733605,-3.318162983640523,5.020676745482921,0
195.0,19,95,217.44783160878427,21.437197555110306,8.795618240615731,52.17007837193229,1
69.86543220649561,14,27,72.42293008330492,13.805462120180687,6.524008179554101,9.759557463346137,0
121.2207308283935,249,35,124.26267883923559,6.078002569326163,1.6902238202998614,15.755764316339732,0
83.0492821845015,26,60,76.45643138071092,10.161161726114589,2.527127257218526,10.29640642026598,0
107.13853182407092,117,60,107.41085954822186,5.771278001656315,4.952832612926143,11.777707566661968,0
72.13668457540915,13,33,66.19450662011292,10.92892798057103,-4.245990397622962,11.770455650936643,0
112.27540574416611,269,43,114.95542709922766,3.519065399441189,8.060295706263807,4.170292077361792,0
59.80332778472557,14,32,53.510937508098515,7.214885070619494,3.950836871471621,10.642193524806169,0
81.20215405190959,28,14,72.02307088789736,4.842130532972958,7.145500229031958,4.464242776426472,0
135.7722444184908,265,30,129.68983914494487,7.549656495680375,1.1916218514351382,1.3035806830010408,0
73.03078221530848,17,63,73.15068231038644,7.6355779443498655,2.818816882512431,17.30512811169549,0
76.24915246046918,29,58,79.24906347334696,7.072146291434736,-4.7436585710010215,8.566649404681304,0
99.92059874784323,21,36,95.50329027243038,4.785749360115416,0.3262293262803581,1.3650445844618826,0
138.83941853456736,277,30,141.64017658794205,8.617026436824327,14.567870151269293,13.490481062480042,0
113.79841796435235,158,28,107.81584272359768,0.7096328728179309,-2.926245962416051,9.642071535530604,0
76.76651040800557,9,52,78.40556577587618,10.857434470858415,-6.487151489601998,11.834070216427211,0
134.758840221461,220,44,136.72919877202833,14.182468403406038,4.5699812767079795,13.220949302687753,0
158.0,2,82,173.27318504495332,18.837337508365266,17.749932415182318,39.213878528257666,1
74.45741668001841,28,38,78.99671986854086,8.052242746994693,3.8847513603520185,5.642447028334214,0
141.9350652324504,184,62,155.51081181856298,3.3410905827873396,11.33722947066027,9.810598829301188,0
86.34643756967412,28,20,85.53619846366762,10.513540266550214,-4.519779714967316,12.746569203086674,0
60.248380038721166,16,55,62.423237402088986,7.61269187457883,4.628682465700422,1.9181063002537169,0
111.46245333478817,202,62,109.22101701356155,9.699347151273056,14.343608449723359,6.699619832783043,0
76.26450103679949,1,39,75.11864608570541,11.212138102625556,4.973281465936052,6.20469958992595,0
119.0,13,89,119.15247643131562,31.096142654465744,32.12006675482324,51.53413920334701,1
76.72673891553524,14,32,76.70214854020212,9.23490036022205,-2.5339053021290496,13.304235853997247,0
122.60403095497207,77,16,121.76300551447665,11.494305936513571,-1.9659814994163218,6.151661131669458,0
152.1268773632329,103,33,152.9790397476562,7.169108437639215,7.69065948565414,7.00967721367306,0
79.56788679986983,9,12,82.63023076993784,7.7079895440119515,-4.030316672831494,16.073985284471924,0
64.18843621868886,19,58,62.8894355148513,8.841597021665775,8.128748173175735,4.678892448322463,0
69.28087998926564,5,42,67.1487448636998,8.268986753324779,10.848625174453666,6.027197362957228,0
89.59697192334312,12,24,82.06260532932728,7.98722303828237,15.626426045967927,9.356323302360384,0
131.0,8,78,175.18409805716192,19.520154648971868,58.67324318804421,27.19464973325983,1
75.12388941451664,11,57,71.506418365892,8.380218864958861,-8.802270132821354,11.235611995527568,0
110.4603483509715,189,30,114.58307242790544,9.994984179905712,9.968857237155074,6.65539578070318,0
43.0,16,82,63.51395527538412,31.761828820341577,16.737161571309436,45.3918397996898,1
76.50823278466677,25,34,61.73911535766365,6.4306870793465105,-6.932564435403973,11.745061343140396,0
96.25391589417082,18,46,92.08349161406504,8.925637707917652,3.9060049438791604,10.390637517473928,0
87.91019305775117,15,64,86.88135006760284,0.24251452817570396,-3.997841409213045,7.368760717412894,0
67.98486867097094,14,58,60.10542602818339,9.552454708641324,-5.140257350449897,15.597830584905463,0
70.13307938239937,19,37,76.76429272156156,8.764094555109512,2.9387403494213156,8.422913865945262,0
134.0,39,81,131.71586320589176,22.18489991435132,57.61184118805323,2.9674906664531306,1
81.07487586221472,22,29,81.59267557341185,3.560454558686084,-13.520084400551493,9.115888621132477,0
61.585687301354575,18,46,57.52333813989291,5.607480258562975,0.8092343575965117,17.294416436581265,0
86.6111785142183,17,64,89.3232495731095,8.686009008855963,10.466019432188483,10.035190700389029,0
69.74437521619035,21,26,76.68232361716052,2.7073323240958924,10.195584420441675,21.46838538191058,0
123.81948399544764,213,37,124.6326601943152,9.709023737655738,-8.641382781377265,9.168628934059331,0
190.0,12,91,208.3957370730569,25.901096889394527,4.956884493136499,53.99306532163709,1
115.08542813897641,229,57,112.34245095563018,7.058014711076143,2.5149882735930995,8.621806169724367,0
59.42433070139683,20,10,54.250256258523876,9.109186223101826,0.4124254576894546,6.934055928062999,0
124.57301407216389,229,46,123.26737319609667,10.51580897688116,10.307970091977548,7.23199751536616,0
35.0,16,82,43.9328511677634,27.078914578440234,4.336415305335738,50.51376550416568,1
69.40313136558932,26,15,65.24277902692533,4.745096037558568,-9.084778124204194,12.026200127745728,0
141.85467429294494,198,31,145.69978602186362,8.313937838242625,1.7492117200186423,5.699161540791873,0
170.0,52,86,183.3634975617448,25.143268587147542,32.47589914935603,31.54412538459148,1
111.49633240873816,138,58,107.73749520822388,7.5216459261946484,-2.263075994475007,12.188692860233967,0
82.60288640887316,3,31,82.19826164246415,7.638041171780631,-2.4021177433506473,3.4937368780395106,0
43.0,3,88,25.35423460302083,25.451298399883125,7.6093902123034205,63.8941285551723,1
77.49132055965617,6,42,77.63552491767274,8.27095007455678,-2.1166739751086903,12.430193408213743,0
134.68155989459567,250,30,128.2528800707334,8.366636491728805,10.04101502989282,4.659869783154066,0
77.96643833533713,2,10,81.81409568059212,5.4334659260652405,-4.966761754261142,11.694325785258712,0
112.00000915926812,217,14,109.84863855082077,5.215737154816177,8.85068554784798,7.213632068180649,0
56.41437302688162,25,63,57.80574918058248,8.77357942018284,-7.548387979546959,17.399912650434047,0
91.55997157623166,135,12,86.72454221223396,1.2307583049499637,4.625586462296689,3.868098641217566,0
72.07012679347773,6,60,71.40652304137537,13.737855675434584,3.0787559431433458,3.61971338480436,0
127.0646775556017,195,45,131.29268512793647,4.41908950473056,7.353233388880012,15.002911590214891,0
80.51618968732708,26,31,88.14416677510243,6.076988592428913,11.212590485372104,4.972090564572823,0
113.95428639294497,176,40,110.8829627540243,7.82258162874815,-4.0035668156215936,11.434844220361617,0
73.94764080003779,9,11,69.65736983361438,10.596085542265921,-7.646270797158586,5.788093951429119,0
117.0,2,76,131.65203185640593,21.773153402476133,38.20683266490711,45.22598249724023,1
79.41297044069535,9,24,78.62857780740141,5.1798796663411455,-20.633948238798663,19.623819046199756,0
68.36750817747169,10,59,65.0925857344281,3.5959350536979455,7.86542784799217,10.061950380970037,0
69.07629009233239,9,20,71.71275702923006,7.699491149251507,-8.078265308688906,0.1367102049361968,0
79.22457737529567,12,50,80.19377006106987,12.697461782282339,4.967003327253978,17.24706884498434,0
123.02863940571523,188,67,130.05259087405415,8.311939772027268,3.627369964042014,10.281218728114087,0
63.90445484202308,25,20,72.23750890984408,3.779532764664781,-12.216325059298569,5.241105913679518,0
67.78969654137505,2,55,60.30195173557424,4.002650657005385,5.051348850179251,13.995340365711497,0
134.8702841932755,183,16,131.3534071658039,7.629743428855563,0.034093337752702305,9.544041265131446,0
77.09663107710124,8,46,79.48867949382011,8.452967075625494,-6.001400271867446,7.977291815256423,0
121.69019019373604,157,68,122.24698267222654,5.815469459610171,4.68606848129779,0.5682170719247619,0
75.38487802104274,12,36,79.55869019449317,11.72976516064124,5.645245593906023,10.656140615647663,0
66.86200247291966,4,57,63.522294120622135,6.315018329223722,-0.1255037340555036,8.644451536766027,0
131.36832586883645,137,59,128.54444354242725,8.523627336460855,-13.424369770415163,13.615610164353026,0
73.12948032442034,16,61,76.02657523891519,0.46749499579564535,-0.30512068353319133,10.249013954514162,0
75.19789994556032,5,48,67.98011477464169,10.060625669608681,3.889348783732004,8.37350537838218,0
135.88374053842927,75,30,141.95691690874753,13.56739472772396,1.368997000505016,7.540202022625786,0
76.45811505341466,12,10,76.98132666265796,8.367029652459246,6.261232410989269,0.3613466769898004,0
134.59494817999501,131,14,137.00386671930144,5.912415739565674,11.211432018128598,4.291640891303048,0
145.0,9,80,158.28002186851558,17.82297695724695,51.711322567679936,19.46492582758223,1
63.09745579951346,16,39,55.48538232817976,10.361415662010419,-1.6883248593173972,9.394359370279084,0
134.0,5,87,153.22426250302667,30.156837291217354,47.53015731883382,19.3107276238524,1
69.62522347543005,15,46,70.73628101437495,4.935569999345395,-7.055801120511849,11.050872629595894,0
28.0,13,92,28.59997165828683,32.30458975652823,47.40234567819375,20.451007379594472,1
147.15453915006242,227,54,149.15088618813328,2.5606404335592767,-10.154357969380534,16.692898218588486,0
95.74466283283992,1,65,93.76932830220387,7.7714371661269475,-2.6297985037303286,2.9659472769756414,0
41.0,13,76,81.22625049358987,22.258146662516083,30.058495275149664,47.47380570727339,1
187.0,10,95,189.84072716380828,31.02542472371717,77.34647400421032,38.869534225636876,1
125.83777010886517,273,37,127.69707968851586,13.07568474704749,-7.781016666495862,7.758918301482407,0
69.09923393657445,16,57,65.56190784135707,6.166744812569847,-1.925794431912406,1.4942976286637908,0
89.56958173417884,3,18,88.77357475928355,9.687859636204589,-8.825890227484786,12.275503829840089,0
71.52209122626462,6,31,67.6559663740005,6.947632264481394,1.74578186024877,14.552820611855402,0
64.26723914888802,25,59,69.00192505866406,7.460604942484114,3.853928260701006,10.37950511442184,0
120.94860771695646,150,34,122.5409219077046,2.998082891913886,11.621224627077543,8.340242844443702,0
57.18513690303925,8,66,50.22342400171546,11.410583656951125,9.732269380498739,6.4510090031136045,0
59.730843237047594,26,64,54.85573631235502,10.27326434062455,-3.571635826040384,9.591316619842528,0
44.0,11,94,74.1785796520104,22.97659066963534,24.779815302417205,14.487839648346188,1
141.43676570770373,193,35,144.01450572120743,5.820343053903587,1.169498721340877,12.810887630125045,0
125.30644168487802,73,21,123.86668057536399,4.510338379728788,20.51246359440277,3.921233129163748,0
127.0734919088131,175,58,122.28034237817072,7.9001179756054905,10.291443704491874,1.6005037925564398,0
76.7952750866877,13,40,78.01788782345197,5.973098208703881,10.772355706216835,0.11393284463703957,0
67.55832578636286,11,53,64.06621359290976,4.583155379900097,0.7125901577124912,8.066568390080043,0
81.83476440562562,25,10,79.63278119006563,8.130930910638762,1.1186021706084255,19.84828342475548,0
117.52325744439476,93,10,111.15160810679976,15.485062882138356,5.175646184513067,11.532026069633847,0
113.60045843169817,258,14,103.83186507389284,9.638559085152362,-4.9780084095818,12.940535391654219,0
70.78852337222487,27,37,65.45981408883505,7.270785346354986,-4.36841104077623,15.06585648823729,0
107.6431668722191,224,24,105.1362066423362,14.216161732704688,-4.361050776595022,5.285602205634225,0
59.674109358310844,15,14,62.69277443926195,9.884236090700746,-13.28963524147138,17.7490930316417,0
96.26192814683067,21,52,95.45575187343432,10.122627052802507,-2.066309306520947,14.343376356695885,0
88.00397298889294,8,36,96.92356602193037,7.987243709840174,20.71511773911239,10.723430652625183,0
114.38520121118671,152,66,127.72048736533898,5.604783027737129,3.2567778367840963,10.4427943103839,0
55.377631578507255,16,35,47.20379902950334,2.5424368308717504,0.6987698131349898,15.163390394785248,0
80.14822720248107,15,46,82.05849238127877,14.793842092273497,-6.7814691380114835,7.846299206230734,0
139.56132690070493,200,41,148.7551690195368,7.296021987360312,1.1503040794042345,8.884201829095545,0
69.0220384377604,18,37,59.34721785155804,7.5519155130510764,-18.939821226986226,11.768853154456947,0
82.7835799585176,23,27,81.07142756263326,12.380716037412043,-3.449448123641478,4.342606570946116,0
84.21235660066961,29,60,81.77656648744107,6.3939947389513305,2.867628945676962,6.345218621422633,0
162.0,6,86,190.57727022863975,7.935996950233033,15.31730802092817,1.3018554547828671,1
92.00190072959076,67,54,97.03946917877536,9.219432431715255,-12.636924059247015,16.893548731316752,0
135.74866746015599,250,61,138.3120773338309,5.500616656778229,6.9512489426448925,11.593083200997295,0
79.86915765495955,10,57,81.77160379448863,11.304087077082182,-3.74293228665597,9.35174732475415,0
40.0,4,88,66.47484616577607,32.69517979957413,10.738114728851784,32.1660161909155,1
154.0,8,90,171.6647304442138,28.02607138278239,33.06745937707319,46.357951062377886,1
131.8459818694801,52,32,135.52066174075168,5.274976244876044,0.246789336428057,22.38464566861706,0
112.15840080478057,107,12,107.60349522452938,11.51058423008394,12.072201591134835,2.592394304782716,0
64.02480970997458,1,23,61.61177439224862,4.6724538067886865,-0.3764895525693683,2.6250339558685383,0
134.20520946239412,275,28,129.63161193574706,8.405687633530045,3.9923906838637904,4.825925342413706,0
130.24964259976358,229,69,129.9683835840164,8.883584975027688,5.164897170148337,6.537168025964574,0
69.7922339639887,5,42,60.01764151617309,8.676177746033812,-17.350878765620408,2.736395487337963,0
75.95598834762943,12,53,77.50462224330944,9.427255975494596,4.7171138508592,3.2591403152247445,0
80.39468504518405,19,23,86.48565860395533,11.172104916134675,6.977576000583823,8.424566344029458,0
104.06490842730983,76,35,105.9698521279795,4.313392460414219,-6.529214365606615,17.645188251211046,0
78.95863839093785,13,34,77.25564485638854,9.500429099341652,-10.855484557596602,11.115765273738486,0
71.19820083126747,13,58,69.20858577723035,7.349636546313921,0.20705409755236961,7.642728934208992,0
112.59985574888616,66,68,118.4586154312517,9.239581210903916,-8.696955352496975,7.213059393501201,0
48.16788503198812,28,65,46.1036646748522,7.094428343198573,-7.891507876953903,8.174211198746391,0
63.28987336886287,17,65,73.03985127094946,5.877681365563436,17.678845325987712,11.634972566350488,0
72.46035810112666,26,29,68.81290754731963,6.404882138013919,-8.725904461786783,9.560479190976542,0
147.89341784071578,251,55,143.75653751095183,7.586796122905615,2.1163381331475306,5.672444213404184,0
77.74071220894001,10,48,70.91159143186282,7.553092070698109,4.022275415161554,18.98180411463482,0
127.56140747915913,218,12,128.3296531256422,13.244541374207778,7.663414922689903,7.485535706183338,0
108.17483810639519,81,30,111.47154293118413,10.111415364091354,13.787711056886183,8.472895735082254,0
126.05317288387675,180,33,120.96945766268384,3.424259465331944,-4.420847330507632,4.101467359000611,0
57.21453063001201,11,54,60.684146795968296,10.149768019278955,-13.84210184387476,16.669428727502865,0
129.66832671287543,272,28,127.23286092812772,10.079405606188484,0.4036221869762529,15.480232047101575,0
67.85794998842101,8,46,59.630177723954326,4.01143712504548,13.055928056901033,6.547894823182709,0
80.2184812141315,12,23,88.51096791512344,8.902905129927234,-6.369052044343638,5.60423400453227,0
68.86903339010934,14,61,69.7136447908031,4.049309055566216,7.579452524122523,5.3713955629211165,0
127.65901035615471,266,13,126.47632343931204,4.0653525863039555,1.5045868559341844,5.744097587762575,0
75.06372543966346,1,35,74.59487843455723,12.206783761244074,-2.1397289363289387,10.145310436971556,0
87.9374759404403,27,23,96.78078213833626,8.050967841152104,-6.426457990072846,13.678410796462927,0
74.4215240732251,21,68,70.87579112341749,10.977122423979356,-9.038100039287968,13.153896351260613,0
76.30579484626523,0,48,73.10102411450825,3.385151173608092,-1.3212329842269996,17.681587869090233,0
41.68806167509911,9,12,44.25623684442487,2.700203841758152,-6.92007714408674,7.4132671353036095,0
68.22166531067327,27,55,59.71576772447138,6.670496816560396,5.931651895940922,7.7673576396279325,0
72.08117599835532,17,66,69.5123028205103,1.2747811635608688,14.301111237735944,13.45819352518934,0
87.20339237309503,23,29,84.72948764426062,5.108723221368168,-7.657207319160343,11.718939407749428,0
62.19699706184972,0,16,66.00734425184943,7.0123885687003416,-5.112530836001879,5.087900645664452,0
82.35122165771574,13,32,88.52650033525366,12.201293305399053,-5.203926242527427,13.045941791348898,0
71.52402754881493,17,35,72.92985326328801,7.727759727982631,2.120856756097945,7.697382894193431,0
63.10944684944502,13,33,61.051875623896215,0.33352381497109107,-9.014471788860268,17.307130592886075,0
79.45747057430913,4,27,75.56801279540579,10.394323139253231,-3.404458869197757,11.529218222070888,0
78.49275576531213,29,22,76.71232264371159,5.997454923964632,6.036326240119224,14.9972892754769,0
74.6617786520418,15,61,75.22024930257518,8.89644267472444,9.489725875219468,7.755317749854591,0
69.17269985206097,20,48,79.998110939234,8.322071952761709,-3.5547451305623126,11.489516831619675,0
182.0,9,77,201.97469673500916,40.05334343015056,41.36045173720781,16.907363419445936,1
69.13617329826613,10,22,63.47033081890582,9.72889895912153,19.708455457058076,9.45546752430834,0
149.0,12,83,168.43375591311263,21.908919835469085,33.3593500090914,41.407782057667134,1
71.40820889189555,5,11,67.530599645003,10.84123513093365,-23.10107440573725,8.588050041803825,0
73.67760318471177,10,33,68.86305117755194,12.361653465644409,16.495479648028912,4.770580862411318,0
109.03127013418643,279,19,113.41982155180409,6.027235118683633,0.3937910243845416,13.422138802091546,0
74.85865390724905,7,34,76.53093785718417,5.448330624013414,0.8378823891050441,1.2572650752123682,0
72.08763484885367,8,42,80.42454656354676,6.765586477586117,5.373585470570074,7.136591799203506,0
124.17040955009145,185,28,122.44130243473623,9.112917675405848,-1.3370228125279768,6.997322956694525,0
85.08562530621131,11,54,86.1022332758529,5.946854536509395,12.319321167122595,0.34281760502085135,0
70.06340540720282,22,42,69.65000197798932,7.634757474850149,12.107597945937048,13.154058422773888,0
121.4349459403992,149,29,120.13761574559815,9.814715669467631,2.0432231995647654,3.2838699755699885,0
84.35383894121897,4,34,88.63567037393084,6.771159845606914,-1.4330434104448433,4.920156515159444,0
63.15078770800946,17,12,57.58433110968599,9.504279100260518,-1.0871840829242154,0.39362800971692913,0
70.94608074562673,1,24,79.85022681045994,7.482118100177541,7.069279499893379,13.261614392067099,0
86.66540859278604,22,29,84.00813583598996,3.2964217239036326,2.773679820839359,22.55778275792212,0
29.0,5,99,51.205852314344476,16.875435190508995,11.274179683785462,43.458489825238395,1
73.746509178978,13,39,81.21418172809307,6.139363596519828,6.822612100143802,4.729581234019963,0
68.66037874746128,5,32,70.06567795176697,6.020673321364791,-1.9178091487203892,12.248746855905525,0
51.695864241838805,9,44,52.76783597874723,8.691601001634018,-6.197472461310759,20.71355517232093,0
66.47079162632699,23,36,62.560774163771804,5.720890647559139,-14.16854842470473,12.35771190209103,0
65.97483396888204,19,37,61.77338715854377,8.165107457091635,-21.42513908682517,13.202427818344814,0
118.70180758979096,253,38,124.15670272788829,12.181146693254378,-13.160778033118245,7.92625341645576,0
82.12112118716414,3,59,91.30398435730865,5.12640381371396,15.352004442421455,9.211572794038942,0
134.87470752621854,163,10,134.1732923594317,6.424524407905219,10.002295303529866,5.331231319299515,0
138.86231486384185,196,49,133.53096300690635,5.542129143270742,-4.5024083403039965,9.267797106426537,0
158.0,66,98,176.41276324166273,21.403136885713394,20.48744780821025,65.96478218422915,1
85.89792579761827,5,20,95.65654164963635,15.319623400956505,2.409939840731121,6.9440574887485695,0
72.94645406430406,21,54,79.56472457519195,6.468224124627259,3.94460799737845,7.566255675559427,0
93.59143926078434,26,17,79.51552510072169,6.518857840851485,1.47257923758701,13.679036881580958,0
110.9774731976734,211,51,113.6968882694923,9.46110390548633,8.805167497085622,15.35932014997079,0
75.29315785151776,6,65,77.26728657355626,6.2996144808617025,4.226603473682259,9.280771145440182,0
59.742085148190526,18,69,56.952893922532034,5.942995500015918,-4.725117877375911,13.037733618179661,0
123.41056338824566,99,38,126.29549896400675,11.143055606028856,4.296803200800945,11.90228498589912,0
68.13762911288633,9,21,68.46900279960751,10.354666062482556,-4.723526161626199,10.096296545156061,0
141.10949559801884,217,51,143.1485456711076,7.670407630694193,-1.4726949361273551,6.139038060978104,0
112.0264038486337,218,54,112.72199919717679,7.983752864895702,-6.094038981081573,8.295265185854387,0
76.96203899030743,28,50,68.77219786364114,5.825429972918497,0.25033186888620723,6.640663690035625,0
69.23994384925092,9,56,71.25559162706824,11.02161073562971,-4.986772827678581,12.562937056598399,0
76.01465967584528,4,65,80.85480771182702,15.016468824584734,6.678685900677299,9.185829802244477,0
94.9889812361925,23,53,93.17478843399421,2.9545390246003125,-14.068791999953179,5.636846863144946,0
76.73759114024878,4,34,82.14937255662953,1.1852120791607534,-4.610635390453838,5.874645409324856,0
58.519657484549704,11,55,59.01580560145507,7.692895791168904,4.635997828441647,11.68460186034875,0
141.01700154421385,195,58,147.7166863433102,7.57674148276568,-4.2905851391214895,3.5452799267935777,0
135.3475495374662,97,39,136.622158613928,13.679925703399373,7.54387163408578,12.421526451063272,0
74.46367114609801,20,37,80.88643409433196,8.001602483728465,1.4186927982725916,5.788253744702553,0
140.00015891230169,288,45,138.31131333684652,7.837874548159373,4.228961777747519,13.960476651813039,0
87.44092663524046,1,25,89.36620247492964,0.12269708101632304,2.1011359029735237,2.7499182191623364,0
121.56429483348298,114,22,122.30413923664679,5.36294934150575,7.339697228749762,3.6790620200414743,0
115.51570083065732,143,25,111.12725693522812,5.991529263919521,-3.732219957890891,11.65205661181389,0
53.35730162743528,29,59,64.58071290458656,12.325862460687304,-6.619978284370804,3.066120686542124,0
124.6313730646709,151,52,121.08841672997983,9.471986469829577,3.6901435472748476,8.799305429878443,0
36.0,18,95,47.35396822369365,23.160699244503867,52.09120069315105,36.22317313122016,1
29.0,3,93,51.13204139553478,34.320025038449465,35.59954243076971,25.967845661889086,1
72.4879737838063,18,48,77.01208437940328,5.075601651819811,-2.5489053691104755,10.115970576134053,0
189.0,15,89,205.347010529958,19.018836644278267,34.15206530299195,53.22723803751923,1
63.64875496027765,23,16,63.48362864167985,6.489049218873211,-1.3789996596292957,13.5736586375885,0
105.97233355327468,60,20,106.82198138337887,7.683425518021731,-9.58159480700144,14.933992175185194,0
124.92913787855564,132,58,135.88682167686778,8.242853067189172,-1.8681184123589267,9.547074286057606,0
75.20461621511582,17,13,69.83689899749638,4.177462952650998,-6.34109395157839,7.222116165608973,0
75.82254939144919,24,39,71.8026640232455,7.443988631552726,-13.928554480501193,9.9824600399573,0
71.76382020581543,16,68,77.8446490897267,5.163593875471304,-2.977076330730787,9.704800842046566,0
116.14765479352366,251,46,116.63177810197632,10.174043280075395,14.334162328528848,10.467703604967491,0
125.04113118758019,224,22,127.54169533568452,9.684333382579855,-3.737125586543124,13.821648070651928,0
83.49028062998293,28,14,80.37248535348724,11.012127208375887,9.698167824783466,12.948606500066791,0
57.07209879371389,19,41,50.8611158206044,8.122455699168306,-2.526054697753509,13.007207968053038,0
139.19510932488413,176,57,149.24039627388538,6.33517869587158,-6.592560703559772,10.174984030043447,0
63.92349442253235,5,11,61.965644535752155,11.292289494249744,5.3555041071458165,22.194283532896257,0
130.83562957228943,109,68,119.64211051109663,7.793270070827027,-1.293013987695165,11.181550312974617,0
85.05955984797964,3,27,80.90990424750933,5.854611285622194,-2.7808382571821215,15.223022299747146,0
128.5207823446797,140,38,132.28077998759142,6.630725802465498,11.935639533245729,19.099924322395488,0
30.0,13,81,38.28773173710302,31.31888765391986,21.806356080499288,44.76511476418293,1
162.0,5,79,148.95063326638424,27.217022925856533,47.31347418934049,43.67228563141815,1
69.25397673479561,26,67,73.61989243868864,7.835664918983524,-7.379303878751626,10.036813407117835,0
112.01066842553365,172,41,109.72167348763055,4.846110883409742,-13.862710033373826,12.015124410913689,0
55.378852864485594,13,26,58.477168455297715,7.3399459170209775,-1.0192549791196779,10.513227642698322,0
82.26419454871977,13,16,78.65691013584043,9.642989846022452,0.9833629259834347,6.553797438674077,0
110.9774387091835,168,23,111.422424150584,5.301988977222189,8.117680375896203,3.817954683450157,0
90.0,74,86,126.35518904030027,16.99512180908421,36.9095140694265,23.546324181187142,1
61.46317580853646,29,50,56.1241612006405,9.28493888742049,7.193085709499935,14.512346112508917,0
109.2801432552028,66,58,109.90247650818465,7.942952142649429,6.73531894216309,13.662823089338199,0
75.93808837991264,2,27,77.60216805154296,8.599088589876194,-6.316429484130568,13.688196000299406,0
144.0,75,83,203.7832815565763,20.1378105667199,32.25418908724192,26.67310890397505,1
79.09190163898744,12,37,82.45370568106097,1.1972338005404701,0.23303266567131595,7.2492222872802525,0
110.0,21,92,127.51558071213783,33.539132104872635,71.65667788334497,43.75413742213293,1
135.7158227004961,78,12,135.49781349617393,8.305185333626701,3.200406058217675,13.472978295347152,0
81.4256854853619,15,26,85.7279657274729,4.8791248153171685,1.9233990147102864,0.9087978300142616,0
73.89706167610396,25,15,70.58715078712092,9.646124803955095,-4.649168363600132,10.13340528555268,0
175.0,12,90,190.14859731665774,34.0703541754891,64.79348765697256,33.552609689837645,1
67.85610208034767,12,49,73.04913242639175,8.279475013099226,-4.087913361565817,2.7677479802794913,0
73.77058823838652,29,61,76.7108404789718,11.566247604005348,11.136799390831552,8.804382781416113,0
54.92514071667952,2,46,53.13264308252255,4.725079856593304,-12.72843200499144,13.837569511003558,0
56.77087861522705,23,46,53.88097385120585,10.041688528812482,4.350425786119398,15.9579419815756,0
93.42060443648943,218,11,90.79230285027016,10.19704560141788,0.2627664902406801,12.612985765316818,0
148.0,6,90,153.96550217983037,24.03986849434999,18.477606669647106,26.843998222646725,1
92.91550062566182,199,31,98.61244241769474,6.348520651063645,-0.3264550389114696,1.9950377766230485,0
127.16493207143252,226,52,139.31371220045074,12.095678203040503,1.2959067492496776,8.593147322363786,0
92.92776762441578,72,48,95.15247657574582,10.85483695864735,-4.541926743403164,10.83927343551388,0
60.94174959129704,8,19,58.46755581572642,6.119636242176275,-13.470244958420647,4.971875741522371,0
87.57714384287212,22,53,90.61850856995422,4.8405606882551675,7.936624643900148,13.967315228900912,0
155.05119681037496,200,50,151.28023621639923,8.345076699028422,8.070100057065082,15.515869693968199,0
118.0,27,80,165.31618532652706,24.625870910130068,29.002549430131438,30.52712033083982,1
65.71102045957623,26,10,74.85766877721262,9.516011442942045,4.222714799324697,0.5016485957055945,0
93.07912097369608,20,45,97.48001575596379,14.609737285774678,-1.8824134181243313,15.543519985343563,0
61.31916560392613,13,22,70.76441406782453,1.761235642122693,5.3853585185620165,12.756838496413204,0
66.97892175170303,11,27,68.52980088761721,10.168948434131568,7.15390010569334,4.570962932467328,0
72.7929023735558,12,18,76.91479329467792,11.865597017145467,-5.83037291549712,6.293964323989584,0
132.26075294112067,183,53,143.10413572929727,11.95828910071267,-5.795763952168191,15.156460110209556,0
117.0,26,92,126.9087108174221,34.3790911472531,35.21591048319402,39.86849320347892,1
62.22927853858599,14,36,64.94556336345735,2.577231052455627,-5.517244039207552,9.733937818635084,0
95.68219029263989,12,50,94.92652740214494,10.530379688925859,-2.9127897590795118,10.508728958611597,0
144.0,39,86,157.84279306239443,24.41852571625644,18.861682777072545,52.02974633805622,1
81.82271235371616,10,17,81.80035400656912,10.535449004272223,2.398492607947368,14.886673809357495,0
147.85926282191662,121,30,145.7939518919176,8.084353866795464,5.188875734311436,10.902882072888394,0
71.95059461973253,20,69,57.66921755302674,7.131529758699141,7.353489229415627,4.703296563625868,0
66.11763540412318,7,45,66.89067755172707,11.540136106433511,-0.29276690050041115,11.779885619798728,0
61.282439463568046,1,65,63.419326049889406,8.737271305728814,5.266775548786028,15.40826300432858,0
120.74120228549471,140,29,118.68773730617363,3.0548851282608904,9.799055326913898,15.873979674987293,0
77.22479823094127,26,45,79.3394412734977,8.045875985887422,-0.19855697796902547,4.669312989345781,0
86.63941710829485,9,36,81.22831691063028,9.484962828867024,21.11457000889176,16.42211096204928,0
74.4642662629793,13,37,90.71880785896116,8.639232640542167,3.286019791156885,0.40919066060609666,0
107.4461894430558,154,43,104.82335437422054,12.056608036601434,3.3925348921476095,10.197235241203698,0
117.35162920175601,101,13,115.20366357796449,10.201723645593873,-9.168735683624764,7.671233034612688,0
112.59422261817954,168,25,109.69300838895734,8.021295200532679,6.359511431805115,3.928758548716945,0
72.32101550515395,5,15,68.90109103370142,6.185099088211316,8.110620865421888,4.6462219215090395,0
121.33610067419599,141,17,109.70993805445698,8.449753109173557,-9.31688218980777,16.60721370117671,0
127.26769696159158,50,21,132.46426310547048,10.260908508532228,0.15253455824372716,16.621647172307483,0
138.42597656715193,158,30,131.714072840768,9.510661844319968,21.04063559478566,12.951039544658295,0
58.42301273132448,22,11,59.1244798598272,6.030269109959235,7.260894488374147,5.878887803162735,0
64.21478272899087,23,38,56.62910757977776,4.3616172587943245,-24.079528641791324,9.218701372382826,0
102.36385553145904,250,15,101.06330265438876,5.859015232719088,1.5578580224128886,4.602911490445081,0
80.82889129231573,20,54,84.02163850549647,7.063608762423666,0.9749054685541484,8.56720721651963,0
130.0,17,93,153.8269911732935,32.89185735762901,81.03035354140836,51.149263829996485,1
65.50481789096169,16,50,67.55762596709641,6.291045697525022,-6.129539770107567,5.015913487515178,0
85.10760527363354,9,41,80.74846644084408,12.069301130497196,-12.432607983756707,17.276302468592405,0
66.56963505070357,0,42,64.22673650295198,1.976304278707798,-0.7596509560249655,11.158983547623148,0
89.09828186076999,15,53,88.25467096978363,5.618189977685498,-22.196294923475154,8.389934113960818,0
87.53958908912854,14,46,89.03584905542847,5.9649132615567835,2.9142380862532558,4.309521311290009,0
83.09929595880337,9,22,79.07400899708635,12.516246801525387,-10.04268892548928,11.765636189989383,0
147.0,37,84,151.9376184081773,35.34839630083955,20.081240828884404,35.63918837161763,1
122.98384315357279,210,31,121.44965435676116,12.393693081493893,-0.6474080934742636,13.727011348016081,0
174.60347400266895,105,28,175.09077506811985,10.068528607713834,0.10080169272900269,10.425261636177208,0
164.0,13,83,180.53243328695666,32.44442668821463,18.93728704737964,12.010829390927093,1
142.20083284480845,293,20,143.1010625909873,7.825595915526254,-11.784415106081418,7.966574998216374,0
69.5110567698989,25,42,67.40187184021961,7.445456779626932,-5.366901226298261,12.75678213138798,0
98.62399837283512,237,54,91.77330965903565,7.736401796161878,5.613598671826243,11.499199370773217,0
74.16356534591287,0,50,79.02219689471539,7.104003828260905,-9.121577582048946,3.4530302728336135,0
132.20056533944137,147,25,136.21240250392077,12.89037723802948,-2.8367250600238507,7.272236986315566,0
72.44064634912938,16,44,64.50945009325856,5.137666221191301,-3.738729810776519,6.123050699008577,0
73.1473739545793,0,54,70.73727627972751,3.4669139348244657,-11.16075765557503,5.992788530849625,0
69.06594484157955,26,40,61.81884619569246,9.277530975889487,3.3456460471037768,1.1199412297579894,0
67.463089893887,24,53,70.71878940915543,4.748483005255854,-5.049630935125718,13.035207293619393,0
68.53420465577821,0,54,66.02277475625581,4.503332446229118,-7.731439368477594,4.734543160114006,0
70.66352798397762,29,51,72.3040065258536,10.241965211651081,-4.581643605216788,2.0608374298306824,0
80.2482215181946,27,52,83.47000655881085,2.2511145916189834,4.119680939743062,5.4918103542792185,0
161.0,7,93,156.457023636825,11.985893827625777,14.200276855674254,25.838530028036182,1
124.93477918356895,249,62,127.23072179802699,6.3621643608067675,-7.2138802644052715,14.033350787299472,0
54.091171538628515,4,11,60.249425234004164,5.884479807294744,-8.910102750128098,11.313250683967574,0
71.38697013773331,17,54,70.87492048899003,6.732822185988129,2.007497290931417,3.7286642844900726,0
82.22476127586063,15,27,77.85487361452,7.6936652986499015,2.7838952623889743,3.1722907226460872,0
71.0485187692268,5,37,69.10611923536939,5.7971720861317415,-5.224244603664438,6.671000649491147,0
62.696201736998304,11,34,70.2044670536693,8.182157260708033,-7.163624430943426,14.218982053234079,0
69.96477602281915,3,18,71.35811830380746,11.558610709130056,-13.961343580444236,12.879151837454863,0
87.7656976132189,26,24,91.50814130564221,13.029793794955,0.5145760536642047,21.610266968488446,0
72.16302817028111,23,32,72.55360372854163,10.819490666567573,8.455778667196611,8.137641888049515,0
97.67579522407144,294,44,105.98663302425511,8.200763157589533,14.066709548570445,13.663443913801197,0
94.40615664455086,27,38,86.74211714283483,4.9925528557790315,-3.214867573398509,12.532816025346996,0
119.0,37,96,107.56426112714135,21.53066081882969,1.7122004876952133,27.51728156109747,1
92.47685863281447,275,28,95.13551861806066,2.3694089448784093,-1.6921173935454998,15.95763113839877,0
84.33050378565542,16,39,75.68537291560142,7.419805583163261,14.351657445729753,9.961863605412702,0
78.13265544661144,5,13,83.82153934995475,5.778308664988828,-19.95483200578238,15.731830376484156,0
126.61452272791904,137,23,132.8635493249751,9.260973761553561,-2.2064765248159337,4.712343742833288,0
62.476836192612026,9,16,59.09186050031937,9.75899892673441,-3.1690087839138297,7.734470660096438,0
74.89338905642984,11,26,74.04227009657394,11.279940136004956,6.048382207846478,7.513129251748558,0
88.41771116014075,24,69,80.8679247490577,10.164507387075936,-6.747359386874277,7.433372973014169,0
74.22043548146073,2,58,69.27472508105762,6.5819783061802095,-0.9555030610965459,18.147309243325374,0
72.10709409439418,21,44,74.57650757294165,10.193938347186918,7.058931393939948,9.599558782815722,0
29.0,17,87,42.25410212894941,42.58565350134721,64.98374347440796,12.27779562948194,1
125.11839949038726,60,68,126.73103080666709,8.400696246607934,5.405315626055812,6.0160938366541235,0
49.01241715243815,24,50,43.4143664314668,7.9657727634345035,4.086132708751307,6.702310638684454,0
57.501434345190944,18,40,51.96989343904924,10.167144073483314,-2.982665216734136,18.634819256167027,0
113.37093391691593,108,50,112.66652580438245,9.369997918069869,11.30994403810275,18.22121871448793,0
115.55946466133472,163,58,118.23003170239365,6.984731125600165,7.9248370389110026,4.100625792808698,0
150.73062386548276,289,34,142.60316251448359,8.322457154994257,-3.4465408191055666,8.339576266629024,0
86.17139399499683,18,13,90.12059909644154,8.412244014369424,-3.6957562625894167,2.1419003672750083,0
120.0,3,84,137.18118448435294,28.487334985282914,34.27531516674454,36.38527582940398,1
130.31197934654227,295,68,132.54925705720711,7.076292973188201,-4.140688419730187,8.50870256342546,0
96.9050022109002,289,31,89.47361706114873,4.418224980802834,1.143544758109654,18.66257499742546,0
54.304897636475275,29,40,53.98334538587905,4.361778155375585,5.188373981063982,10.211315324824897,0
172.0,12,89,196.12363434890082,29.281979803255417,56.837493301312236,2.3000206235070095,1
81.40230940088269,17,10,82.93980166938638,8.43972685998252,7.894156765033818,9.796007870826855,0
110.0,63,83,112.51063981051789,28.892141669930858,66.4250947170402,27.988994308237192,1
129.70793909554112,197,46,123.57911078052942,3.606875359370539,1.7956145484797763,15.235491513060772,0
79.03518039200281,276,16,80.44131524650314,11.226961399015462,4.179466599347356,8.206459848870635,0
68.88930426276686,20,48,69.18454990807912,8.036593290652885,-11.996505740426217,6.679155422349595,0
55.179327163022144,27,26,61.75982442227455,10.325433651834292,6.868823652995991,5.118303403726149,0
75.71683214286439,2,48,69.98456206235,16.399472439013493,1.5571840312464544,11.88101158930058,0
148.8605024970074,82,63,148.5129727471123,4.472567058982406,-1.2046683869994226,7.303435381945107,0
127.3562935755415,194,19,124.33739238023115,5.913735110330072,-0.3325607803401964,20.102009818410558,0
107.32652319884289,118,61,101.81506244966077,10.044078531328843,3.268858461614141,8.46095764430558,0
114.53299106219657,138,31,123.18244683479575,8.900576487800583,2.579925725382538,6.588346850712529,0
123.75858733612307,268,54,119.63223461014206,3.73823167703069,-3.987788455873192,15.995418698526086,0
72.30140661315177,24,48,70.93564538055226,12.03285372570379,11.076039701208273,11.260169899674384,0
109.0,5,85,109.45383226139025,34.56746933255059,26.783128491512027,17.3324141903416,1
109.46606613288537,179,46,111.29708882407023,8.879408318671667,10.24414909469597,9.186041591252158,0
132.4424857268002,223,13,129.25718151780686,6.470597930142329,-5.035590429243757,5.094732348676516,0
68.20284372706482,13,41,61.802431095971144,11.384528378136714,-6.6896794935911235,13.349259848290135,0
73.58096916404709,29,28,74.96991015601064,3.047961443727921,1.40295901477858,12.595392798806945,0
60.57582382740922,9,14,61.8990223227783,5.360238192484791,-6.789647392514541,7.970056992175946,0
129.0,49,87,133.55603340660977,18.263533408893586,5.821470909648983,5.57056780637388,1
73.82258443582042,7,36,79.15066073436196,4.4938372652950225,2.2838955455933294,2.354924877926054,0
120.0,25,88,119.8104988633855,30.423010340503538,29.374702381289683,37.50623459027106,1
106.32326568497038,97,19,107.62036564128617,4.583112852206324,11.310982183440062,12.827410848402222,0
71.44415329089544,12,49,83.67291318897958,8.387663545925683,0.8751583568391431,13.62883311949346,0
68.24803619676064,25,34,66.65946071297947,9.179807670410666,11.30395804501464,11.628536789065999,0
96.0301819178549,7,35,98.21283025691771,8.294923125164871,-14.756609848884708,16.24765361825864,0
135.95911481341284,71,11,138.1801064498662,11.303968873207285,3.7323624916010156,16.73112878101374,0
69.51499347723876,3,36,61.33779995469827,9.562833156087805,19.708092472384536,13.455386519628352,0
75.104548448495,27,58,69.37644078759327,13.159284918807828,0.6388327176983319,8.76240849153745,0
130.0,13,85,135.87192251887168,36.10838964883683,29.745872365101697,35.360517802781374,1
112.88027931595428,78,52,119.41993600964564,8.78849205599952,-14.216392606006957,14.152777098269429,0
123.20713190911596,95,58,120.03008250797227,7.876121938978152,4.448176774738326,7.043576055990528,0
77.23677403484506,3,30,79.99908605724073,6.8458984629916895,-11.248479774468892,4.360785500298165,0
69.92927137924076,2,39,67.48692602371791,6.998560848140825,-11.58774140342648,11.08112933185513,0
69.79301516543678,10,56,64.46240454270998,4.6724616203391145,-2.126807387874829,15.741289212922705,0
106.69020952205821,228,57,103.92218288257494,9.611864657656257,-3.9017425589398047,5.620869117551716,0
133.3899082419553,233,44,143.1827285767406,5.4003587430767865,-1.380658140227555,9.8693106536102,0
115.56468423813696,249,45,119.10533354061336,11.370281861287285,5.415952779000434,10.964309215750953,0
70.08464677262467,0,51,70.36839703040278,2.6409346269801732,2.768152209227859,11.297575880227143,0
170.0,8,76,177.5239182697301,34.40209497088981,-12.239402554883448,45.09347177375649,1
73.10915097633384,22,66,75.16897619904951,8.589353243130976,4.426813686737692,13.95511519346859,0
134.05600312653047,276,69,131.11055201387347,13.098307949026129,-3.2143602155330693,13.406811632876527,0
69.69634089221776,17,59,73.08279955168305,5.661409159362627,3.0027051767110158,7.804771608484331,0
73.37743894003137,18,38,77.71420583462576,10.993633447382765,0.7339190078982563,6.639336707513367,0
57.69354282362366,22,50,49.97063923969604,7.040597486755729,-8.143493032511023,11.548376393009303,0
135.36012382608865,236,21,140.22163140243595,8.929740001239372,-3.845024744484463,6.074935357076548,0
41.0,11,79,72.29794442014557,27.881959487534353,45.5080965744396,51.32936807982985,1
77.36670405357481,14,35,83.05560718119636,9.784780494784433,1.0209656985073527,13.267952618026365,0
97.06166227910188,141,39,103.16486577256269,8.068648632037709,-3.834287915715117,2.6293078228408637,0
130.87024661444434,259,65,119.32735716780073,6.591682303025099,8.950742878316598,8.709686481285576,0
129.55047205390107,156,24,126.13264361931414,7.173871442177416,-2.715739601009157,3.643550651987092,0
65.80877051750068,15,17,59.89886053715958,10.987921036539337,-5.586094790011138,10.620878423723067,0
143.0,58,93,141.4925685814034,9.414017033003269,8.34921304207219,47.94249689765339,1
116.42873153883463,173,26,118.30516965195908,8.788884199402581,0.18613117538925705,7.919296209950183,0
129.65466938992836,110,29,131.14399941899865,5.999828948273726,6.8058963884727905,6.5155789860008255,0
120.16028404547461,111,33,128.27913168021743,7.442483722633452,-7.569147435042072,6.7895199802889294,0
126.0,29,80,110.0800321211743,31.154780045559825,50.44948024054098,55.9054512627165,1
83.2790899325357,8,11,83.17972175569415,7.678205702567174,9.762263171341736,4.6166043626449325,0
53.130186022203745,19,41,51.71580491890905,5.23730290644887,3.4068907936674595,9.761235605874068,0
73.28218728593295,23,57,69.15611391913218,9.176574863583657,-7.531796419244397,0.44785118584906236,0
70.9850058955352,22,59,70.43563550052141,0.3291923645994883,-3.611221707053829,9.596012760566733,0
91.26948186004212,210,24,86.09838595697005,8.844049679296802,-6.0397658605504265,3.311251991478036,0
119.51971793269394,201,45,122.13203851964441,6.944353477578645,-0.7846832991701579,14.666603923259506,0
77.48878515520333,1,31,75.51833276030045,9.53450899739688,8.56528022630152,2.7200722744816828,0
88.27118052159759,28,31,93.80773886830146,7.49185482962427,-3.144691070341442,10.399479764815242,0
70.79491803234103,22,54,69.40890245563261,9.454072338855225,-3.24872903113251,2.056559348112051,0
74.75812468097975,7,10,65.9472964288154,6.808935083993379,-4.99186565789154,7.696256892153709,0
140.85641211609573,121,61,135.74027328537923,5.616721839593958,-8.818242574905195,5.750402271556769,0
131.81342941366256,168,56,130.6084852913193,10.817133107808361,-7.035942475439578,12.109731424918909,0
59.03582980926362,26,55,55.1836512889781,12.864730980608186,-6.157268850453018,10.300680278581288,0
57.14260534277493,1,37,56.882789452725554,5.161066262825393,6.206751576559397,8.328240868430248,0
83.20493686619449,108,14,74.35848106191293,3.1514908408090125,-10.098568682528034,13.406770711331346,0
63.69866589419541,13,14,68.51222637451433,4.3575237348960165,0.6181810213892815,15.155799924178353,0
116.85707427724417,106,55,113.90694443179007,4.712678200670156,4.445613916316666,3.4297557842195046,0
121.0,22,79,161.94786474050653,20.4546818193821,57.38177745592142,35.54207715215033,1
95.80281370228668,7,32,96.37225781161084,3.9643026437005098,12.931404459920321,1.0191767041570934,0
79.82372770292163,28,57,80.61961328253453,5.912842626598744,1.6089876696122074,1.4235739127350033,0
133.20771861294716,134,46,131.79001922257257,9.838463133328744,1.2156150235490801,9.139879764926306,0
74.66551443991159,24,54,79.90880958097834,8.233125380075018,-0.981229378037396,14.889541346365553,0
31.0,6,95,51.796871327482386,5.076079861431197,57.7315340828826,34.82182822526196,1
119.39633587961721,109,10,119.81624376709098,7.953831628291468,-1.4369180272834121,4.911663101183898,0
115.26524609239982,266,50,114.35445691682571,7.734310739083446,2.9357413042322857,9.025197432899054,0
82.6518318012364,17,41,83.45298362430343,4.65463270247389,-2.017067288008639,9.344899490298586,0
134.0,0,83,145.9458973724729,24.874540550836944,32.34552481050905,51.602609150382804,1
69.94719725805021,10,65,76.30035256134133,5.878083979015002,-7.547064394959485,4.380492665674534,0
97.26672679697202,10,63,94.07283145036703,9.37208915731915,-6.704711969631159,10.721149855683159,0
127.39629603071907,200,27,128.4746099681494,9.30704933577351,9.927724789908257,11.599115313070328,0
58.28098857068643,5,51,50.21318158130273,8.854669677716597,1.6567508978636123,15.711632272691759,0
80.0410496996252,8,17,76.28477173115184,8.416828429112048,-1.2837084145363564,12.636548466997818,0
74.30953722945132,21,32,70.26485277249952,8.174626155338,-9.143762382644985,11.788936801741416,0
75.70771347008493,16,43,86.36941333305734,7.005598620055268,6.466511447975366,17.888490493463216,0
117.72073314792021,272,41,110.092421101486,6.209083916296653,6.561148752984479,7.661306580707089,0
139.3528882490598,115,22,135.9103064417995,6.928593113670432,1.1807934046747912,10.753171701592214,0
76.03609212629078,13,10,75.66142902817474,7.978699633352794,-4.672477843475924,8.972636161835423,0
81.20654108707816,8,41,62.76386996098463,11.360969180591674,-3.4924319841725606,9.712045040505794,0
116.98890058635187,195,55,123.69339822565425,5.1982465923338665,-5.8652869813537425,8.21333838821718,0
108.75045708041016,117,37,104.51410735931202,4.804749852050186,-6.783282501671127,10.557265986076361,0
60.44354890706952,18,10,62.8356799112418,4.300040790895055,7.2737513686603075,3.617587366667542,0
74.54420843301213,8,46,72.10617731264966,6.7023254365411375,3.1556171390263748,7.895077595898686,0
84.70148421966447,4,31,89.91985604792193,7.161369661257519,0.6769117885421184,16.313661455146622,0
123.7464181242213,234,46,128.015510627395,1.896347021765897,-1.425829957476274,13.389954485148248,0
114.69290000228116,145,19,112.86498687976953,8.829121169280057,-1.7472954877800821,8.582579572708834,0
69.25452321540892,10,33,72.39152518291812,6.97477658974406,4.474371265112164,14.927034392172288,0
72.46885921739857,21,14,70.95835067276154,6.922869250999167,-2.2363716191513534,5.287917941916738,0
88.35176612056867,28,27,89.18606126987638,9.810324720960164,18.60714198191738,13.33520703609568,0
74.72474296096482,3,65,72.1732427863483,9.738527946911036,16.199028874635566,4.227880248800467,0
74.58710160558127,6,50,73.08383194896265,7.7482673036479905,-0.24170181427426668,9.832072976164053,0
80.8644819701626,12,44,69.39460026999467,9.11917680596191,16.015567734423787,6.48468550999428,0
121.85952849233227,192,68,127.79199869266237,9.961535488235747,-6.56059622397292,11.586862548521996,0
171.0,14,87,167.19916549387042,40.65874547592364,28.044177418946788,17.957980506920524,1
72.55885637692055,12,20,65.27937576922061,7.776037784085728,8.151396713085552,19.068365418976022,0
136.68598474893966,165,67,139.25812202405305,6.631015841194673,1.8880242502431839,8.946120993765547,0
54.733149544596394,21,39,52.311630437225205,5.823537035974867,-4.918259570259976,11.378144081099927,0
106.90421160484159,159,24,114.70292134126142,4.558803200842769,1.9978885429104973,7.845280997573862,0
68.41547394012849,15,34,70.6635151786783,8.696643517864699,-5.404675099317344,12.37316727007087,0
104.4116975401385,77,64,108.50160526240781,9.263959382697308,6.462187450334268,10.579159745047821,0
132.567851674146,82,42,125.72239237586491,11.579582673430092,-3.564398011448135,13.426637521008002,0
70.05468585804785,27,37,76.92262640473497,3.9096049514436135,-2.2195880748078034,8.596812603432715,0
66.02050654982189,5,55,78.04362901018423,9.79450440185827,7.612519400464833,9.597351751067842,0
88.65251273821698,6,42,81.11608437399484,6.539309427532326,6.619689076957733,9.770853261193094,0
64.36821098510245,27,12,68.95911687664633,6.891069048964617,3.1413865078238103,4.054583707677568,0
82.77176528492387,24,64,83.05622078321323,4.650345409139932,-4.8703726388397985,12.430764754276762,0
144.13299418866052,80,42,143.75076855251802,5.7338492679687665,-11.537731790944434,13.2400159257702,0
87.95502432546024,202,50,81.06044158187358,2.1758806130519694,-4.514892428489276,10.914866801526308,0
139.18735815217707,162,27,134.9954446283138,9.193194511734642,-8.044092078422366,16.31624099206872,0
82.00021715092822,16,68,82.68090585158465,0.13798712095684174,-2.254419045493792,10.492491740123405,0
82.61465695645649,150,39,77.70345656034056,7.332575309665204,16.374897565756463,6.625329906047239,0
123.6486685478344,139,39,127.23712225503172,8.643702210120544,7.752186988950306,12.223096862007061,0
64.32200383256094,11,46,64.48073020462078,3.3428416745350864,1.0441796608291265,7.90947765213904,0
66.83973468278272,3,32,63.780590599083204,5.562855935929884,7.593328561905287,3.941158962553178,0
121.0,71,85,147.39786115253207,21.12755809470718,33.71064150062037,22.29199650593129,1
54.70419906990854,23,19,60.91276886817026,13.991024470528837,15.871937021479475,13.133080337664923,0
130.9293744654933,265,51,136.6215250483015,10.996355744874254,23.330227713177436,7.50529384254412,0
67.98672787515994,1,12,70.0852747060607,9.25360446841624,-7.044699872153338,8.746514060217079,0
55.22905441527835,14,56,48.48739688887566,8.608302804870142,3.614203086997524,10.199246520751629,0
76.67693171765433,11,63,78.21718441517484,6.825054297734627,2.1530155299608587,8.284038622512949,0
73.13494346225743,1,63,76.93379775788665,9.111841915843566,-4.313836294316535,12.531392357437937,0
109.13935193616246,273,44,111.28138239915353,5.787864347623843,6.4258644498781194,9.198882644722897,0
128.25570705229532,162,50,119.83458306464453,5.359203081568903,-1.2713732689814872,12.194928849818083,0
83.62838577534986,3,50,87.87878243743762,9.253042256718203,0.8595549947271404,11.93685740316495,0
84.2953221483929,22,28,83.64969708696285,5.764573492953011,-5.984044093603393,14.756980443502018,0
120.49692182506399,216,67,98.1689025074196,10.664541869410536,0.3260266885490628,10.394242284249852,0
62.37474317891108,3,38,56.10975793120294,10.237661826954369,7.5752078655354795,18.744085290145286,0
78.97139277451943,9,30,73.64161515744703,3.5988672102695505,5.006900864821306,14.148593550218546,0
64.8622123487059,29,68,66.51377869867072,16.000782171915905,-5.467471214024958,7.108294492930091,0
54.85534935414216,28,13,55.74938472407031,7.425889334437475,4.485934456145462,3.9446573161278984,0
39.96060697847537,7,36,40.18181013387939,3.942061055439911,10.54694763732926,10.002584698905913,0
75.32059120949089,3,14,76.49835226593133,6.440668195239324,-1.3857987461058074,4.242104111012674,0
76.66716234005182,4,67,79.1989972276831,4.609388825978229,19.29341340462737,17.581970276267864,0
96.71263920153407,197,53,102.51110522324429,3.520017932260785,22.7475985153858,12.771716483472975,0
61.91895292258003,20,35,67.96496043413723,4.129551252115318,5.427710397325528,6.984938384615142,0
132.0,20,77,140.6356755789886,43.08435447621599,51.90020347857149,23.03065881732499,1
73.74802810247166,174,24,78.55315714534534,4.57398639406094,-2.596836392595006,10.12803077563997,0
90.44943862201444,1,27,99.57420173839844,2.6856211215803647,8.043489452062445,3.095658941541723,0
65.05197898461358,18,43,69.85600831530546,3.9996392144217605,-14.10897731058633,15.456015061129374,0
68.13523282748025,5,62,63.58171371215659,8.27559423694548,-15.081600416168937,8.518662782455591,0
59.12044775111388,9,27,62.12583370154281,7.389250153298234,0.6527319211351286,21.823304155545188,0
70.41134308592015,2,53,75.67424127144814,5.371791501468193,-6.407485789570335,12.208004299166173,0
61.34737651174768,24,15,66.72080724709454,5.668741360910628,-10.837446774096726,3.5804436638086674,0
60.80660897378982,17,19,60.833709398882725,4.371546543531057,-1.739509731706834,6.607580895110669,0
111.24540860362242,86,21,109.27297855571028,8.146051654704632,3.7076828453297375,11.949238246887099,0
140.9088679581161,219,63,136.81649252746527,6.482280993707866,20.36028418722883,17.541174657905877,0
117.02763632036805,53,10,116.48826274332062,7.03057538560209,6.728170433806664,9.924730644991998,0
64.66669306572115,18,40,67.51742968895596,5.0338816532778505,10.274349944482356,7.699150157285379,0
76.48722889392559,9,16,73.97048579733037,2.8569267140959305,-1.5790869802804195,8.925990335965459,0
65.2151459497492,23,19,65.0240908123926,7.665193007471296,-6.168139346921998,11.668395299726985,0
71.10899989809676,2,32,66.6912562432026,9.679690100758258,-11.16088275046804,5.4315854011550595,0
103.7209941240446,102,46,107.78118448425302,9.705425635248073,3.33021464761785,6.319388528048341,0
95.48722402246501,5,57,98.8100758063544,9.819494720807972,-3.6714376355190286,20.638352288763087,0
127.16401691493441,174,69,126.88528602431509,7.421123442299893,-1.0785082055551884,9.670281958335218,0
75.90402343916267,20,61,70.35383291370542,9.567255839847695,1.6547508159722024,22.278880997812777,0
67.21422555378533,22,32,66.53030917893818,11.2695066093513,1.7538533420397882,16.44634931357818,0
73.96283047861749,16,60,78.08394035571668,6.5439211194479,4.22330040100257,13.84211998867066,0
67.95537712075897,13,46,61.390812236967776,5.428244298647179,-3.560027860301878,9.872790922605589,0
92.60341543836832,28,47,87.26317974653712,8.301333490579344,4.893086283986711,16.22073701819871,0
61.04806067916361,11,33,62.98822912088257,9.930501609791566,2.048857960565739,7.149068324259528,0
162.0,27,93,156.02725246205742,28.54610931738581,66.82871064794968,33.86802534864133,1
122.65520793616582,130,69,116.52626798840737,13.980509827714721,1.2315881013923111,9.52927354411116,0
106.26048627952272,165,69,98.53434070452937,2.8968071872208387,7.705317802834738,12.860428412772116,0
112.60293110108645,259,27,107.03294102187212,10.026339921081437,6.659224011704118,10.978770483523276,0
136.25407198809717,218,10,133.16184229949073,11.914917322549284,9.149374735843766,19.899023015847284,0
69.87498635308835,24,38,75.76972834927169,5.3652102415296,0.7990956352737039,12.40372289883992,0
83.4365081081708,5,51,86.16771190123734,8.415028763998166,-1.4079643530259753,12.79738442717467,0
70.97871559965,26,55,73.02500753763621,7.734911122383994,-2.9600882390570216,8.706019686664488,0
107.30526033801397,67,30,108.62536074468231,11.817060500320304,5.859936822238418,11.443618314125116,0
76.97127657356206,1,29,73.75243224337763,2.3303967138735464,-4.416960412681694,1.8441393489227238,0
74.65198635948302,17,26,71.4204098806363,8.933603941876457,2.7616142178357532,9.68815330281673,0
86.26589373874131,17,57,89.57396364177347,10.137003870370549,-6.911638091825187,10.701772285545047,0
55.228511225005654,27,61,50.132090649956304,15.0826465154389,7.018897673651803,1.110122326488245,0
79.51090543003633,28,29,78.00383951386752,2.6734938627480975,19.10462699607944,8.587757492199025,0
86.94822899892327,21,14,90.48550317668777,5.19727292870003,-11.267718647322011,5.856309952793585,0
75.19765513481862,14,11,74.28415627520918,3.163971189225199,2.7497221940297303,8.74526102829324,0
71.54597344713163,15,25,72.63065707794334,6.519702553390021,7.385300866735623,18.53302476839231,0
74.46728211286273,5,57,74.20915499231688,6.71056423150586,4.2154282483285215,10.504044271296864,0
198.0,4,85,208.545084104163,16.012505754430904,39.362137360685225,17.836891568101017,1
123.09280055526757,132,40,123.85154626014507,6.0744672143796725,-1.3124265847104883,10.158170080894575,0
77.73643793136584,29,45,79.6320474537127,11.157507096306565,8.297130879313004,4.985455796098842,0
74.47247066379305,10,43,77.52953800836855,10.130323238140122,-0.7006206785912541,2.863207814440244,0
67.62262677595675,3,18,68.53257618907074,5.518019595052703,13.18531859656552,8.875856683318023,0
84.63740530766387,25,61,88.72677286874669,4.836186591599487,-6.066616964145936,12.287078243595714,0
67.47063665799163,23,24,65.22002062880786,7.283891820494632,3.3118946156730504,3.7696471798046147,0
183.0,3,75,203.10056830110875,20.74048098125702,24.221219276793395,57.79241304273117,1
78.24415138932524,6,40,81.2162031591115,6.347028827468646,-4.198537570342922,12.024328464818048,0
67.865487611823,23,64,71.85290863421457,8.435612180856374,14.361316453111707,9.627461767344137,0
64.85043149903942,5,63,65.56468656399981,8.030053770498213,10.763049981021767,9.457976035626084,0
87.0418905235764,0,11,88.92061508574265,5.6925405258492585,-4.160479407850117,3.4225098008512305,0
111.02259574925496,186,44,102.31768646241309,5.69069336635737,-4.48364078623952,14.686290447819696,0
114.0,36,97,138.23848655509033,13.526088356255979,23.585458742546415,19.22950972843293,1
86.47145827870267,16,44,89.04029995071153,5.3669104594503185,1.3663912314704192,9.051108502160094,0
156.27533630358676,275,69,156.11953447957936,6.7855110767650055,15.759503296519322,15.623999884889443,0
136.27783374201542,289,30,134.35492152341436,10.985353692759908,-9.431816801683741,6.666450541292004,0
65.9379592295474,13,59,71.88798209511913,12.773926433554022,-0.8583515474710391,10.217938319708917,0
109.2410414123348,203,52,108.6701900735324,7.845117643934999,-0.9104844185551318,1.5095402110148797,0
70.36614981949675,8,17,77.07985760086473,4.800285332601467,13.005995399426443,8.827553843983452,0
67.00022883469158,23,33,76.6898739706604,8.164423622911858,6.012395168110501,4.9148407400429726,0
63.87887509677133,5,31,63.78506600402959,9.59425755269552,-2.556383765986714,16.89131102545938,0
119.4315861432591,165,20,118.22556762588079,6.144512944836978,6.033882228514274,13.574300170836388,0
117.28554714133644,100,33,122.38147141064466,8.263330254563597,-9.307831430616792,9.160419701661159,0
93.97483721054581,3,41,99.98467038313728,11.552898293470175,2.053753382365924,6.6903241004128615,0
63.16651395342054,2,59,65.13463949934952,9.753082494861767,9.899508420517448,13.408309211288392,0
98.0,20,95,105.12493369541615,27.825892988895855,52.825969428571916,59.58264029271365,1
107.8270237729488,238,61,106.38314130323397,4.799420475013085,-8.75890793893482,11.967860055772963,0
142.51104573986913,248,55,138.45637961667504,5.776384896085496,-3.2688657110721278,8.48153201946841,0
60.292215313333635,26,61,61.78193094207474,7.810005780473474,23.741590230133923,12.146308287679718,0
56.666956843385755,10,24,56.831680830261185,7.407742467447076,-2.4842060451381878,8.67603199122693,0
108.90343254040549,160,15,102.23037950585433,9.466781718917087,-3.6504242601809564,17.6446449740687,0
70.59668021117663,5,11,71.92472622574054,8.142088820642105,-6.76464958562149,10.674046300611106,0
59.262617195125905,1,26,55.70609302922759,9.429466289496107,0.38439870212471816,15.824531288183028,0
95.67908765816746,186,62,97.8478337625992,12.129489350058613,2.5050571201052425,13.435328979294582,0
144.9840482052979,149,58,148.97138667133703,12.488349101199862,4.391595012890875,15.208969476575996,0
148.0,0,94,153.81129645789196,19.288255436200302,5.8334787272442625,33.74736312041047,1
119.0,0,78,126.53382224988871,28.303437898113394,57.207471981510466,59.415000472228556,1
110.11572835099336,208,61,104.28646924083318,5.42522609644003,1.186937533091019,19.544969251161927,0
70.80519859109258,0,13,76.13222910006303,11.926415673350494,-9.079387617389898,11.433581322780094,0
71.85776604193126,18,13,82.36007058668386,8.177522583782688,-15.845050628357312,10.724313144252616,0
71.791158503751,5,57,76.96754133465228,14.157186476363616,5.427017597157016,3.8278891396683186,0
71.75264375310167,7,28,65.83145739282229,7.711248601207945,5.962978336014382,8.785382769117597,0
128.58139167607382,296,17,128.15694258356206,4.2700282147817035,-7.691906957244301,14.154261621396834,0
104.9359248298002,71,30,104.80282006829954,10.09171413917094,-2.780199540150864,4.217223914663318,0
130.45842269093745,273,58,131.89422023841834,7.877250168936049,5.611531070537464,5.347955080298915,0
114.77778025914061,128,48,111.57941315517856,7.737185071363221,-2.4386691035324506,21.324163742576317,0
62.949657329738486,27,42,60.872442449080694,5.877229209692482,16.83232739924214,13.369448367965388,0
93.99188037889087,12,53,98.30866295191441,8.361049746131513,5.7636551606085575,5.707068871850071,0
70.72082408519233,2,60,65.94312188219021,5.568482459062343,-7.23633507029657,9.065474387197956,0
120.04234799299645,192,29,112.33555971793906,10.926418867013405,1.0492216430197727,7.74666423587688,0
76.7254551755241,28,63,72.66779556902613,9.222972806311452,0.026619356665560694,0.5891558546023496,0
128.0,6,89,121.45605767090782,11.415886586522554,50.01277168193977,28.204993209824273,1
71.50780249811785,20,57,65.27753362226575,7.543564358530068,11.854470465560704,9.848413637530486,0
26.0,0,80,25.261847736066397,11.056143135667224,37.44435874382913,36.743334347198946,1
73.81271159514056,18,46,72.1375221350488,4.60077448072353,-11.889298196852929,12.463596732835125,0
122.26366445437604,275,15,135.2352153782466,11.412617039451906,-3.6248607150007035,7.53304625145055,0
62.53625196203336,15,41,59.43778050350366,6.990318520719807,-2.312297253191011,14.06309545137902,0
74.17405852727003,6,28,79.45550094600065,9.192583269719462,0.10736388310768089,9.933584555204902,0
68.70330702665625,27,43,70.59408670469107,8.408669487129991,-8.753982610892736,21.84022796077721,0
73.66236200778914,13,23,69.58126154582556,14.302348717804609,-3.916816452289007,12.792011415687835,0
101.74500550807856,195,28,97.77626384285551,9.407315509697236,-4.703191165228893,9.294441066003838,0
50.87111641835282,11,10,49.71846935994953,1.2417961815217815,-13.968749316537984,7.269927515075263,0
90.35108520006403,296,22,91.93567013500602,10.224121677431999,3.613631627167535,4.417802342498733,0
76.87805435792468,13,44,76.25061805673771,7.585521131408081,-4.940062359225108,9.017762544771447,0
63.80291198773247,29,43,56.46886466076801,2.0232956253961474,9.070399357563492,10.30198672955486,0
62.56757237356222,10,11,57.94029613306693,6.076665037541691,13.270957555642639,14.922964474478984,0
138.22068138390935,198,46,134.80237928929373,8.202410075771668,3.440108190490839,8.265132734474413,0
80.26647446537072,16,17,86.82228594838881,10.59220994641684,2.4490764248220427,8.844702315795507,0
140.79414123121234,111,29,146.60902036239253,4.61722714637371,19.588695905392456,2.981918944640949,0
96.31672342531422,29,51,94.34225352834541,8.040185389162016,-1.1245955298387629,9.657808155875868,0
69.21008099711342,3,24,66.30597776297458,8.382984049530348,10.86227641646457,6.432491125014025,0
133.97595076456273,166,42,143.81182557857846,4.46990544268728,5.032683272112003,6.886347094981261,0
71.60483457768439,8,28,73.05208994193768,3.72998961535584,1.0459508721459982,12.705254920308317,0
107.68260437706995,211,23,110.37019001193566,8.107331365990785,-1.3721528914317864,4.60655599524721,0
68.33519873572699,25,32,60.631863079770525,1.0080095658878232,-2.098502627962584,8.519274395980709,0
77.22020635110766,14,28,74.50419884922597,6.193140935994768,-4.389730730786142,18.147943087159675,0
127.58909754800587,154,35,132.5408646031934,5.029921291081215,-3.5200591279632203,1.9326566986579898,0
77.79076300875504,10,22,83.23891062330084,6.922144087080751,5.738108350265721,5.703003945913997,0
98.78086877601896,88,49,111.17308469198585,5.108982751141999,2.114049272228267,15.478081608517702,0
151.62885575035762,258,10,150.30893426577157,6.56109630124763,-10.416021293613417,15.499343123626664,0
64.95363804040367,1,67,70.18569787630211,10.013514077154825,-8.409053886209342,8.103952350367209,0
82.02998516909138,6,39,82.67526038898521,8.919572129963584,0.6669547143795646,13.01714693841629,0
90.8599033588282,10,35,83.0258612365362,9.305714411555394,13.376375056034728,15.667866453945098,0
140.26633419505504,239,47,144.83328964906596,7.587608690782962,0.9409918725987414,17.451484458346492,0
72.46846072395046,0,12,76.2048411433115,2.1860800565349425,-4.472756576839519,11.687005351623307,0
69.13778152140273,6,31,66.97004566102576,7.4565897110219534,1.8089843083861719,8.947110192315245,0
119.00016785666266,292,69,122.86967683565817,9.853510348105752,-1.7358660913282111,1.2641001510957537,0
101.18173555060093,27,20,102.54678913807287,1.7760798873608952,-0.7356542608341269,10.080126411475803,0
143.19273543930248,229,16,140.56237207280085,8.605268807781476,-9.863703188971131,11.702662401059861,0
111.89770717721478,58,36,117.27074804588096,10.879835149167924,-5.151213163780795,6.544079646572271,0
66.41157302928741,28,44,60.23715489261552,3.6452312643503397,-0.7265586670030831,14.954425608021738,0
138.05682984997438,65,40,141.37932727271718,9.556642027116006,0.22467693630876232,6.19290516061289,0
103.16177864243376,123,11,105.05428938702136,6.2318282154486715,-11.916250827042377,6.7607697579695305,0
65.75165381565517,17,23,62.44894815796859,7.163960246876312,-1.9242361834816246,11.26305213711,0
136.1068271344376,58,60,140.08762924762726,10.871980198294548,1.2226582460607889,8.057264003689292,0
88.12996717249656,11,55,91.92085871425289,3.9800267912753444,8.85490871408287,9.302776467957752,0
50.56004737358698,3,14,63.51191974956414,9.2368417944305,-4.9288012259142695,14.247609934970619,0
67.8792754431621,27,22,69.38775111789231,10.177300469489097,-3.6716550865965876,1.717835674144247,0
135.76836570373442,133,69,131.95660384537433,8.98733434901969,0.8974382382044347,1.385080051756134,0
68.24194452173217,12,33,72.14734178048083,0.39539505394567875,7.750462512506936,2.911652993171499,0
86.67382010535492,19,34,101.48488942745765,12.06022553678586,1.4966846010567212,14.268107095902707,0
88.17358697445054,16,68,91.8723834279369,12.455649752441351,8.941059532831659,12.509260246799453,0
72.20545378887715,7,49,74.9219371092886,4.346229119704662,-3.5897325493207903,15.452171706995546,0
64.84083149241468,1,51,66.52163172379488,7.590657609937486,-12.942671244466576,12.236996732333962,0
83.4051633484622,6,17,74.16047396160592,10.651915528035579,9.26606624622421,14.228875317921826,0
84.12182155640271,6,52,86.72960817039151,3.5772715705084828,5.0911613333734,8.437401000791784,0
74.74942940268583,23,65,76.76781539447654,10.482972529205597,6.748402329776963,11.53394981230726,0
82.08336914835525,2,10,79.98333229812462,8.416589864347552,1.6882164194632694,17.523617754176673,0
102.69461577990212,169,19,105.0598071907032,6.063283783893815,-13.28866732453738,12.516260323747524,0
130.52233230522452,86,27,131.6548330232929,3.94496547050921,-3.7996311061263217,11.83506423399174,0
77.4360792748013,6,40,77.86820636873226,7.357476388593499,-0.667148969031068,5.939057380200715,0
154.03546820500483,64,32,154.50961756870348,10.739409946779475,10.463428258865079,8.32874842523543,0
59.58781975976964,3,27,61.51466431561612,4.36694494489339,2.8428230499161664,15.84939125823065,0
69.3618471700435,2,39,74.98517444901053,4.932632297751946,-8.690313388828411,16.028183044347045,0
61.315625141541716,22,18,54.560252849284225,5.484655247307275,3.284054331891052,10.04755919970497,0
86.14743819359813,6,44,85.81979261615338,8.139249008704374,-7.391347128826141,17.147323545382772,0
126.39465965090156,71,61,129.67307102827377,8.559927513377911,6.306179395245372,7.771466807679297,0
31.0,8,96,26.139106810283735,29.32513771698012,56.022286989781946,37.4438075421719,1
126.72476343645235,51,31,120.12242278135099,9.157408325374096,5.113006107827952,13.267393281093668,0
28.0,17,92,31.93535291752436,22.03097419329343,27.598248343954918,38.7200830749366,1
33.0,19,84,34.41662837976216,14.220881955865536,51.33862432042456,35.96760501961162,1
143.74952481542715,78,16,149.8388988332394,6.148150378170577,-10.104320989519456,4.411606654447658,0
81.95549224020473,5,43,84.31047419931521,6.770926199816477,-0.7984274624251061,9.01938812961648,0
126.99482473774938,156,20,134.10611728063103,8.54151390166726,4.125302439500443,10.36226564905469,0
83.07310533939342,2,21,82.76875748973814,8.246613008941116,-15.536097972261794,11.075782104457769,0
128.57144427369724,58,49,123.68931131523954,8.202619337209839,0.29868061688569975,9.860415380162596,0
138.354494063446,204,17,137.47193189803863,2.1386840566609733,7.345994029836823,7.603558813809274,0
64.84352435850043,7,32,69.63062409762804,10.15106405978913,2.4231001654915434,14.449804202504197,0
67.11891788861847,5,46,56.632050721165584,3.747517265727785,-9.599478818479124,5.1298883219764635,0
109.1307391717547,202,59,110.03515729458395,10.999666137956824,2.120892006409967,10.678592023464768,0
132.76662558439384,204,35,130.04582799253888,8.768396280977514,5.029586403781939,6.390942733317593,0
81.69478746803877,6,51,90.52530585776029,11.128416751984378,-1.2105845670740174,14.06967690332133,0
67.41302918591319,1,25,64.32617717407592,9.400704807430749,-5.765817033199193,18.30344361208779,0
70.21780987432145,11,57,71.19672898592947,1.771355950200972,18.86632752692911,9.955992545476608,0
70.4725543218748,0,34,69.90247374562689,3.8569780776410063,-11.00050307934969,3.259012489423533,0
116.15889168965242,138,22,119.86705458024906,9.359608751838707,5.580380279028519,4.768714003377368,0
130.0,11,94,168.45463914037964,26.867830138733904,47.23603547131109,13.693660186650039,1
65.48457405821178,14,69,66.16485623767143,5.171249078791529,3.2650179505353845,12.731760377978503,0
42.06293397339377,12,28,48.98728944236399,9.189883817664372,-6.66513218663173,15.32981859865913,0
112.0,29,91,118.44596847400219,50.946289127182666,73.92172782968125,40.07198597518582,1
68.6854370227536,13,58,61.98267112273446,10.7390006608229,2.4330093653584743,11.329492399069242,0
88.95479629383811,19,19,92.47517348347891,8.414604161212077,-9.004271967776402,10.13280052431701,0
62.50889360447335,8,49,61.04772091638412,15.20119483381226,5.893573842330253,8.507806584009776,0
94.40400884292828,111,55,101.9233172734658,0.5236378957975045,0.9457429703900574,14.583841353621864,0
66.9244327237964,11,58,67.23850942557456,6.801361226940191,-0.4225535758319584,12.523216604430385,0
60.794537242205436,28,60,65.32985945500589,8.40820101444067,7.1277037100185705,15.881739794817433,0
68.65071040569885,1,21,67.24267433342783,4.840751765372767,2.549304737405647,5.961653665557854,0
142.9921969848513,109,44,147.93267690273473,7.015894085543382,6.387494623069203,11.29746360515423,0
89.17993055675225,14,60,89.68002424432005,9.552321973178858,-1.0657980203861943,7.942584773785188,0
73.57983777772834,19,30,76.01369923533915,7.24316861175311,11.053757793049103,8.979747764379601,0
66.68361829873025,19,46,68.7706146864129,7.58627182206399,-2.2532477091184924,11.897981320488247,0
70.76907128385861,12,37,62.96734929170516,8.873414294105814,6.06224115499128,16.132595981257754,0
68.43467910055924,7,38,69.62616041116648,8.329197917563379,-1.4714892432718278,12.568977067903056,0
92.76662785154092,28,11,88.81347172960218,4.472060588698673,-5.500190655239739,7.917029771739202,0
107.63911737691483,277,48,111.16594342805708,5.746621829220663,-9.373358864538323,10.710077061276161,0
79.07523013666103,22,66,78.6277630998917,3.5691981981900973,4.275090444287544,0.20694662569959377,0
75.4716303093213,2,10,79.5467098917579,13.545845593760546,-1.3171462603579895,13.409696068224463,0
60.29873212634485,12,64,62.01548105255699,7.551594130490349,13.727803458524193,11.091696274191705,0
85.07278597099756,0,55,89.35050789392487,7.470134738118791,-8.90381848910531,15.777647946411774,0
111.58260676772555,277,32,104.19811221558666,14.659694503170531,6.020828191249802,7.004729098539231,0
102.48873846257655,181,69,95.26871167882646,9.806055417672509,0.5522800071294575,15.339016749110911,0
85.7089918830977,9,22,90.87436680609028,11.035541250918245,1.4765148203630254,14.445858617671982,0
65.96113949946945,13,10,66.38948119124034,9.714669713116283,4.920356815808207,10.780667670968127,0
72.00708627680523,7,53,65.04384248788895,11.850137495139954,17.644236546123313,15.996683904641255,0
51.03085820774821,28,64,46.07577152722047,5.377139128398847,-4.549138487521011,14.102190720817706,0
85.6392915380628,8,38,73.18922809823259,6.526119569092353,1.4806901151712397,12.10567930923257,0
62.3922998432631,9,41,58.540532964605106,7.809228544299337,11.957052520402177,8.239870093678595,0
61.875530020135514,23,15,67.80961013724577,7.491869942428327,-4.853948252861821,9.302553742519677,0
106.95584494884021,206,15,105.33375543806024,14.33483965525392,4.182133938933745,14.62645274842749,0
54.13240383137302,11,46,45.646499941612596,8.121344031032931,3.217391105690279,14.556528072124877,0
45.200155140355314,7,55,43.73232095740088,7.748757837044861,11.11428103274879,4.594303336633554,0
132.17558357419898,156,52,133.8351758127384,10.473355400682454,0.6616000291085625,9.403878218670478,0
123.28438866256508,146,33,120.5597232632381,5.768568024098759,2.046591758687437,14.035548552822073,0
99.16637743456339,296,10,96.19086024132477,6.116798281746483,-2.304310991376611,17.092656725740184,0
53.29314415881907,24,25,51.51372465951957,8.585142830477237,8.593316625543423,13.96081734622102,0
114.59977710261771,174,23,111.0961542140225,8.365095223585497,-3.1078509985778906,4.037490846397854,0
79.36787699865026,15,39,78.83609412506324,3.8290874908879857,0.6566115783669201,4.883789480083691,0
27.0,17,85,11.51918193360095,22.989838641696654,36.53495677793111,37.11455069171147,1
125.19220415928602,55,65,121.30948771163513,6.2043615443250495,-2.159521820968248,14.021055158348224,0
69.7943746559101,5,15,63.01164939447741,13.798870072257982,5.573505263631125,7.21435055700796,0
71.8661538434696,22,33,74.54823750544482,5.078751056125772,-14.180881026526574,14.017229061827912,0
122.7374896666905,92,18,125.53976093143953,5.618355364405037,9.598842684175349,4.531759833197443,0
68.95341295422372,20,57,81.634203458587,9.290461428485933,10.097930856587253,6.579582189199666,0
34.0,6,86,42.56614939694402,32.27668175302219,32.25340236464822,1.9828744374960081,1
33.0,6,92,35.45663095718736,26.541066910376983,33.70557254463915,36.64578184910764,1
131.98632318282358,110,52,140.24405452878477,13.621752263090105,-2.515248092428772,14.791442148525007,0
79.09641290505807,23,36,76.7035766949775,10.873182960986028,8.296378309919437,13.702954340515234,0
76.21173226581948,4,38,80.21076372992026,2.901743164706952,-1.7633354199856683,4.60401527552852,0
63.07231757138208,21,68,63.417453688836005,6.565740409407821,-1.8550912433360938,8.937596824065055,0
112.74340862139002,121,42,112.32732427022006,11.44877206909588,-9.104647687652099,8.624966344242743,0
55.762614178827704,5,10,53.91306183154197,6.656115984650075,-9.718449087109146,1.0414038811412603,0
71.41470427623467,5,59,75.67724073207484,8.481833906465504,-0.14533505124363605,24.69094033577885,0
61.61500662385774,20,42,59.15173235779072,13.051916090208014,-9.090689785247926,12.93521212033917,0
112.14915546405993,248,13,115.3107795866898,4.838481214324327,1.1822020656593002,2.9524754607913746,0
43.87935726735407,13,37,48.0557193068973,7.596153700810311,10.031454377403843,9.496991624219065,0
133.20869506281525,119,59,128.80032577102435,7.258545027764624,-2.880334190659599,14.668810376249596,0
119.75858344265907,136,54,108.71481649512127,6.749883549226827,-3.1180970889314494,10.54392452930398,0
77.34313623210737,10,20,79.0320407599077,6.754491955509399,-6.365310945025448,14.37384995064462,0
74.69250573307299,24,55,74.10978870327459,6.589398657775227,-7.858815830795377,6.252431141199507,0
70.08486350067348,0,12,75.24920237002367,7.609299229544707,-8.606052470014317,5.66736049626535,0
113.14868393860138,139,65,116.91627797981299,5.609400466991914,-15.12874606121787,9.480501437994667,0
116.57070309736804,252,59,127.02454389782764,3.8503046100346605,-0.3243090943827774,16.5323284813523,0
96.35411764523626,61,12,103.73681939386574,12.140274062442355,-5.004501612076235,11.979017667187046,0
58.13053378664566,5,35,55.484545491288415,5.638333611078778,5.96981729832985,2.1918906338306074,0
80.33160494025807,5,10,80.59332056351553,10.68229002786112,-8.330358091448803,4.027707217124029,0
32.0,8,76,11.985842476085995,22.76324905622016,-4.111586444345377,46.258386780611325,1
106.68285671349787,270,24,102.38446102854489,2.3638281209660406,-5.804124387842538,12.717671137329567,0
86.20504247989855,29,26,83.35131101115117,9.030855768605653,-3.0124212081781265,6.473946318351095,0
29.0,1,75,1.6960026611191665,40.9929589898052,50.51221457735155,45.91658663081233,1
113.57930903735648,257,24,109.86727485176061,12.396946306764661,-1.8062104038922853,10.33764102343962,0
105.70543462592688,259,44,112.92364200182485,4.921471076109615,4.758357652612856,22.10732566480904,0
82.97152711753695,9,34,80.57733983749493,5.411672707870638,5.5478312953119495,8.039936800404352,0
82.40909350306113,10,17,83.38010781384236,5.49146635553811,-3.0387754312952713,10.887856543200185,0
105.37888220571104,106,41,104.61160045621195,8.751954732823698,5.413152546622415,6.804671952741833,0
129.63182683301127,90,34,129.66308270093032,6.203294193066746,8.643729280569879,17.346723692402648,0
69.14639854221886,28,35,70.27236017967353,11.133579289454422,1.1679673145011196,16.99548739631707,0
74.5616925988866,3,51,71.43572385732156,5.381206947070204,14.505865657533283,6.521760742632637,0
86.99514029392778,19,19,84.76741902709254,8.41019796761453,-7.039307237785095,13.719148172910621,0
113.73135681351164,250,19,103.60231744795476,7.443147596246238,-2.5736497425714697,10.379386949799063,0
73.56473234100793,0,11,80.60858938350921,4.633266397411539,2.4780678739045574,10.4366242724106,0
150.0,8,96,140.1021659060139,12.831413894276658,48.01182835204136,25.801281167060875,1
73.15518618761197,20,49,75.07637225999018,11.302907187448795,3.7395554396601,7.5321759777935755,0
66.53958201183279,9,68,71.51181888937732,9.938018561343654,-18.97327488687114,20.2103482646394,0
142.77633045978268,225,31,145.8110435017159,2.474242763205371,10.438678106554637,10.675881206713346,0
109.50097186100263,290,22,108.34239702644557,4.583651189071361,-5.231176753855715,3.878874958222097,0
58.792060571853,23,42,55.48105373623113,8.37798846291053,5.3558107000778925,15.623839456188383,0
140.76210186069696,68,15,142.2680366510858,12.67069642995975,1.7918312172241675,8.023910621333076,0
63.81306575773859,7,59,68.30200031618752,6.319627792800215,6.3231483091117555,12.82093908799194,0
71.38449580327679,8,26,76.91836892957812,10.209832292620654,-11.876239411644619,9.365666099810566,0
66.47738747887391,8,16,60.99166923072984,12.114161971649786,3.9563068752466592,5.9826794538048444,0
60.5961841515271,1,51,58.029121794168574,9.873391600488455,5.01575465321452,17.893385285233602,0
63.54666719664263,4,51,60.72500999853136,10.913417806517636,16.508955062233987,3.1072193017291996,0
64.80018262284987,29,22,62.008230435588366,3.628179025401641,13.807984016754697,12.897493688003223,0
192.0,17,89,204.4314106059927,28.866184806953967,36.335081118599675,36.264132062505155,1
87.49787128657364,22,26,87.16875263800037,7.757047656649307,7.5609512037786715,11.877928744786855,0
69.46860050539694,15,13,77.56194073644006,7.086132054935794,4.577385048299708,12.446170067750177,0
112.79369670894759,140,46,114.68931487429379,6.401896737335067,0.16023799059478003,13.700391828526433,0
111.04445189360992,258,32,110.8180778562715,4.866810314393289,8.432290486807105,13.502818374466875,0
80.41260686327212,20,33,74.82908120901608,13.557792405423859,-5.865438066859106,10.068479797832698,0
72.51783851198954,27,41,75.40180763155863,9.72123326301324,-10.210435332306687,3.5584619126823114,0
114.6194063885075,94,13,112.11856090163798,4.482840902643928,5.947185869159011,14.113441481198146,0
60.49611415882758,25,48,65.22509588992332,8.957857202470967,5.925116716228271,16.45335897787697,0
115.53075952780165,289,10,117.79686903921613,5.708892022463129,7.764379609217585,13.292758010020053,0
112.57545379136467,126,35,113.2576036458615,8.531491282587188,-8.884707298568763,6.743709076500878,0
89.60628034624493,12,49,85.40410653289639,6.59053973149125,-1.5034350144059168,10.99084241591127,0
67.1286595063194,24,17,63.62303403423428,10.952690652533134,11.118004103156718,15.703727308876749,0
101.0,52,94,115.3704247693635,24.78437660245435,27.155574258910498,47.28676334123398,1
80.48402271012152,15,14,77.7855160111949,8.591534365283973,13.147650571223346,10.976527857408994,0
110.12609785915156,225,14,109.66096247018618,8.701880458954637,5.479230851996528,4.589578708362321,0
71.70398518890572,4,45,69.31210958015645,2.788015812307423,-2.9553373702909185,20.322471949218375,0
68.9506143388611,19,17,61.1596221901101,12.256787012536204,2.7923291605097043,11.369894343964436,0
71.39445382836445,6,42,64.50825828785048,11.618591677411105,-8.830790218797791,9.938569195821378,0
85.6963697229547,7,27,80.81065844567377,0.14892879145877025,-8.71863704785826,19.147699483952266,0
59.636165404640956,6,34,62.26666513211426,6.879442833903547,3.52077210720302,6.0475786395549065,0
81.7197346217612,16,10,80.63973310675482,8.667362327984726,7.314490071788723,11.89041384899343,0
110.66686845262197,134,10,114.75429335647357,9.467719326237068,-15.728387303743345,12.216879910511876,0
89.25518556754471,24,56,88.97806525763261,6.839477126040483,-10.194297784407391,11.455048136237211,0
143.0,10,76,119.47477319412052,41.012807134839484,23.142242616989854,45.764229285092064,1
119.10836014268116,62,45,127.53765629936582,8.886586511125588,-2.7001893708556044,12.100461253418898,0
66.06315244889647,17,69,64.0668731046883,10.33691987435431,-11.882662967213195,14.880938189435987,0
130.48030064029973,81,19,137.57463858931078,4.087134013091767,1.5316490891994792,13.675776159946256,0
74.8107222501762,12,28,81.35241408544783,7.552538033098268,-8.278441307563021,2.0567791570167167,0
124.95926243404404,164,24,129.9089959949372,8.135632302672443,6.232611419149234,10.822008730781558,0
62.477374755026496,28,53,64.37538631886804,9.783075307377741,-1.347791878233611,21.904387125145682,0
105.2692153448946,91,68,109.57013594598499,7.655548881054722,-2.424334567576601,7.272231097942364,0
75.18068162861248,22,23,74.90060826944412,8.759025460033376,-4.892812633622913,7.463922261972274,0
103.23968528085976,104,52,100.0565867464244,10.148929551698046,2.6296511890007332,14.760082726646539,0
157.0,0,90,184.8722503652976,33.16274588232839,37.94179163676029,9.255453156916296,1
81.98819207248052,26,20,88.16640747656294,2.705925694493204,-3.6755896842546916,11.110836704970026,0
143.0,3,97,138.6929473987668,37.20747349162696,33.54942017825452,38.319329210109224,1
92.00631097725616,220,67,88.2048887841482,3.5952119391138595,-0.28236733750944276,18.354252647218303,0
152.08095160902386,261,16,148.17100470563847,10.693096530482032,-4.267882081166772,3.9307384389026723,0
108.71248314096323,53,66,108.67653654918495,5.972171593791711,-8.05098899458735,1.9015759079109333,0
114.62779009320238,178,38,118.64157563693202,7.517624102466103,2.2148057373795416,6.354067633745956,0
109.31943770688402,55,15,109.28287180554376,12.210083472119265,5.030449206277661,9.258339468494,0
132.97934634202875,170,24,125.6768418449363,11.573782044895498,5.401096451255366,1.4198337584465541,0
75.32515839668227,14,15,83.52120719494285,5.123588436887716,5.925391314685797,12.620535015916696,0
112.33176485353222,263,20,107.38374075223932,7.622639239701056,0.44579929830955684,15.470957592354743,0
70.50121966477832,13,60,76.06268191423696,4.286900556078752,-3.109427147629119,17.480822633834396,0
122.51588733076831,57,27,116.90058453004555,7.027325543005128,-7.714357118050946,14.679407781358579,0
62.10957139193431,13,41,63.48559386558623,4.295174320158951,-14.526599997608189,15.873228650042744,0
105.70820467149782,283,65,102.41300956511425,6.246322999385846,3.6686159030857803,13.627232944271324,0
110.41915019210377,252,59,104.97737793673875,7.994692931422275,3.722903389854631,16.077443608123914,0
130.71166032008884,126,39,132.94718054871052,4.74658812926365,-0.0426445866089976,14.179849621361384,0
78.23923193438556,25,65,70.9806271443178,4.758746792514889,17.407633294683894,0.10967929065580151,0
73.52133718864116,25,11,73.77347100933837,11.786833672015018,7.406437132768474,9.590438521371958,0
82.0039691332367,3,65,78.4201458696589,4.9421829645080155,-8.739684794497736,0.897960532325655,0
118.69794296898661,180,62,117.32412808853162,7.913718873469317,2.849604709857013,10.07538519391412,0
94.0,19,85,125.11491164658335,39.47890908090077,49.20971053694706,30.984528698205317,1
126.0,9,85,137.38536900672676,31.062491262572653,51.24442208700571,25.99691342314983,1
125.66177563138615,223,67,134.5568317280573,8.488622160619357,-2.933262178243995,9.470970037894142,0
77.63833765652731,10,19,82.30866818989946,5.250601358623017,0.4853199831738551,12.526942395477768,0
81.7959824157681,28,18,89.70153350531109,7.568282959198247,16.71207574070166,6.342026312533902,0
62.68842149843399,27,25,68.0012815271008,9.768108821808715,0.5988144977249431,11.367607837375086,0
98.17470470022276,149,23,101.11212233191314,12.695237591689821,12.554405324225147,8.473013516765832,0
68.65444980060812,17,60,69.19945341641966,11.0770746224238,4.1136501040687286,0.36344800599701976,0
51.174658675621366,20,17,54.811725438211695,11.456700156693847,-2.5736024954687884,10.632984727350944,0
119.22926538158585,61,48,124.32950834796894,14.064715639652011,13.591613951135935,4.2223264305856265,0
55.47023106048748,8,68,62.46984169559218,5.366260749169212,11.740361021433644,16.21790860267395,0
76.7918753078696,3,55,80.40767587114436,4.944007110173274,-4.863681649607629,1.724325173106653,0
78.8270363108931,16,33,82.692302841123,4.001943064556767,-4.262763011756595,14.381229318528604,0
53.210190552461725,4,62,53.28973384445988,8.541488168234244,4.883518558475945,9.822962804773246,0
158.0,9,79,193.3144121198827,35.08221299453869,21.54561213370807,43.60120940111156,1
68.89160851725002,17,35,69.54690333065477,7.724384810254316,-7.93444283632498,14.958008526043,0
119.25790297014542,185,67,129.09807916668635,4.418053189872513,-15.370088062001077,7.319528287909004,0
142.904010633837,207,57,136.14292054674115,9.599242221126195,8.08169501662686,13.222172513477588,0
60.982629371348864,5,53,61.18428137579458,2.6557253013451065,6.1972530871206,17.431980216641882,0
119.04249766910557,262,57,124.34921952786974,8.603674793062883,19.748679149301353,11.156381678807714,0
67.9692401093497,19,48,65.218663694667,7.55892372970745,6.725875857036394,11.039012536766567,0
111.97253599248543,136,65,120.42479934041464,11.881653924301036,11.465718803578191,9.521602521218039,0
62.36284932143175,17,63,60.42235978593375,3.8330445914826266,-5.530995979311486,15.225672741921345,0
71.65686669250191,20,45,77.00532510119994,8.284384879028213,-1.9798080643278932,0.8955601227143024,0
52.94614332107034,3,19,44.37293361873359,9.868307375682651,6.586854635817381,0.10202862073735908,0
79.53923021566737,25,58,75.20477337244603,6.160414990049272,11.146879528643806,14.998564925165946,0
78.60603901090674,247,21,83.9229132587614,9.14023612532532,-8.948954675468478,13.944496490167253,0
118.67028325803453,130,40,120.61065192696665,5.565886690931615,5.657410299310906,6.728957652336458,0
108.46034963262098,57,33,107.15370433536364,8.554603651557905,11.12585990073234,10.619587131713224,0
87.1901957253098,1,64,87.24603577284144,9.601460210755707,10.405306934124829,15.696471122366738,0
80.55460696245714,27,35,83.76915480983553,11.173379675112347,2.1403632072525394,6.729865593376472,0
78.3535181129914,0,18,76.21715520416372,2.4607350228424973,9.47255246755099,10.441572747326209,0
85.62527369656858,17,23,79.21738640131622,4.758886594858581,-4.333970040083914,12.296456733759442,0
85.28194141849058,8,34,88.06309146549387,6.2499260833179555,0.30873552181626424,17.278093450405585,0
82.71041524117508,22,22,78.39733963334734,10.371781968272437,5.062819499061691,1.2707933975880774,0
179.0,48,87,171.72655365413897,23.718542417146217,34.27088815998925,22.93812413090061,1
76.52142806300974,26,43,79.40617431850757,8.962120644128662,18.641032121546875,9.021030016864088,0
56.948303261644,24,45,55.99907854081217,8.196421003301898,-1.9087536346498706,7.593325863797531,0
66.26035390971262,16,15,67.49819736775542,8.939942914295415,-1.358540270032204,6.204506420636875,0
64.45731838708537,24,61,63.823401853892015,4.0447716483258525,6.925073478557388,12.997556205821247,0
78.6208695017501,6,21,83.48335962294202,10.79825969694878,7.896833587483676,19.538403171569897,0
118.64716500113227,53,24,123.74962600084018,6.934680579454197,-1.7956536240125767,19.422155089526502,0
80.88773117011151,12,29,82.6937298888685,5.9994538491453095,1.583333338736604,6.962638561898464,0
70.05103607491513,4,16,76.6178873308051,7.146280264163063,-0.9777522323782593,11.605184339323264,0
110.79331036318537,222,28,121.70036358954087,3.8873079244995923,5.541376274021848,15.913400275329886,0
53.38637490355032,23,68,57.63650339431422,4.908630404672644,18.95923945900697,7.359332834309544,0
79.09929129200526,15,54,84.46372500696972,8.976310578301431,-2.2893490935037653,0.5743314750849535,0
178.0,19,80,181.28342888302012,14.099241915059347,48.26999747987661,34.817017478339686,1
116.72162492492376,251,19,113.19736737130347,6.195042713332628,-3.963869448794466,15.826627996116407,0
72.70890652822065,9,67,68.22874870939272,8.387410859435517,-1.410842691349462,9.610033017074722,0
66.71863223100539,27,45,62.32366718140792,3.9912138037723413,-3.68111910763003,13.220590586623672,0
59.62184501173151,18,52,58.86291953655359,9.76495161945373,2.247934941880261,6.886502400897031,0
82.77162476440805,2,38,83.66157166242456,7.595029316068816,-5.741113100884325,4.481207186988417,0
156.0,40,78,169.25680006742448,23.07965377489362,17.401612837954804,22.533907263174623,1
92.2374635530287,60,26,96.31876214994197,9.194638635279452,-3.7085827693689923,6.770559727829936,0
72.28174979578901,12,61,73.83698211831664,14.749347244945838,10.776210922549213,3.4572541543119044,0
65.39383916226105,22,22,60.92666181620723,3.612358446560763,12.288343034066065,0.19281141900744458,0
54.93120432392631,20,63,57.75220276422096,8.933874950799302,1.3194339902910721,13.05242650755356,0
65.7530936778923,26,27,63.97555284740639,8.20946680250595,1.3886376078802443,8.13502899797844,0
62.444700487523654,2,43,66.85302528360322,10.982594012012353,11.111040855040157,3.5746734926928783,0
103.96323508951768,226,51,101.77314228055224,8.223884029450542,-5.016292073198756,6.3521353338980475,0
34.0,18,82,57.28627230485903,18.422215933084757,26.73573125663463,42.761310245154334,1
86.50760021086096,27,68,83.88129071345904,7.634961256299429,16.173013120162928,2.4575869702767426,0
70.45249921271248,3,50,65.15287468374818,8.148981001449744,7.973610993916172,19.394233546657272,0
105.35141281778513,172,47,107.20332600781029,4.815507076381438,2.019430057726241,21.518921546087466,0
115.7573018073331,156,41,114.71253103121303,14.33040674625687,2.14827189171847,17.565046330019946,0
119.40667269215018,271,61,122.8141761790133,6.60364945278784,7.092139300552434,2.9742003881777004,0
68.78305646928919,25,21,74.20279097734598,7.752587753861072,10.153023006126448,6.862479075109222,0
130.13561277762722,51,26,121.59597763523077,7.220493387526389,1.0416470498000465,6.319357148114305,0
38.0,10,99,56.03424353736163,26.113365635271823,59.81099814436081,34.21592417033052,1
67.26717791258648,5,45,61.71122703071922,6.223156711777261,-1.360405710211218,10.46772710539147,0
81.64677458364051,8,60,82.89434033053418,11.832857039695165,1.6986091253431914,14.809194162136986,0
127.41699732528559,268,53,120.49785330566259,7.887202541414139,3.168231553930217,12.683567931494064,0
126.81403810001648,135,18,125.63030323599669,4.097290321110175,6.496778477859055,11.245226483053248,0
41.29011053772293,21,23,44.73756152142954,6.65431993477588,-3.6593502761281798,4.4471439241309945,0
72.14018963071324,19,64,84.41190274385775,4.748652890505266,2.1333287178232894,11.90368324385279,0
65.00001260246168,4,61,72.74272546333285,10.981300300372379,14.57955842269919,11.88861614967946,0
65.85915684877469,6,12,76.9154726299044,5.047853711953016,1.4743404170687129,16.350726623197147,0
82.69543624502772,2,25,81.06134453032864,10.89237810873926,8.843485423140658,8.789779850030662,0
64.54676516292909,4,41,61.14809902492719,5.077634461350895,5.62742333429847,3.46315108884518,0
140.86938319313464,82,13,141.0063151334954,16.970986502152627,-8.592829469617325,3.253058743989264,0
68.04707223139549,4,44,72.19656518371715,8.638022048425354,9.904063741350965,7.965247920863684,0
65.16190460860848,3,54,67.96326790855294,7.982658147593178,9.061354026640347,14.032599293746499,0
76.79939033288571,0,37,78.78323716341765,7.412001970489567,-0.9195350847622282,7.485845530906861,0
62.69956770924491,18,37,60.67144370085448,5.636312882966465,-1.8033047749495335,3.406086811647314,0
79.87670153435405,22,61,80.60771282816015,8.145204787100823,0.6017053594402417,8.48748805649381,0
70.19166615601148,11,27,70.69311476854668,7.3581337124373505,-14.498869651416957,23.15307504925936,0
127.59545206593094,86,14,123.31491380264879,8.27025043262032,1.3497806187670178,11.150904031146098,0
123.0,49,79,123.79918717280647,22.35545814939489,46.4651111260132,26.150409132092506,1
195.0,0,81,225.86584479428754,36.18961438513781,43.56228703863345,47.08516710711635,1
148.0,19,99,173.50419256469706,32.96932564639053,-0.485683844485294,31.54635992791102,1
77.11202599524981,25,61,83.98031872106459,14.315607203624031,-8.904435416509696,16.109002762594066,0
117.3585117147364,149,12,123.92112987661419,11.749547885903493,3.1447953739123062,4.181644799841614,0
120.0,2,93,125.66173914780512,24.17233933951538,47.50001201513665,43.99044098495049,1
38.0,14,83,38.34767319526781,16.71059259197152,42.0835470779242,42.25559441966938,1
81.91258658192089,22,69,87.10447485574663,6.188058122092311,-1.8363892428827766,1.8025791873728298,0
74.58710133473832,16,20,74.02964739911276,12.325415987047723,-2.89261849154715,7.47640294906442,0
118.56694207739734,154,39,118.02643025067542,6.056401282392496,-13.238565634169506,10.994187575252111,0
91.47118016395174,1,36,87.34726021375052,6.807306641130651,-2.919681460835812,10.190764723023355,0
66.44983298455891,9,34,66.33765272465604,7.826148374711847,4.704613401342654,14.811725846332848,0
73.04368781869418,26,17,70.37350767210002,12.006421693551964,-6.203032237380851,6.520951946869173,0
75.20129164976935,21,63,78.96634125509007,3.620971894526946,7.216351243062913,16.627434270924063,0
74.70842577352995,2,31,76.21801708877634,7.06890086542379,-7.751434785988659,5.8309999918220266,0
69.92522477316128,10,30,66.44686788392026,4.747425826933025,3.7565745467874616,13.570517498600463,0
81.36506606057009,3,48,80.82833194831527,12.65413316302848,1.8067346722984583,3.2422627286788313,0
144.0,17,93,175.0652937043458,13.568522171533662,23.850583586028527,22.751410384371166,1
99.2747994883492,66,25,106.08003630661446,5.654023785116422,8.54796939024889,4.26465260536782,0
86.09287480261133,160,12,89.5209560136756,8.462748689557507,-8.162406831224105,19.754082543474368,0
77.52524085258385,11,58,78.57808074072678,10.640888747759746,11.806826243898279,17.618420997203025,0
98.76343480416264,133,48,105.26851311743619,9.753572155512304,-2.145113113934106,10.833189476559193,0
77.52153213173233,0,64,77.89541002464972,2.32978777860402,-2.4602430296943236,5.088307395231364,0
70.19333520820959,28,37,65.13442932959542,7.015804387416516,7.751605218017362,16.32577750218318,0
66.81663990125914,28,32,64.52310055356735,7.374223022191069,-1.289584178617041,13.306847315930737,0
146.15967252781735,73,22,151.2041849297529,5.95401806690834,1.3467233157359586,1.9744421944292174,0
66.81573012693667,25,43,68.05089447805337,13.194029567287423,9.888208869869583,6.916734390132639,0
131.86008478036092,272,46,135.7964662459755,9.378726464933196,16.14220650540052,10.219541509385785,0
139.22075097185453,283,35,129.7722335537468,9.66665744549767,-4.867680651458087,14.461049364049927,0
65.15702020596133,29,35,61.30038949817452,5.7140683048800565,7.260056503765007,11.713920219119796,0
128.83295751676107,134,68,130.26421387326496,5.1590571664010625,-5.120526268804188,5.950020344733072,0
199.0,12,95,255.12629445022333,26.726768550398432,38.077754655518504,51.29545723730838,1
78.29566632469842,8,26,74.21318691177517,8.94154877580819,-6.360369375325562,6.993098786667663,0
88.95515819249857,2,47,88.72923055037276,11.007739442814781,2.910723474340902,11.730172054554009,0
83.0173786178621,20,18,85.47734605204457,5.418478246699353,-7.102845659817651,13.559787333586325,0
109.43897260475356,126,49,119.14242781534563,8.243854841094903,-3.526106494382122,0.003911199816993616,0
42.0,5,94,67.34698634669577,22.970893578289758,53.213367461198125,2.1601508940625394,1
121.41082009453876,179,65,114.42275228539427,11.520528026229439,-6.625106098605867,14.585552348203372,0
84.65197251623698,14,68,87.44876855987863,14.347267165749965,-1.6420370369126915,20.77942454412231,0
39.0,18,97,62.189725234086914,20.04304145986068,45.24457309530762,60.99355159360695,1
130.36330693143577,158,45,132.46519907686846,6.291238673622526,0.9139593187042044,11.567325007049309,0
70.69236331396915,21,42,64.78661135846075,6.265892975076255,4.738597825641723,13.422368545848776,0
52.99156042628741,19,62,52.008526429758234,7.122036063727995,5.0792872030039575,18.572304073186526,0
81.78893539912725,29,27,83.36993578015006,7.80082878772059,0.7314730204719709,16.572012123847365,0
152.0,12,80,180.91148921586574,28.862263782787284,14.682965055374634,33.78897956683454,1
67.4111652409423,13,11,63.709985188467485,6.500568973932782,0.72528106491339,0.14599591953396107,0
134.17037910159908,250,14,135.256599679549,8.46986634336421,-8.33114191605364,9.491479595119673,0
46.82769623369664,0,63,48.38175991394642,5.450614990931166,6.409028671295628,18.548529503036654,0
75.99004759243853,4,56,78.72768024461664,10.176770526446965,11.519632331429046,15.3781339700883,0
78.2949415599959,22,39,85.17278351598257,6.770289431616488,13.437827810976849,6.276085749414245,0
73.50239332559649,28,69,73.80977172920832,3.1838716708505554,1.1332305460081467,11.092385339567638,0
96.47479996710055,1,42,89.14580940773737,5.265436804651877,-1.9550818919674635,7.151441746730429,0
101.2287919127366,91,39,103.69705973926703,2.4632610940275157,-3.166524960821314,16.83636403141041,0
122.0,15,88,163.13094113465252,30.832153988177865,54.48818975797356,38.578786265570095,1
64.9121491975346,29,49,66.22190094424117,4.234676752230094,-2.8095696144301225,23.423371190320367,0
119.49440858006214,266,13,121.85882425587585,2.7124310574483808,-5.115230790687758,12.89740368298661,0
71.20298873560664,6,33,69.28465903403634,4.470625528603538,6.952833505656064,12.92176279137681,0
85.9928334127005,2,46,84.08317205407369,9.490620771522792,8.558171639870801,4.001512358173459,0
81.59729660277267,1,69,79.42751911741028,7.84233751423942,9.226622107175112,7.5490454688565585,0
98.26748341300859,112,43,105.24762116382645,10.832480174633464,12.834779470350181,15.552901587543676,0
62.33540212373212,5,25,63.72487761629683,9.997219901447986,1.9677685492143917,10.789137168955994,0
73.75463864017813,5,21,71.29596885610466,10.072518352786078,-0.7681126814122331,12.635416325445988,0
42.0,0,81,43.204387540927506,13.617857158539774,47.115841941068894,33.086718128403,1
126.63655369321071,136,31,129.53701232570074,5.175035807232847,-5.720767775070708,10.81397490272672,0
98.64082542570571,287,20,105.45667791273671,11.569609512135575,4.409351339099089,14.700464304148866,0
63.9806345844401,29,42,64.65436911512187,4.97726025421455,-11.320915276166659,0.12524064657344347,0
66.21827431856845,24,56,71.27390263045687,9.879810795606561,4.577683300012844,6.727862251276626,0
137.0,39,80,165.67697316648537,2.9512106206963225,38.31831009901029,19.83469356721251,1
73.17858652247548,20,27,74.80142419684618,7.621688092040856,4.431648376658209,14.289094207673932,0
76.91215060785657,15,64,69.28851986477295,8.40562065671586,-1.006098484437524,0.5791028551993094,0
57.37366047100976,2,49,61.42332554659361,4.688992187098429,-7.631329135967367,16.859362932478515,0
76.71869947876675,11,34,73.07705313665805,10.304582384317543,-7.363910301916626,14.25018197594785,0
152.0,36,88,170.1087115573944,25.4667533965586,22.0635644936606,21.227005210391205,1
110.90192555858778,79,10,116.34670565590167,6.8660705002365665,-1.4786950222557362,4.41240617630833,0
67.82746179545165,52,68,66.4861464857041,10.811217560945535,-4.554609044390221,12.068563999760372,0
76.60638122953821,24,60,73.99972198676582,7.980930089110005,5.064015372427749,2.323061409008883,0
115.64659203562138,178,49,112.1033908975914,3.687538113478487,10.623924705471614,8.443889406826106,0
68.45912065415045,18,12,67.82040808352524,7.09168108859261,0.09070598829329461,14.641584686060618,0
68.50035584494118,14,64,74.5681205719087,10.354699159245854,-6.344547125703153,4.346717447271261,0
116.5479669793567,87,60,116.87806072607269,4.563824834345279,-0.30203766147090927,10.670120330904226,0
93.60076248063167,12,50,93.88793278211985,9.624992073547814,-15.884639948164756,16.52943847150087,0
83.26565029547757,20,58,81.92120684270341,4.6804222737749885,20.586878425998883,10.296092170072441,0
129.42154454750556,223,35,136.06921576735817,6.231729765539327,-6.891547435714291,10.487444695118484,0
97.71372359688783,24,56,98.45875043138945,10.888372071052082,1.380467437074873,18.58328888227362,0
98.70213698122541,275,33,92.7485898214996,12.882316907683887,0.167148857196525,1.9444612131998582,0
66.4077420204479,14,62,68.96551966305792,9.096295528474126,-0.9718968435232882,5.69998762438849,0
117.83207634946473,224,50,112.53042669524487,7.502773318642524,9.982656464164613,8.326625790095202,0
109.52669426930136,279,56,107.20499240765638,6.637529519009677,9.861035761623528,21.207877696214585,0
70.5910144553265,20,39,74.95182375209377,12.093300341960955,9.376231230435202,8.134404051748186,0
30.0,14,76,38.20210685800066,23.423002914344817,33.98581671483517,39.389834002784106,1
74.80121040129448,22,36,72.8488879346696,4.079941023258056,3.751616016928177,7.062061978112149,0
61.76804488681705,2,60,67.30299695170956,5.278219859716633,-8.670486799894688,19.066706026227745,0
90.31622284658387,7,61,86.6498973791521,5.990589925772415,-7.005788683998834,15.74222978266862,0
127.36890252811742,279,46,123.83702790915474,14.827864050419937,11.905304754775138,9.239895068076159,0
69.280725703393,27,15,69.30889164530375,17.429784344445196,-5.630015762076322,1.0316161484203068,0
67.35086924443976,22,35,72.25661684144369,9.511663614138202,2.1847108682391116,3.324266941695707,0
70.81932632653178,28,45,75.38885193465468,3.748230573976638,-1.5401300751827662,7.932435841806976,0
54.88260537664139,19,38,58.23307082342036,6.406052542022261,4.041208563637218,11.582233792911076,0
62.910281542188805,22,38,66.09809829015704,9.686982302185955,12.534044900086233,18.86476115475495,0
120.36327550528675,279,14,112.21108473745308,5.091291326187417,-2.5434476727971425,19.848424211937235,0
74.769943311191,25,47,83.2885790846772,14.624751286990522,-5.705856084996436,6.564774670223457,0
97.5257728601302,224,65,109.22575446979245,10.14936613794811,-6.654462348929214,11.842018125151641,0
74.17791864627017,7,31,72.97977980517678,6.636146562855204,-6.629039995594518,14.377597890659128,0
72.92715815727718,16,14,68.97367565270764,11.172615620647807,-15.663284051189638,6.239594835227439,0
103.05788771499057,120,66,100.69293726234412,8.108762635239076,4.094284003566657,9.911068707715124,0
70.02142048139032,27,31,75.6625876121797,5.867290136706667,8.429882541191466,14.137324006247562,0
69.17983612960535,22,21,70.0697608370542,7.165045038204506,-17.91198267715466,8.623685374735375,0
76.66725467592104,0,45,79.0970660905574,6.1422906050616755,2.504950637978113,17.698034240007573,0
80.5503506819757,9,12,81.9203469932916,0.42474167715709044,-1.2613005958087662,4.377508833858439,0
74.8670471288598,8,67,70.6154353047692,6.0880054443521505,-2.711548936477536,8.617423184036873,0
129.87879516984955,91,52,126.80967805124669,8.062661488997234,-3.5806174311164276,13.451803122889556,0
87.87569525773165,26,63,91.58033371851401,4.667791246954998,10.153672680234598,5.7125016716918715,0
37.0,13,90,41.27562733524502,23.887479482381117,43.337115519561294,24.036648116204574,1
117.90944537589148,275,17,121.28485457995245,7.3003939098224535,-8.379264403328413,15.19073348010045,0
139.0,35,83,144.82943919171117,19.83894041642514,54.35962253555088,28.4308006322549,1
108.60522358749932,223,42,106.29305975709346,10.431074375273038,4.029950060613343,8.45773192707065,0
77.5106382956822,4,36,93.2394462293048,12.632675278036078,-5.134860952558769,10.65951764365267,0
111.20658458578501,155,65,105.97483440734791,7.672073910257687,3.000422482760803,17.688849769435564,0
80.86508802075525,6,11,70.73367046391905,5.709729101431309,8.765114704659304,9.935819207974243,0
98.47281610694968,64,65,100.39051845173812,8.209342106645655,2.4636924166423633,8.685754669198136,0
132.24937114893342,264,44,140.4807880668533,4.699709112266582,3.8279978543671187,12.694815363278611,0
75.16659448181,14,58,68.47672025950132,5.815326007228702,2.7304244053512225,5.931582289069727,0
78.02118320392483,29,20,73.26159090381366,8.232441555556587,2.0620203211420054,3.7911971225918784,0
142.0,33,92,162.45207371774092,29.635717004652676,30.9431723766993,24.055229457839403,1
128.04331187510417,125,60,130.58096315982883,8.893601762331,-0.1176041490532369,13.685734044796355,0
133.66819655693064,68,48,128.02891532620185,9.351242483947114,1.187962446408845,11.894896811817153,0
87.22561697058441,12,59,101.38336872758217,6.587379279582913,-7.7134190083214,8.304213332750429,0
53.395275968464944,8,59,49.16014825033974,11.521249588822696,5.6081887147280876,3.4482936156847455,0
55.99096021523484,2,38,51.84847509133361,5.770597205696049,-6.376022428657455,18.35741445591046,0
68.12874094940449,0,66,68.30320203946,5.325369530436486,0.5576341554342418,6.746716893319025,0
119.4552609987612,63,67,114.60334109000493,13.182656127862046,7.783288562945896,5.378905180099923,0
150.0,30,84,167.99164913767072,16.815564338045398,48.81892105883898,40.083558961641515,1
86.98582572011868,29,62,93.22460989049976,10.434189663474776,-9.186106310020946,14.093888218774303,0
144.1258396703579,120,13,145.90068094414622,3.9919749000936253,-3.1132985366877373,10.465399362697234,0
65.73032942212232,6,44,74.79257221210696,9.49921286033633,4.260760874964408,4.561095323691191,0
128.95043071365725,278,36,129.11648161308412,5.615667226852958,-2.8326669299858542,18.28634538257232,0
88.64317098124636,24,54,92.26679027071765,7.311827767795917,-0.34781559851089944,2.3444624872213895,0
78.44068542994957,26,65,90.57755235184798,7.164245828729856,2.8243139873200076,10.487086715321563,0
70.89673384935989,2,53,78.0707559254313,13.080539019536202,7.731258138313563,6.476067650405403,0
78.18509602148382,24,68,76.90533705855049,11.388296953439319,1.768931648107152,2.6271147228225757,0
67.92687531135138,21,14,64.58443291192934,6.561127146462631,7.712098811049721,5.188238349936719,0
72.38555168784318,26,32,80.16112937638377,8.33787630389771,-9.813780617748408,10.407112329122617,0
145.13454440768342,156,25,144.16457044485028,4.566147005370215,5.928793826133691,8.393144490739042,0
129.9441010359582,79,67,132.66345894890017,7.125004854299614,2.962405070755429,5.715815302401048,0
147.0,1,97,166.97009016931253,19.91502829108203,49.231768218133325,64.03996473330334,1
64.86189722709884,21,41,68.39561021187558,11.281430962136874,17.743793141034796,17.88451089905353,0
127.71726656122544,78,35,127.82196028911007,10.286985652224665,2.830562380090512,15.298890285534963,0
98.6172694304679,256,34,101.7941763365621,6.918371623797482,-9.642393718241555,5.048685148690907,0
133.64338251723234,286,65,126.57214151008148,4.965019479344182,-8.557608637126785,10.67687833993408,0
64.6052669431792,17,22,64.39502598513353,7.298896622659509,-3.9098719059814186,8.173485032015115,0
62.04200478600415,16,69,62.362707811356785,6.549602708246976,-5.3935537520381205,13.830403663626898,0
90.91800135927633,120,62,85.24078038759072,12.26821540265996,8.328478439546455,6.610973621263646,0
80.47079009985035,4,58,86.58329467428474,9.14580635669466,3.440333177528557,15.151417270159211,0
72.62239554895463,8,53,70.4141193259346,7.461866983607686,-2.540693256824764,4.094030545558855,0
118.21419660904145,95,37,122.68581299263724,6.373518702911413,-2.4420390879909792,16.041027905755204,0
91.25626127461945,7,11,85.74000774726775,7.020158658016362,15.883043162082346,2.2348236108008965,0
87.62615824670779,5,32,93.74038569702266,5.6561460382375115,-16.53792224527202,5.1440544669727615,0
70.26079187401484,0,35,72.65363470314591,3.187304915144203,-6.101084851012089,9.189797704688509,0
146.0,2,98,154.06897433169146,38.136660176879936,-0.6735184623341937,34.73343963534654,1
67.45205282622307,15,68,62.25302017108864,8.358796034652347,-5.0833848546860425,18.421742580624905,0
119.50540830291406,150,63,119.64106819164809,11.76708992773451,9.098590346305285,9.753835591183698,0
82.53079813592116,16,46,84.26532633293716,9.30469379344817,12.69516674870655,4.9090128966153515,0
78.15528661990348,0,47,86.0040600335425,10.304984362560916,-0.5478150120999249,13.085798365752103,0
89.62036960335676,267,48,86.87422890587978,5.493769152824525,-13.780480598019757,10.612803994139291,0
74.72026896628827,22,38,76.16637867087137,13.204878730306524,3.9297719309087435,8.169041806756827,0
116.12527595139625,85,27,109.18105911024891,10.625644925490157,-9.194232485622592,13.040809647161192,0
62.673595768201665,14,57,67.13460359489363,3.0332735280406187,-14.490620816322986,9.058748717171904,0
64.80266467007861,21,67,58.567174503426855,11.050133667518008,9.340249721451833,12.405675265844033,0
113.37350965160981,273,42,112.95268422570392,12.30054646186976,8.526349668394435,2.493795708193556,0
81.75865416622953,196,39,75.99834586490483,9.226180804923723,14.63967735803368,10.560331875891194,0
135.56232324070848,299,24,141.21909606832963,8.030154716702597,-0.10039155692915824,6.639844616764615,0
70.21232579851792,19,59,69.20663871530365,10.836913963709241,-20.51188615690347,8.670052979621968,0
69.33745091615816,18,25,66.09092046977892,2.6511390396534917,2.9720337938356747,8.7386824070655,0
82.95512230345912,13,16,81.74182220932842,7.686885185461393,8.592186980114278,13.288027843189223,0
81.8400751331541,23,60,83.9350981352436,10.980908911799485,1.0169755605519526,12.419303001004216,0
123.83781719889222,160,21,118.08425663859165,7.7184956270586955,-4.279176302568762,17.230493092876095,0
87.90481626072858,27,39,85.5866969876786,2.910252379872219,3.823031488768411,13.98755153439062,0
74.00458501994775,18,32,71.39286520298181,10.768187209618134,-7.535555960255732,5.960291324560733,0
155.0,11,83,148.64457684337282,24.158925303830877,37.757642725976595,30.12519953970071,1
134.14182771210113,272,47,136.5783538973261,11.215789595635393,-7.034262259295905,11.742975599304902,0
151.28115933138224,51,64,153.4702781626001,8.976637445966215,17.951370204024396,3.629844250497378,0
148.0,49,87,170.7595009102609,10.021739703381343,14.883626784051739,45.23062014043993,1
70.1371619394488,14,59,72.11739518211253,8.185867815443551,27.277872300400464,14.494172431048694,0
89.73991802816383,215,11,75.57828840324312,13.245727742175601,-3.125855315265508,8.832437712075508,0
98.39818306380882,251,54,97.37693650341225,5.031022137466194,-7.333109546908377,9.443227988072444,0
90.19223183299721,5,49,90.39191381907067,9.476056543978398,-4.208278741340643,0.7667145993562219,0
105.87327332623236,143,25,109.23994029746618,7.115878465659046,-7.330676050072275,6.124513031023087,0
79.41240635045219,15,66,70.85975845782703,8.356935475687957,8.003884862096838,10.762104311296298,0
136.3011393376422,75,24,133.07097323687887,10.900730478215817,-3.4396661735418537,12.693622601935246,0
130.1415242047487,139,55,129.41859036811644,13.470076886109398,0.6457098138115733,21.703613057628388,0
93.89211691757262,292,14,88.06328367133568,3.349563913427442,-8.787347808499534,12.770609546244536,0
99.06827242867392,90,15,95.52871772530355,12.747664907937597,-2.0604125691624318,13.311250928478692,0
71.28074407051474,9,37,73.82164051577638,6.248591699240055,10.052032943520892,15.617323589619218,0
57.165340478942504,21,54,60.23949531733095,11.822190750548447,-20.420321216166,7.988449886236387,0
68.9151721154418,27,20,62.02708461167062,6.305677987487173,8.171066363435187,20.442213864349625,0
113.94885568029494,258,58,120.09921887574312,3.5134786680785055,1.7068582919782311,10.579312606449847,0
75.03122961591843,29,22,76.9806637132804,5.682890647057099,-4.016824032791039,12.793454830166377,0
77.3877712691895,5,41,84.92069549985737,8.425114149961795,-5.34531672618822,16.162680775002844,0
76.13481615879562,15,56,74.5250165834649,5.581567497603835,2.3348208146761147,12.60989523597904,0
77.8550346085858,9,43,81.42203255961303,8.141051639371236,9.785367604731658,6.582841049349385,0
84.35811620006939,14,48,85.15820732933332,9.505348208502635,8.939190527219687,17.242496149464632,0
65.14624867882507,13,39,66.1330466046197,12.627035548603548,-6.34349931003927,10.053139915312677,0
78.15649980496148,12,52,74.3943200419019,3.4979678979242017,-11.345607097970241,7.916687623755717,0
147.15092565809,189,11,148.86887806065496,10.626068232037401,-0.9324972415939076,5.195169808394614,0
98.44269315283185,277,44,92.0621647843007,11.01872224193491,6.551266450778272,17.767974052249137,0
68.13070553400053,14,50,69.82449634540235,7.614805202247173,-0.5462896621143251,8.68288182440248,0
86.01177469488697,26,11,94.42839516056831,14.929050968192692,-3.59233553215308,0.882902862220849,0
113.80189993730478,277,44,101.45927653667975,9.664252263305734,7.56360622613195,6.890029294111724,0
106.83382060829706,133,64,102.1974535163195,2.1006108130842414,-3.0643734215800578,2.844512537081501,0
78.20829945289866,17,18,81.08025127868508,7.998349527499562,1.3906574273442756,9.710948401823037,0
75.16125816359724,8,46,81.6403377283473,9.215555687885068,-10.571699783988791,7.640246153680596,0
99.58745031668577,133,34,107.43415316936932,11.438724026792084,-6.720212644755766,6.431519035876291,0
156.0,3,96,151.91893895240403,20.961112237717174,31.00147778125616,27.73911413141284,1
63.42932070253566,6,27,71.79808319254202,5.843694907486767,-4.656180240312441,5.668568954728469,0
78.73017927577833,1,43,75.40906492017774,11.028515024551321,14.345130286835273,4.988138749871927,0
122.25903739266951,278,29,117.85186886653453,8.270929397619305,9.315293924282162,14.628383788569348,0
74.08504821163243,28,40,73.28696908539136,8.00213036469789,-1.403590637836082,18.35791475372199,0
129.11617709460145,135,54,128.86463395412758,9.493049759347446,-2.041946990725504,7.194746033401138,0
114.0,29,95,132.70872296683086,21.56399576441507,40.97026714847775,42.99416903538895,1
75.68261278521638,24,59,84.33894724085391,7.74604373257872,-0.35970607320234876,16.73892365411205,0
67.63373768413467,3,10,65.55444129375617,8.32276293222477,-5.428437549371457,1.771623099131327,0
89.57489933617782,26,36,87.5370722560459,10.790111591669843,-8.388579745985993,11.038373902421238,0
73.57517035094851,13,56,73.95891640245397,5.119002930264364,8.170706645602882,6.823187832097393,0
76.02575393445304,27,57,76.70945082492561,9.413554198461885,13.115067887216247,7.089069498130046,0
68.08358909546222,7,58,68.17363322153253,1.0280234280495222,-7.053681537201056,7.361322145660746,0
119.07335906594159,113,10,119.89049816787224,8.682616861688723,-11.557273373466334,7.478400155103846,0
78.46915110976651,4,28,81.15958394389497,8.388184549650823,-2.144245423335382,8.416896304784302,0
113.15408876691922,190,35,110.73596159061586,16.28042391570994,3.0595925314488093,14.50975080016932,0
141.85890353774604,144,48,139.53490525014848,10.772293822898684,12.021582930753576,3.590739213102138,0
111.91519517437337,82,12,109.55252524796325,4.421268562200256,7.69521104411202,8.617987583809995,0
115.49301076918944,234,58,112.80478198029036,9.96621148955071,-8.561532503154654,18.595203064209105,0
77.51159774423147,3,39,73.1540609359414,8.687149214756356,0.1775719780728031,23.886497057845617,0
91.42397262832908,4,61,96.49112202934424,7.34353185992398,6.56991954026341,10.739742521877067,0
119.09420861556929,66,46,124.16373769164406,14.695064968329849,5.402377675019596,10.701575511869665,0
94.51522391339137,17,32,85.8729910558541,4.588275599011227,-4.911546850791674,11.096345991249207,0
87.79135596259904,22,13,91.71126367373652,7.370425914160865,-5.18961574233732,7.135797602001222,0
67.47888221486535,19,54,69.0480449035135,15.192697229699554,-7.0788660164170745,15.920647374799866,0
64.36512375286374,25,58,55.70005481040704,5.407483762478106,0.10123571318923591,10.13588583836232,0
84.5643634234519,4,28,81.75136201518343,6.195248955757171,13.115909275340021,9.503536449791719,0
119.23799822350328,149,20,116.52008750576924,5.135392755247771,-12.326062466522899,3.893513076973873,0
70.5246928346327,23,16,75.27010595337033,9.370044832489766,-7.304864720766279,9.771637664992694,0
72.39163904361858,25,13,74.21814400872752,12.20621644165353,-15.951446690144287,16.0916865779269,0
101.28141110508173,81,43,95.41029221779068,9.464593330673859,-0.6974092914074504,13.717364947140327,0
81.86112541436464,16,34,81.54627516297796,4.732326524380213,-0.0703161769822216,8.681504670634606,0
104.52955773538105,145,46,110.23887528679994,6.0226695705276265,6.253188749445296,7.175693233108376,0
110.02338943471793,297,12,107.10558669523756,7.0974417531123795,0.9111993512254725,8.814146844370338,0
69.05633338981694,0,32,67.77224825018828,11.072859745338171,-12.980189041582017,11.704941761385669,0
32.0,9,91,36.97321981550252,41.682558223664145,44.524024003442086,67.17247882628558,1
103.7143304866461,208,36,102.52845355870026,1.5200767196552327,-1.5717849355511564,2.574251498684621,0
74.84746560553744,7,28,67.59872335126016,8.507882674306774,-5.54806260273682,7.956548928255213,0
65.06431490481971,13,20,59.33562348955945,4.27404392015552,3.4912819094989973,15.019009448177664,0
73.13139053809212,13,59,70.79927373752024,7.085181323373935,13.616167604015411,7.793818774637325,0
69.04997291482864,19,18,68.56254678494335,5.54197522179628,9.267775971786621,16.118968112565824,0
70.71814530414233,28,19,74.0167513024243,6.002439775298228,-1.3532094059465645,16.730314883652255,0
108.75097629332622,124,30,115.01984638331669,6.205810029053516,-2.3181527738317524,0.11122904601700156,0
99.50485560241137,151,55,100.01378724342462,2.3699627993011427,-6.392421375789972,12.9522007114171,0
67.52865910554434,8,47,76.19042215726373,5.131871309933354,6.169833908819203,7.474845161328001,0
77.01987657388833,22,27,76.98351359888979,4.6205806257603275,-6.910927731165602,7.884696994871103,0
110.47040198447695,270,42,105.6529066818967,12.606938105062616,-8.746981490776873,10.360641292378904,0
116.31158590514632,73,29,110.61192778041045,11.584304762389014,2.0988185538453643,14.968183539380709,0
125.93782768371767,195,34,118.9371257483469,10.935882780755382,3.2623445841329293,11.963247379990165,0
67.58890348071758,12,46,58.95295796534367,11.32817744269732,-0.7857409873219224,7.399701438039054,0
72.53885220833628,3,19,66.52913954714492,9.813727562968138,-1.1095746408241067,5.265806774728572,0
128.87987731377737,65,27,125.24038012050679,6.965325823832739,-1.1459921304329606,11.998619521994707,0
122.96891323648451,281,42,133.01637119471238,4.869021949918849,3.838357714303986,14.4730434943163,0
130.8881733083057,192,40,127.30990480178951,8.017148258278674,1.6405470080391649,13.693982586001177,0
88.77987917035932,81,32,93.28987106140978,6.688292173524877,-5.702223078620752,10.032739833183172,0
111.71063094454989,169,33,117.20222277001206,7.236387010269525,6.900767664782255,5.122161006619501,0
86.97368970934124,26,43,84.45092752392016,9.255194662666051,11.212788743571435,13.252250462680696,0
52.374695054790784,19,64,50.004429689611754,7.258761689576842,-9.037339674484295,7.5459676675179,0
81.87334516589102,8,55,81.49359004767841,4.732759651556586,-1.2465717946328225,10.189309575044751,0
100.0,17,86,85.5521491228285,42.69204899772648,79.77973650471507,10.970321887375906,1
71.0356177884063,24,26,62.2495439950988,2.706106718676649,-5.969379253374401,12.695251643810321,0
148.0,22,83,158.89020192025114,40.688364481347634,60.62332435222355,64.90803635763088,1
86.6071919757511,13,48,91.33382393405627,14.971367253925699,-3.6584306523427768,14.460897343038782,0
74.41723749468846,52,22,78.49477418020291,2.703597478397011,11.109779566288974,16.021397835092,0
121.47083234879457,192,20,120.19300579694071,4.419118360677413,-15.517174521583732,5.54901962021567,0
103.63116208288645,201,52,98.86560995810143,5.408698868131712,-7.976423651037431,0.6073600319645251,0
72.19367327487313,11,39,75.10732606651095,8.362311396654086,-5.112522662656129,14.910054930607952,0
122.01444745871689,84,14,117.7059321074356,8.090094437492246,-17.219068356873443,14.382278227514679,0
77.76251392022115,17,15,81.29454696348728,7.260278260635524,-1.4800870199884322,1.822576849279189,0
56.49244147927905,16,18,63.473450552796805,7.099325557147477,-7.270063236433044,8.617926994552345,0
124.03216795773064,281,27,118.89175915851477,9.897748398926591,-9.942972688505078,1.3453863647620068,0
82.76007138598598,12,20,82.8666296293457,7.807789099614507,-4.722203866878262,17.40284027770944,0
72.7350540746866,18,57,78.7705493029975,8.442437736868332,-4.324718505585603,10.144194547309446,0
66.78745193143871,0,38,69.97837213507978,8.638178363575355,-4.770597512735366,12.643174076672796,0
145.0,15,85,147.36967208382998,3.5313010346686013,31.420980435954228,47.66424324508266,1
127.53028906495297,155,33,123.13635462329243,11.248888313057334,7.185117766533087,4.622886115776675,0
103.23267667787475,287,18,106.02576864259429,12.880163156739744,-0.1746726093981653,10.917482563513216,0
118.50791395830707,174,26,120.91945607958596,3.3054367251336183,6.125144851861561,7.606539055304044,0
35.0,3,99,30.11077438569132,24.831881531767568,58.776857364117724,47.69619741738955,1
73.52747393313675,16,53,77.67058998944856,7.494344262675172,-7.833737377614655,5.277040584333074,0
61.34036206517288,29,55,67.22686660778187,12.26919197543462,-3.2746223323305106,15.667203316829553,0
91.04385080330151,6,56,103.48345283947597,6.0748454695747105,-21.310208141168562,8.040889238096035,0
151.0,12,94,159.18445726129,6.1967881297948,33.5930767626294,23.655399096989758,1
78.35381358822269,21,37,80.14092216931078,11.153285362097991,6.56607443185045,15.320570916673567,0
137.5373224202357,256,55,137.33939125291593,7.104578575310481,-4.319509662253254,3.3160404039607316,0
88.1974926497382,265,48,90.208944548172,12.359368564921667,13.504584104475036,5.703497676892143,0
72.95057077990522,9,17,70.32455610660233,9.11748664649357,-10.647125588427167,9.03825906767056,0
125.0,41,94,128.78504702519325,18.959367762063287,31.055553016108966,19.82332436888996,1
81.0809029826214,27,23,77.70064754117845,10.13798609638102,1.2147803971325648,6.569692367281606,0
81.90166238959289,25,32,80.81600701486187,6.366909255472715,7.4507273854640195,10.356621580622445,0
62.27250895653216,9,32,71.56638109939541,5.710270404017656,-8.035609131075748,6.6856469518546575,0
139.99171795417058,199,30,124.1974309004373,8.090340556306488,15.983055959312617,3.6548331779083654,0
149.03791538520906,68,65,149.7171948930405,10.540776743638041,-4.57294713255413,16.363787683176913,0
52.289982808000886,28,50,52.01041529772658,5.651425992253726,-2.039337754932725,5.6292633065723745,0
79.4370968992855,21,14,75.30296885423948,7.089633379053743,3.1129164908641105,3.488549447165431,0
84.73488327260051,10,54,86.89175278638749,6.684193659149744,-3.6781664149046427,8.856506390056845,0
85.2699403348791,29,55,80.48682217434062,6.932967958255864,-1.725631821828883,19.754570856369135,0
118.59657545719135,152,28,115.25333108709887,6.9762550420137135,2.0930879885399123,1.0397530702829592,0
68.33758923932677,28,22,67.29115309202462,5.7269330432104155,12.918857358945564,14.366187836788075,0
70.1759061653788,25,60,70.48914941276816,15.222955477570505,3.6270294958542726,13.833914244982834,0
60.661808062460466,7,54,64.16595356158548,5.606339535512329,6.174424002193434,9.208925945911458,0
69.39580466847461,10,61,71.24879673837567,10.859528762988061,6.3126016111992795,6.8538966357631885,0
89.66655489291435,27,33,95.38958630316479,8.6291398975921,7.424360568045538,12.714141756353383,0
69.99690694142092,19,61,71.07208600210707,3.728058998537099,3.171053780074698,8.09033068434301,0
144.76122516457826,264,57,149.640635581117,8.851733176209143,-0.05650323640663772,8.01225651727111,0
126.22050770975918,137,50,121.17532689141669,6.136595603611278,-7.543706979598112,17.3868628031543,0
94.74988413536465,21,23,89.66702844747233,6.040955905758921,-7.142274431588179,11.891086405057273,0
27.0,7,79,40.173242506032224,34.13197748135922,32.122420718224326,14.842113478740075,1
72.07312779142364,6,33,66.10237374989264,5.584393697512265,-6.48479655616195,10.418864994666977,0
58.27534452115899,22,31,60.77654686834184,6.399199080682499,9.766570390504382,5.616131093940776,0
71.2850463325549,15,10,75.08751933473062,13.431578262701532,11.941781029533038,5.738505004502011,0
79.92137399145469,22,24,81.182439008269,11.073513273343153,-14.20537802801379,13.240390056067532,0
117.8084391522625,243,17,117.05569109502471,5.6935188038231885,2.402286531339408,9.19490323871758,0
62.76789811455454,4,62,68.0451369430647,2.9774051549529545,-3.9959546426860877,5.62277535668127,0
75.0484526408794,29,50,78.79331170383236,8.797893923816623,-3.7516226235485077,11.650537904106036,0
107.95917425662626,65,44,117.67206015077942,12.391232374972535,10.515575199815975,7.544185704816233,0
92.06092888159122,29,33,97.18124151064853,9.777580847603549,6.226888609333102,7.244071418357333,0
62.87757748015426,19,51,66.90963629146306,2.0179359387042872,-2.7462919932086702,18.197119708523083,0
102.14852467369408,164,37,104.15621131324045,12.148419447836268,-6.724485352487082,6.256696894260419,0
121.0405174954514,228,13,126.19766968542939,4.871008927530372,-7.168233714447998,15.367786790164557,0
85.18115670750878,1,51,80.43369725456861,5.98305720256025,-3.0457880728864657,5.3554821929353205,0
64.6571324894722,11,24,62.05803061669135,4.503919700469735,-7.9690652454873545,15.639427663237257,0
111.11303611270658,114,40,107.06501851309835,9.27218313339227,-3.790714776567329,9.927738645608605,0
112.08321566416635,79,51,119.54381114030673,10.44630253340405,-2.5120833691228373,13.66162621381493,0
138.13116620350627,208,36,138.6026596599454,13.948874715661125,2.762584450099438,2.5267017053132124,0
77.26166827221705,23,42,76.16488572019615,1.4401371135639085,-0.5024338019864403,3.148473825599213,0
84.6712814272474,8,68,77.70225919774914,6.407009451324162,3.4753052034731953,11.888812901005746,0
68.20520743988256,14,42,66.93942156313207,14.21882449197776,-16.845637304696005,8.278655580010305,0
60.69955830835635,7,42,57.19493514751372,9.297737966254545,-1.1459635651601217,10.846440118280064,0
69.67764538676496,26,57,67.4237835202981,9.365439142848555,6.1818270233551464,9.613573812668523,0
60.74480368683282,19,20,66.78608939019301,7.627297263926935,-5.899330223316972,9.773777317844731,0
68.45686103252746,8,67,60.22929086945468,6.2358762615522485,-2.4439625141331422,13.596905191865298,0
127.11162001978722,269,18,123.52203486920708,7.880003400708921,-3.518886304431169,10.852114559411543,0
87.8203818296378,8,46,94.79904150928061,4.071052129964305,-15.31022064214685,14.706422890302376,0
74.15068670252266,24,44,69.84577617581336,5.433279875727088,1.1722422241706982,12.427783610944127,0
71.77090116171772,9,21,78.8480301418138,8.777598210103186,0.19757880241224182,15.626122870350677,0
124.80959667280756,156,14,123.47558157081549,8.969137194940961,-10.442339437711592,7.305923609470886,0
57.87696855753187,19,40,57.09080494599475,7.269895109127377,1.651175117416308,8.044004082993602,0
72.60232921489091,7,51,77.03333904553779,7.298890462057985,0.35480445999253857,4.119362610054644,0
65.96077406256283,14,52,64.28652041450694,5.568027332903982,-7.5124251496157655,9.610459768343407,0
195.0,15,86,185.81349443108468,38.19692357925888,10.850892356308567,44.153353448165504,1
73.27092748842797,15,13,73.70577857630477,4.879418840552306,15.561560594215464,0.8945696535275189,0
81.4926317428231,21,52,80.8711270484306,7.763741341266079,10.444661726484188,6.433445498598942,0
111.38902929647944,245,58,102.2065851036273,6.70467701620105,17.147875102820894,9.496014156741824,0
109.45907976131042,98,30,103.43561334716986,8.275257453345118,2.017923171413419,9.41885478439021,0
165.0,3,78,152.0061731339242,28.55142864272947,15.873313102479326,20.60895392282292,1
81.53442426252965,20,64,74.57505251993504,8.297286725549323,-4.347109936765337,11.052023569856598,0
69.77196001852266,25,42,76.35392920452857,8.887394171747808,5.795463536892714,6.714353209840304,0
73.4170631463073,23,15,70.71271511929871,7.222018564601019,-4.663296339601564,11.358374248192552,0
77.57184815867792,3,53,69.83445902765698,8.969177890040747,-2.8312777939602825,18.10091746465694,0
109.98897920870165,285,13,108.70663372690649,8.955331229345315,2.077960388098516,8.693402206653658,0
65.9031928317785,16,45,65.69395831272521,9.417777739762304,9.273725418180641,18.750329734381616,0
134.520306823421,151,67,132.6711446150149,8.706952250577539,13.369769275525043,8.104405786935367,0
140.9421724360043,262,21,146.14823426917192,6.138888739194174,-9.782723403442773,5.961995760137357,0
70.23597190019603,17,52,71.77983286742268,8.628961535719354,4.759092035198072,12.252899832413142,0
79.3327568430328,10,25,73.7222224155797,6.388478434625156,-3.361679963956826,21.494278076794707,0
128.54121400351553,182,45,121.61042428298934,12.347090693837721,-7.205176945821406,6.163564548874004,0
119.62180429503786,204,14,118.91530981601002,5.639517107794887,-1.7880564823720821,9.902617673493273,0
100.41585471515734,227,13,97.02849883776871,6.34823879899788,4.077513849797249,5.928009062768381,0
89.21057753029906,26,22,87.26131909400907,5.077527974665879,-5.097805584367217,7.188504075525593,0
38.0,15,76,36.16331708558557,35.197685329974014,-3.0533187412853096,67.28859550291841,1
59.653584766429105,28,67,53.409569103980694,7.061378116386824,-6.230437828827113,3.7303072938316406,0
120.87526506428216,89,11,117.15134403064953,7.900310028066618,-1.6649348581803176,9.357312442805346,0
107.07602918627506,178,66,100.32907932011003,4.94278164389579,1.0160979149743863,3.7527813860003665,0
107.10133206388187,131,31,112.98935545196824,10.470813144546678,6.25323734368498,11.424297917007467,0
67.48667305092633,2,53,65.9963520542288,9.137120018431032,16.642986364881267,16.09050628075999,0
71.48439681677351,9,26,71.31734221628388,9.049189046229099,9.708780498417992,11.180486471075378,0
77.42560043585965,20,42,78.63541179368983,2.2601592660266068,-13.799342660104262,7.188562353795136,0
128.5179333903605,296,57,136.6252213546306,7.246450743467471,-18.512008969786073,3.8269960874736224,0
58.913644064047666,18,37,48.73092434692475,10.182221404982577,7.678387696587323,8.566507767370107,0
82.46113105847574,5,46,91.90168545253835,8.14131409327794,19.38484904490843,8.004860342250398,0
70.53963394258201,13,22,76.99151769887314,11.118185159126414,3.9733178738189974,9.217464845823136,0
74.28817910979461,21,47,69.30744758926437,9.499057508414468,10.078849527224998,9.100216490983597,0
108.12435974148607,195,37,104.27067444298176,6.679109638677325,-1.7735086399925375,4.253141948920636,0
68.79001932096614,29,14,66.21288191566791,6.023338659846418,-5.309910248779598,12.55625825809011,0
121.23502873996577,108,61,118.8446292231162,4.990654431881402,-4.110854406868629,6.005071203942888,0
120.89784486518813,183,43,125.37996847472519,6.185843400093566,5.036466928526686,5.573367838909698,0
109.23264920922416,277,65,106.81084448786238,8.387194394720506,-3.911851899433265,0.26056681368263845,0
118.99962708591373,170,39,122.82610170560511,4.928771422807906,9.302863738033627,3.983119218345288,0
108.76318386058463,135,23,114.50101612130813,5.3993462453496,-0.23751032228782745,12.436090973152137,0
80.51069214020613,29,14,88.01354898501947,12.536048000017166,-0.9271364908890615,4.600804231057404,0
67.71048940311017,1,52,59.930249558862016,11.396039070265264,3.0550014174522286,16.468839617006253,0
62.71868106150215,9,37,70.47418005748683,8.238078402950858,4.213552811733532,16.028537364416678,0
96.50475400553862,292,10,89.78418165372268,3.1902185995521517,1.980095332609635,10.75202719088082,0
100.31087599270964,293,41,105.32656100923747,8.695378287877775,8.898146344280857,4.702407076529117,0
93.02134694264505,22,30,82.68877984489706,6.2291259847609775,7.040167982602957,2.1723195142630782,0
54.50837198141918,1,48,58.455865779669395,1.9382164023804247,-12.512415947044595,15.807609787596022,0
170.0,75,89,155.72599216424555,42.88215639982979,37.84999495572004,23.068896645043054,1
64.28197971205374,19,38,64.42832463157788,9.29403529963329,-2.0512204442583686,3.3146244605608093,0
76.21570125923513,20,31,82.55185104714126,7.836613451809042,10.192944740860591,13.857589704935194,0
74.1583277764475,18,53,67.64344255999725,8.35047241817537,0.6660518478273546,1.2769239575975337,0
133.743606944549,90,17,137.9682501533769,11.379180349166196,-0.7888671920374183,20.009612296241805,0
129.56418127282137,289,62,128.41037210084028,5.066146660537949,-11.858763895514013,12.351609064125032,0
68.51540626862098,15,38,76.94722365733058,6.087728261357817,11.027334304127242,9.160972276267668,0
72.36835808867875,4,54,74.6696375352674,6.268335473219058,-4.528749402382029,12.046737651244301,0
108.15576515118886,198,40,114.02272045777238,7.747919429072938,-1.3724131123862755,12.982671657458672,0
85.6586533518599,11,30,89.64318055874459,12.189024479482784,-9.294488610891497,1.352488001836761,0
136.2988906405927,289,30,135.67043753927962,11.952964552481102,-7.701037023786503,14.907911662986272,0
63.332673293396866,28,34,69.42982870817073,5.970906490893183,-2.814990370292127,14.728445187485775,0
62.20467890069693,17,49,57.69105662780371,7.382354593868388,-4.972763404411406,9.525571219034624,0
96.4125584526534,5,17,99.4601079337156,4.062728973419785,8.419605052912345,11.74549001202752,0
39.0,16,75,39.14606207875796,33.40368820426056,36.24504918870406,45.334540045071044,1
72.15141356624582,11,19,71.74093907298175,9.99863623703186,-9.822230939807852,9.670745680197697,0
106.81475596574323,276,52,105.88701329277896,0.2538224877095949,1.7166314099371895,3.577745688586898,0
67.21101668190184,2,51,59.98640416117284,7.045096957686998,-4.3329661064735,9.564923883409312,0
111.87736499330639,100,11,111.51913056424814,9.622725555682969,7.009353337529863,6.658274025765992,0
153.0,14,98,173.2784785946209,19.674531086417325,31.23613760740652,56.88036686449169,1
67.63280263959405,2,53,67.30213956646493,5.611487885918766,2.711949482473971,6.210038887406632,0
60.11464546038899,17,30,70.05874572930796,13.693661877976117,-0.9105003073100645,15.426111318308157,0
94.11242950282562,17,54,92.17750900703717,12.707723543854126,-6.018310574091746,11.077728175049758,0
110.3098550552455,193,61,112.93029544474734,8.01024783737567,-4.980598958379622,7.072037535640745,0
80.86841302544599,22,11,83.0768390412761,8.73963231116876,-0.050681790861266944,11.6183042219505,0
80.49942886148695,12,51,79.94002836614104,10.548745602417078,3.3329694885660417,6.68009860145769,0
124.2250285476416,144,69,126.18561812541253,10.643237978758972,-5.9541976789925455,17.117189617221168,0
102.23703305045103,199,31,108.20906466755565,4.82808623740606,-1.2647522948735297,10.736399278837395,0
77.67217905433873,1,26,74.89135620722872,8.446282200007088,12.320862589952252,14.84249401312438,0
82.91560841986865,24,67,83.26427693068804,4.947242656612401,8.338701879221114,10.178999588948193,0
127.54305014239876,191,69,136.6332545350936,8.295410942153255,-8.973564028148244,4.5347230460561105,0
66.36250035956049,21,50,69.43301902319364,8.012683350676,-1.9492552647304262,5.923743222947627,0
60.22968368546929,12,42,68.04145623233543,3.788319945799538,3.602550614245791,9.85991188833,0
77.74826484461862,17,67,80.19955206676121,11.075145528501663,-1.5639665113715675,6.443447455975772,0
66.88197533994827,22,43,69.70156235547235,9.188096538628784,-5.442798596021892,8.984436756367934,0
69.2601379578762,0,24,66.56218524241369,5.029733963126102,-4.500920878707091,5.199060959002396,0
116.0471061636105,127,20,113.1426365270047,8.707876110169718,-0.29965589773951,10.965238857266899,0
116.09846325260254,117,34,109.59424838448756,5.045366452081925,-1.994286858208047,20.392071195071956,0
66.86955901488209,17,31,69.78422987786502,4.467633720034995,0.1731256295655477,11.911536709923105,0
110.47879968713832,174,16,119.38573684347796,12.086319162984173,-2.5620461505639986,13.610569364011477,0
110.88981601851818,298,16,119.0364327016083,9.409994782289509,15.317698447983936,15.06033932351929,0
103.04449918701862,227,27,107.32097025303018,12.00124714588255,4.03596541484245,7.2107607237328155,0
64.43696476828622,21,29,68.99859086056408,11.661153959459416,-1.0149431715697173,17.565187903660892,0
111.0,4,76,138.47952799443593,19.704724585463463,9.710151870555087,47.56953262966154,1
74.39246864111149,14,43,61.74103102737985,7.141987334359667,8.807677079988569,19.791737271102967,0
81.34801662695655,15,23,89.54367726660422,9.02884629232667,5.861407242971878,17.067865172124623,0
26.0,12,93,31.109349763616017,28.177614259144633,-17.296656024436416,45.35035216112856,1
117.81050743858266,130,36,117.42846469743527,6.663619394743513,-5.68449490243493,1.654167534181246,0
128.62591151325663,74,11,125.00918566953929,9.988345658062883,7.861255258178732,7.282636205852324,0
71.50520447216802,20,29,63.93233025308683,10.038979007490257,-0.982309993260118,13.244466206267749,0
83.73872699825878,21,12,79.32038325484058,8.863493985351884,3.9503999795863276,11.82433999994641,0
101.20415064236312,154,31,103.98189050613449,5.312899819654843,6.056737474883968,1.380429760849804,0
93.69770748750665,20,30,95.26828673439361,7.079017862349795,4.677802776287524,4.539400451388018,0
61.94168725709834,26,51,64.5026618817321,9.439836440590792,2.5100781866496864,6.919824637431507,0
69.41599279792831,25,53,74.04959778678594,9.62739158450071,10.034854948581701,12.041725821973891,0
64.92819460940046,21,40,66.55664076395779,10.179433145751934,1.3551118653233278,16.373665038290355,0
64.07131390372354,12,48,62.35517878302669,8.322217458516722,2.108798884679837,9.946120659753413,0
97.9851815450824,133,24,93.61750448316565,5.705522212991812,2.4819377385710233,9.739835593030923,0
72.82290339837122,12,12,67.87463232457152,6.344903982666618,-5.261745115347349,7.890306377455246,0
112.41427707660038,277,45,115.04550229779838,2.0060557963728955,1.5466129504048391,13.449622529814064,0
72.15963023032016,25,12,73.75850760561039,11.413042060017329,6.67216569177767,3.771888511453465,0
92.38688653002532,171,55,85.98900169634682,6.955960741109483,1.5884669031703345,2.8281751642057715,0
67.30270203510402,20,53,65.79985508217777,6.659067341581878,1.7544713050564327,10.176476953726079,0
78.91159398322071,13,64,69.6070901371669,1.8157837279312847,3.442901132051984,16.373265620191706,0
62.36178169750029,6,44,59.8642880100013,12.37504010888111,0.48817299038673656,16.848817306328737,0
69.6546740748192,5,69,79.49150463027667,9.269367102055462,-4.940759847625325,10.460984582938652,0
125.61564527994213,226,52,121.42290885804961,11.454861820442495,2.2260775890323345,12.995167086418574,0
91.50058622749586,243,60,90.31486668031498,8.985878346128308,6.485813337912119,18.767023136564852,0
64.07068703631165,7,62,67.39411728762249,9.512463652850833,3.8129080561585154,3.08266343772007,0
70.12208371843862,6,59,62.27117321975183,12.585259539719273,2.1985076895799023,8.132128181735158,0
173.0,1,92,206.5122177076105,30.772221460298276,66.0638666864451,41.4116542127825,1
85.01946859422628,25,33,84.26345567007071,3.9827217370033043,6.944596469184367,11.582384124222717,0
135.8233861882762,172,48,140.54359692902162,5.033382957093249,-3.926983159148526,7.3403424585395385,0
36.0,11,87,63.83389362306241,22.093197903157822,32.56469566879216,21.68258288887847,1
76.33489717448522,6,22,72.3045593807362,10.575353349969996,-1.8769645596593103,10.191189974800142,0
136.4561295961894,98,64,129.22913041228563,10.429207249384383,0.47004310351267203,12.325769974134595,0
128.7417878104818,58,52,138.8127594222544,5.394641091419509,1.6561956461121161,9.568584240516905,0
138.99382044267466,82,35,145.44369068100718,7.109338104310354,10.427413345909564,10.344595824636084,0
67.92527626807693,26,56,72.87228158642547,10.710714176106803,8.123052179072532,0.41358130344766764,0
113.00074483561183,60,62,103.93430509748994,7.409203468167935,-7.41566372528098,7.225932742013974,0
125.09784802386125,190,48,126.09506314167773,8.083621888309974,4.49317110908226,12.583079724534102,0
69.03601348453817,16,42,59.579492723387105,9.60090628341525,-0.36778843442784637,4.616359727830204,0
85.59620005983159,9,54,85.95241623186283,5.438959820335105,0.30478324836560433,15.016873526281293,0
85.35969990386837,1,13,80.85334031555205,4.7352150840470095,-4.371808114643362,7.020218402758496,0
120.90358063918102,92,14,125.86579712247244,6.656753233227954,-15.04537075404341,6.407642893627337,0
73.25548391329151,11,65,79.50879145222225,4.549315465273285,6.073231791577477,9.99468057262509,0
50.28834620312989,14,42,56.06825640873339,7.811709924159477,12.440468905009256,5.610101277618207,0
114.73080879966747,166,26,112.57089518020379,8.920774196916817,9.967039533124224,10.704913322713024,0
93.26952905426835,253,29,91.56061336292562,4.058597386777484,0.6569189664047753,14.989516848381886,0
87.7233987637452,27,17,84.55215644173175,6.665901560765161,2.3338173365389676,8.838190615718476,0
79.75230728837754,9,33,80.47544545732525,10.619507877144764,-3.096424209869821,8.548085041746017,0
151.90506808339492,224,18,152.55550276470362,9.346563361724932,-5.355012865730129,10.67059794056823,0
116.98807504697064,154,29,113.02623057294909,9.017163353398937,10.513214490782282,7.7919738828948955,0
146.5606620993374,122,49,148.49254225346337,11.508575384298537,2.149766327775668,10.52305467829494,0
107.69507308301299,87,49,105.16325273762214,8.38640597636284,-10.692876615591851,12.745159673153395,0
127.26386349891453,285,64,129.9325940176224,6.349586865565793,3.2707921519899332,16.188622427645683,0
42.0,14,81,41.2090436512983,27.917269257979406,43.41644021477953,8.972544896449445,1
68.02562091119675,15,57,70.72682363161779,7.781951740387146,7.416779831129091,5.674615386829412,0
115.00251322051236,257,60,102.90142586321383,6.445504130516298,1.8482426059427342,4.714917479723209,0
52.29202484706809,24,64,50.59021905915055,10.475028424297818,7.685489845533168,0.05683385208896574,0
191.0,1,77,182.50340814090097,27.262104541558354,42.425364112308614,30.152420646506275,1
65.16767891392085,20,67,70.78582170438622,4.7640176869083435,2.080436123686241,14.501028267252472,0
81.57409845232189,28,28,75.45209958621675,6.786904022959025,-1.4043833490479927,9.374813578398005,0
147.0,0,83,188.5780163397077,51.96345373658686,34.68987788740591,20.12839255587418,1
86.32666059062359,77,57,85.11686953288451,11.641316835892479,4.339582773770364,10.470213954971795,0
70.69084027230251,20,68,65.51606594964184,8.235905570948272,-15.985605476256861,14.581638373512408,0
54.84184350971826,25,59,46.25205756357319,3.8483405301917273,-2.1120301724316333,12.631242693415237,0
109.34668003702589,96,44,112.04736164625021,8.952964665576864,1.6199359251576873,10.011671237460723,0
141.91926416302854,236,26,132.69969022170216,11.826172213997044,-1.213715468617833,12.666796223527246,0
142.99175827152158,70,35,144.815317137564,11.646289441058169,3.1716777043275255,4.698451080992193,0
76.36124452411956,20,37,82.30966066357757,10.406311299482361,-1.4357501338675103,13.704085296691877,0
69.746485149558,19,27,78.07980144569561,7.000537003768112,-10.745813183586549,12.929558786391535,0
65.8417938591173,11,65,63.059734040849,4.190069191018818,7.150199878141348,7.281495525195705,0
135.44200512338995,155,14,138.81579511124022,7.218069991834625,1.218639115590341,14.158969626478662,0
80.34437456528312,27,68,82.52019943001851,9.130034860863727,-10.691367416032678,5.968156616437922,0
76.67188943754445,7,60,80.22539195389743,6.332150221341589,3.7559007863256015,10.724850129659519,0
117.74477450570599,279,21,114.70065869358916,10.781308897494807,-5.656804687009707,14.799119763711847,0
69.5698786937417,9,33,78.12317205669663,6.003992589699676,10.790963764389897,15.874666213140204,0
34.0,16,98,43.004736542288214,22.32016052103844,13.350444397168552,46.79413036587829,1
142.5792555713765,82,31,141.21890269230812,12.801205266344372,-0.5508399425458624,8.190938533720104,0
67.81767214445077,8,33,60.01463720928612,13.461545300658745,-5.0651920316579995,5.126315046099154,0
61.22181634849128,9,40,64.86781858013566,10.171539119765784,-0.9244444309341979,13.723455809861365,0
70.05837640041598,17,12,70.11338032369294,13.789778838689543,-18.732571025817254,6.184645980951929,0
71.3402537910919,14,43,73.59353156776517,6.759183399735067,15.101501258721523,12.78276562266879,0
141.0,10,91,147.92077565724054,39.43299059068121,50.74696841699693,38.50677449380022,1
135.81149554067824,194,53,133.84967631221767,6.871793576665644,-0.6293218629003217,14.750750151054175,0
106.5125755949694,262,24,113.20315167720781,12.75912164047705,-16.15644439181735,15.357004551868608,0
82.9202021543551,17,67,79.43794881796492,5.932873626998527,-15.866124720853936,7.69578660525058,0
131.0,91,95,113.65055000395844,18.691336953967056,43.176331613038556,36.40598869659619,1
72.21233065775822,15,21,73.6610507923284,5.029474884288648,-1.1115548069226762,18.82485927063222,0
74.9259844574083,4,64,74.55295751181453,0.2874353149006321,-3.004226078416451,8.632870901936782,0
83.55132817386098,149,40,84.83818290442025,3.7670970324411543,-18.355052075229622,20.69448928581698,0
27.0,1,87,23.815825101130436,39.72632944799808,54.231970034199065,28.91908942045981,1
68.02246024208934,1,27,68.78132932734933,8.45573281825108,10.981484937971294,8.13442017353907,0
109.16279680036496,83,13,113.46782936261475,2.9960843517567417,-10.051987083898561,14.619037100585963,0
103.93037508493538,105,13,109.54450255436176,4.475835256372733,-3.01907217311552,7.673787682852057,0
88.64586643919259,17,36,93.95644044151246,11.084756505757257,-7.451242276607096,12.914414232004493,0
61.050193818877176,16,60,57.78219739296882,7.3597972163045675,2.1615529702345135,16.203659886368378,0
159.0,15,86,159.4334964419207,14.923631439389718,52.29823462541935,46.30617539408393,1
80.22342298687552,18,33,76.50088078869673,7.991574475788517,13.981774327231353,3.1337189181859397,0
67.5932095478563,16,17,66.40889521376006,12.405941043617162,-7.242280176613207,0.5302192879709402,0
64.64837689933033,8,44,74.35876695015634,5.444086264850077,2.3696035468387047,13.579552080644048,0
151.0,28,79,155.91787347208316,40.734546092814874,25.473472732852414,47.63280677306354,1
113.70080447646889,175,52,104.86489461973115,2.775264721806936,-3.9745117549360693,6.529412981774325,0
159.50292330918185,181,39,154.37746886512753,8.892951345525042,-8.224926164700305,2.9070176849222094,0
83.08852279203785,24,50,90.90674805702831,7.084877968409135,-3.144007421671118,12.356528730938912,0
111.76771962929672,195,61,116.6202321019778,6.0542827109137,0.7993587817992067,12.492336613070325,0
67.66278921830333,7,43,74.79567835406483,3.322619525846597,-2.0769424508976404,8.578999428317056,0
118.1016066027099,100,42,122.8784893841015,11.338602106805492,-2.140141382110969,6.283855302747911,0
69.68040800556506,21,26,65.19935786167999,7.037782627440981,6.081276241396809,12.55700031793484,0
114.45061955940275,249,69,112.48856976298325,5.24172811383295,-14.654556863436367,6.697985502261831,0
133.18593462253776,225,16,128.51683173358498,6.642290546204116,-4.946720404669202,7.460781215699994,0
54.81796104453877,15,30,52.45800018142209,6.5262109170160345,2.396163355329284,4.679770363772137,0
71.88338351315898,7,36,70.9153836602256,11.141280970720484,-6.759599074868833,9.865793356795407,0
143.0,10,90,172.33168065759966,24.71995882721528,14.461244514853608,32.777264746028465,1
60.70741635178806,26,29,58.78834678853592,9.498877716130115,-4.052184508910033,17.301352552340113,0
63.121085297154146,21,53,63.089709934831035,12.22592814936241,5.3346082774451205,8.246361945271083,0
64.61582749458285,25,24,63.853906148527244,2.9377433603638483,-8.474591961125792,19.32672833230623,0
76.21780074250871,9,21,82.7687602829132,13.189656196050333,-11.816118902515425,4.1807114112008765,0
125.53107088915397,245,25,113.74439976615658,6.4551544081185686,-6.126479840469691,9.827391000843445,0
25.0,16,83,12.13068130820319,25.094852778970196,66.1190714811211,12.775879341464005,1
117.37707546484978,145,39,119.98798344441782,12.25268667171206,-1.3368890231894168,13.51096455824815,0
62.180567652154494,18,53,60.037291358081205,10.031340750958641,0.17735019322565462,8.753278744856253,0
85.42035330975729,20,36,85.30628483951767,5.199219182159306,6.645571156065136,5.235880169414344,0
67.01173905742579,25,53,60.65239440453945,9.701622295549317,15.11464319348831,4.038319128659115,0
104.83444304931405,206,28,107.42304686944941,7.22979858955984,-5.038598433971279,17.3099641543416,0
90.96083243551801,13,52,93.76126669853952,5.479323731382109,-1.6359138693314368,1.1874473385499744,0
75.71094051313922,5,50,75.95074774304696,8.995531589775547,-3.3902112915842464,1.913185249457161,0
134.90255610650496,227,12,137.85102576067865,4.97064483796977,1.4758922225235387,16.23033739433975,0
75.4409443166433,29,10,73.64476156490478,6.259564204353321,-3.9671852503677996,10.206507089324322,0
119.79444920695808,258,48,125.19427916943314,6.541845213577651,5.396511823998349,16.297643504668,0
132.8573758263493,229,50,140.48056880876308,13.941953140086861,-11.24892944847791,1.5401939015621267,0
85.41700762941993,9,49,73.76373381168543,5.3951218043709,4.2770326889794825,3.178738695084389,0
88.24680361385379,1,68,85.31850871069838,12.408011433685534,-5.752064641944197,12.176137086260049,0
133.20675291158472,85,14,126.56402952100272,13.818835725822336,10.299141189266468,15.348646451002324,0
128.0,20,87,133.69781072505256,7.682148687501918,27.294979438227713,33.73065777752385,1
106.31132210621658,296,69,106.2803136490512,9.038341360403761,8.622968446619787,15.35049242413637,0
49.43867692507055,28,66,46.12270968319376,6.4940848779059195,-2.106038642109033,8.902880370382464,0
80.85458958900338,21,38,84.80025971473677,14.719229119783595,3.680564850779504,15.422635232475441,0
85.19467843955265,29,46,87.34367588720313,5.092143691516888,6.807310633174438,10.277521154395524,0
73.81587410707826,26,14,81.08342061685339,4.746371669025785,-18.48365391084131,12.843823981248795,0
75.17767032437119,15,34,67.11653378849857,4.217348136994865,7.342895576438209,20.610780985063165,0
106.0,73,75,111.38064397790247,24.352266679389274,50.27719270361935,31.325710520193503,1
68.01663555869763,7,12,73.94348446281657,5.525900418929625,10.667907996040542,19.117457346497204,0
77.79061572694671,18,25,80.12607044691458,7.729326206299524,12.871104747305104,8.419503579744744,0
62.913131093248865,5,39,67.45079259721234,11.270732850974195,-5.352774081101707,14.019932479452512,0
114.00545721578096,276,35,106.9136285511158,2.7175735640576724,-12.205250516560758,16.31292051713591,0
58.84673914948112,12,49,63.87588225277715,6.420545531929269,-7.413737299760672,10.813365357801981,0
118.26566827563818,190,62,117.96306566410664,4.844915335700894,-12.650060567355847,10.18055087665064,0
66.32220621746583,9,34,60.507528601513656,13.317309629887708,-11.014310599657257,16.477537910587294,0
97.52147100583808,15,21,95.24930360949084,11.756005738825154,-4.502217520215206,8.671963783558896,0
57.411903285076164,25,12,57.42448086250096,8.841248268311244,0.733360792029387,8.303803519534714,0
136.0,56,76,137.29366923821863,17.478150286901563,55.53364148943279,38.89506523897655,1
86.4194500580189,7,28,83.85757885463543,4.4863514798681905,18.191528309417606,8.802038376731456,0
147.37499582773776,97,62,147.63053600212228,10.008272790023934,3.7507643333329885,12.209005638730364,0
124.43436733120643,74,22,116.85115458410247,5.32302382943466,3.216706065623521,3.5423719911589933,0
112.45664774881509,146,16,109.37724450920018,7.255591013637238,0.21320348174139594,13.42448154970857,0
79.95714447865359,4,40,83.99617677138012,7.883027190841925,0.021955117535581707,12.5095987902025,0
47.45742263880572,0,20,49.257699385112666,9.549754908710284,7.372135754677553,2.537020029347948,0
65.41148750202703,28,63,57.88497719698531,9.255944062450718,-0.5351275327578112,17.273282394146108,0
52.464537745433844,19,61,53.456504863042106,2.404192516774782,-4.170450522989456,7.089770554073515,0
118.98056420752773,199,42,121.1626075452182,3.932810773923947,-0.41127867131885615,1.8393313131906481,0
79.80003662426166,12,32,85.21650236931644,8.900881090807458,13.15053800455986,4.34678023548866,0
127.70489953306176,235,50,135.73441981575317,9.424691973147175,-16.99432844167175,12.776801020014714,0
78.2214097370064,5,58,80.98329570205311,7.145091473635436,3.535555070467026,7.770852595122323,0
144.10921779660436,251,43,142.98335723104208,6.165646198271063,8.349628122509671,4.031598370104459,0
113.31997782063736,60,44,113.67888602495599,11.424621146114557,-12.015115909330278,10.259234752397425,0
69.69413601476387,3,41,68.96974320502444,8.129122612551162,8.182731772406113,9.047769070353915,0
70.97614372374582,1,45,70.07395887064763,8.078201115729453,-2.7357812710902167,0.2385037123422844,0
42.0,12,95,64.09392698596255,26.54623166491494,43.29509420959198,17.73003428771094,1
71.18149268511942,5,27,64.62538763424385,11.595334858495058,-3.917595796226481,25.470245078104757,0
144.18293205611275,293,64,143.01908859106223,10.564101304658806,-22.121108584390154,5.1693239561074735,0
107.78424457409425,110,65,115.40225364255248,6.011132930495596,10.263916753164581,10.610404385167705,0
108.85922156629555,113,60,109.36361688936353,15.448033286522964,-5.6712857999247115,5.705698769271904,0
38.0,5,81,35.79663818708622,32.66722923493692,49.35741948814051,15.901356912164427,1
131.5096104390373,59,55,131.9339377308428,10.056858122655449,2.502925211927288,10.328688300236436,0
72.00160507407085,15,63,71.00195545847876,10.228709916300797,-16.56218835610716,10.205897584744674,0
62.91771299708896,27,47,49.38512070801465,6.587977291222589,8.247500544290599,8.967339817250304,0
144.0,2,92,173.16805785530732,22.50448387603784,32.50580298463353,27.823904092670396,1
77.47031109052392,17,39,79.57039680026577,8.552072434302088,9.496391370145243,7.658842486148188,0
70.57069591610079,24,18,72.00148033559852,4.922385435203147,-10.225055039564754,10.353139143491706,0
104.0,58,81,129.432199860571,18.053318122393982,50.87075268805031,53.223092793562614,1
174.0,10,95,159.78711608314964,23.195320872759567,47.95978823071553,26.191413895718558,1
91.0,26,92,81.28919742953477,19.54495142303388,17.511842258174525,26.364884718442248,1
64.93293231626994,2,49,59.53089566987743,4.467750484252134,-3.3895257352854076,7.554219124078919,0
109.09115705719546,164,14,108.93112922696632,7.866941358198036,9.465687223560858,11.68363742048943,0
127.67146190550729,83,32,131.40058484112228,4.924797601369172,-1.062810364249281,10.729069756668713,0
120.77791607045786,107,46,121.33602219967516,7.5529681510441975,-10.119953250088324,1.9054415151374027,0
28.0,9,98,37.72805472545506,44.770255864188044,31.152803372656656,37.78389474283616,1
125.61093132196565,266,60,124.52679607085493,7.121726243682636,4.0152018696053755,9.855916992056883,0
139.89707502478572,169,45,142.14031839504574,7.763804948996579,-17.734088435863274,16.94783169307482,0
84.84053399047437,17,37,81.77702393800115,4.972109620982339,21.558578657564084,13.176558917910345,0
120.85935531679525,241,53,117.2561569576355,9.58649390543906,1.206961706220276,9.410629677092022,0
98.83796572363562,117,59,92.19117042896531,7.146469086982334,-20.18765890009976,8.495323535149334,0
78.52326535828232,25,53,75.86943591751553,4.840081022463613,14.353335898423907,11.84515864882065,0
71.5134764842955,28,19,70.36147291326665,5.227300567195087,7.1215872889982945,15.176246673618763,0
84.13759770025585,0,17,83.58471072988165,11.054707402483093,3.959481893915789,14.51043557238996,0
79.91008709773219,0,53,80.32763984723705,8.27615727248544,-5.994548867505863,2.9907203372904876,0
66.95035551458504,1,41,64.22972885735658,7.106063999623908,-13.163808696287319,0.2120185309472884,0
70.83241044665284,29,64,60.27520896104161,9.978550784131393,9.07050712077664,17.43408731485104,0
57.314177835111124,18,35,56.369955560094276,7.5666774917648585,3.785622224582093,3.5378982781889423,0
81.8609001394536,23,63,84.743754452129,6.308214763207843,4.332241791024329,5.390322532160591,0
90.34767646578615,119,56,87.87160097576248,9.443514672737681,-7.903342669128151,4.83888308802062,0
78.55819436102749,23,22,78.24476820234781,4.944615151595654,18.899071998108735,8.001501969945426,0
121.0,79,87,121.79627466649826,25.793894275907945,6.121445272373137,36.23256513702519,1
30.0,16,89,16.733608190404485,22.866263178276967,34.63018301933248,40.59126039591317,1
132.1367149943259,263,48,132.73856382571,4.29989155486962,-0.5866720177791999,11.209468973192038,0
63.96957598935755,19,28,72.24214239368271,0.05866367583445431,-2.908881089936087,9.317217319422685,0
61.49009626902964,19,58,69.42121893008006,11.758425056358698,-3.2859076206251547,10.473475088574055,0
152.94632549173286,169,49,153.09084506907794,8.559871532262486,-19.287825588381462,12.135993088288405,0
121.48497086437196,86,25,122.33121217308528,9.877876814744706,5.333915478647305,7.784334696987508,0
84.01198569719246,13,47,82.56112041448344,6.527678922169738,0.1391701553666398,16.754973551345252,0
126.43632605416398,235,41,125.68514351669124,6.895617543334049,-16.322731474710327,16.50162805121564,0
122.0,19,90,90.07852076573514,30.755123973323442,47.18178903185964,28.68854277015418,1
121.89252201640504,241,53,120.18751092568229,2.2813379552206934,2.833512745719638,12.320323338525869,0
135.0919403873257,299,15,137.15128337628101,10.218357777845561,-16.252366370566946,18.568835226047234,0
81.72863157754787,25,34,87.71574988765991,7.859113558682495,-15.35141015274281,12.83506314282203,0
141.0,39,94,139.57313225566068,21.245155998118577,53.08868701353016,34.63255978224113,1
37.0,14,92,89.03312990777263,42.842976640034166,51.50792880386314,27.72160665336666,1
103.33760975118082,227,46,102.10718782142527,8.590481665937654,-5.200431016507525,8.051993842730345,0
75.61785762261738,20,60,81.04000550953936,8.727041835094173,-10.769088287647541,3.2363573109785335,0
101.92230735239083,12,32,103.99486394720944,11.828051673018141,-4.453645758363465,10.738931403389493,0
70.15643349282904,11,15,69.05546035778924,1.7964358206920235,3.6162667566861506,3.799698537647078,0
70.57515418428204,16,54,72.91634223276648,7.357568383731607,10.763863743071356,6.757214383556744,0
119.0,16,94,139.10733241454312,12.91204001827493,41.7006507854839,59.4581996752433,1
126.0403976653261,208,61,121.49562973092193,5.932802432803038,1.9447662354478739,12.698682522910639,0
80.99598737979406,17,10,85.57184813338718,4.989967808761739,-0.8802673940776801,1.8236705700506555,0
118.68989608635337,121,47,115.479250470843,7.670008673471986,-3.989315866898384,19.844908553995822,0
118.9629965266792,76,48,122.30618937923461,5.459487563606784,-6.147374029945948,9.81113215282745,0
133.0,80,86,133.89224877609635,31.175642977509064,45.151563075370746,33.418896663019964,1
37.0,12,80,26.19550545466447,16.809918835409057,30.62026512932876,22.515267956798905,1
158.96375104058643,123,56,160.6540856012847,9.937916488458612,-4.794538746353021,7.3131161288922755,0
66.84178901325492,12,37,64.61696592912547,9.283361796913121,0.9780018510203562,17.20083492590043,0
121.79929395389536,208,23,130.14649729773126,6.548341923851547,0.09577478211010462,9.153866197646753,0
74.50559506930092,3,24,72.62588022263965,1.692515535721565,10.759474208620905,4.94062010736907,0
65.11174802998923,3,17,71.56284960601477,7.5166115623206355,-13.000134397033309,1.6180052969612309,0
105.65345434772986,137,59,108.01548573713175,7.9809453296813935,12.498041055603373,13.092441902282378,0
93.47386810798952,196,33,101.53066707459251,9.204102517766719,4.27386278039159,10.564242047174986,0
67.53410741857599,14,34,66.82781960450448,6.868261281571938,3.1744646984739004,9.537431512821803,0
143.0208773284894,235,31,147.9014974642112,4.714220688447232,10.338634828242764,6.618699821438012,0
90.96888747872082,23,66,86.7759841813133,4.070037464804697,-3.0990539601177187,13.766067232080784,0
74.8686384281935,16,46,81.49495644383045,7.217323191539604,0.4887810823127897,6.064382248398669,0
122.72612845090607,55,43,125.89943817012576,6.575342372350982,-5.597006389725246,13.308312326923637,0
122.95938398446809,180,30,124.51592735168252,10.352382772594101,2.4847300709816214,19.323125284115395,0
159.1491341623386,137,45,168.90441343788208,6.728707975612837,-0.7971528801663477,11.52711708181348,0
122.8077212307625,113,40,129.821542783666,10.062369193634083,5.2115844069688535,2.0248389152189237,0
70.18244189219807,7,18,67.7155622547113,5.0528185666949135,6.851308048046331,9.087749985628653,0
73.48901414991334,4,65,74.08972882338009,5.893201110431207,2.1487867593853793,17.030619256552704,0
80.8914302756737,11,24,86.8501859034637,8.673771899749976,-1.3801949866139713,5.291911172081491,0
150.0,6,97,163.43682015277065,14.538893998924987,50.88185964448084,2.115516377285836,1
74.56279627291438,17,50,70.71665328055396,4.584612226537088,-15.117582292783203,11.098008409067743,0
71.86222044732808,25,34,71.289521221065,11.713448935920386,-12.755421270354937,7.003124885231136,0
109.0,67,81,129.92675818245664,36.10290700033042,21.744191864229883,44.14206967013169,1
68.42892807751082,14,33,67.20550553334016,9.237891869197627,-4.819212977074889,10.425610286489075,0
142.61747015705637,93,24,142.64895761933116,13.923957086665428,1.3683525513932018,7.364915063083465,0
131.3873274045397,232,11,130.22396786193968,4.860566172126715,3.095722390836338,16.838286657350736,0
128.99166787240344,172,67,131.4666966011742,11.224851916111781,-9.454885419750854,14.9270090845347,0
104.39843846666828,292,49,97.61113278851435,5.642268218238191,-8.879685085660292,11.442069742797432,0
77.53001671903652,14,20,83.37085872630702,9.11682383011562,-13.12188693330776,7.2609238163670256,0
71.44079551477788,1,64,73.13058315593847,8.768665508245935,3.8675191354403102,16.690127013144256,0
72.34009254861077,9,40,76.0186991037052,7.181466360979607,7.761400660542873,4.507953910187236,0
127.76296444086988,238,30,127.10786232065738,4.4603849583576825,5.003827105418122,10.311075372142659,0
65.06686233988339,6,13,67.094427936492,10.218868900232248,-0.7586159123759928,19.72024337843951,0
61.81445100534227,23,53,62.16544728761381,11.554092150255308,0.9866643740410801,6.378981276558912,0
120.05063259895742,211,38,114.98115283749473,8.257061484210077,-7.4033970084766985,11.276918778371586,0
38.0,17,91,68.95986874843828,33.20944939208534,51.646632023722205,41.97537638283126,1
80.34828501192453,22,42,77.87675700549276,6.0001141529640645,0.870266910831727,2.306013114205001,0
72.46182602190275,21,10,83.44742326743007,5.620238255958347,-3.081974480743899,2.354527165438329,0
78.36598377508666,4,11,81.23971842071418,4.134799599372419,1.6157291409387184,11.182333379655217,0
75.7137909761739,0,36,72.02676424827303,5.64011008533725,0.6110752607115708,14.87362800452864,0
78.28378380391216,22,58,71.40886900848542,11.413511990793914,9.339424592326314,13.614793781292208,0
115.5469113096389,126,22,121.42202921944309,6.4271417917183795,-7.6785120451603515,13.7470355738754,0
84.1267581292107,15,29,94.36807168785113,4.572161554403992,10.010216199691415,9.870101983089903,0
112.95546767596501,78,53,118.43541495719184,4.388644021413142,-2.428639615491158,11.592713818319782,0
73.88123191861477,25,18,70.47460281390296,10.215939185141046,-13.870296612350943,10.669275601850437,0
108.43779554078866,286,40,115.60592063989338,8.574352147872057,5.297350031579997,2.5068225142539404,0
143.1816693353728,82,58,144.0341113481745,10.422268111461783,8.229637245909577,8.593146744533398,0
78.17287154146861,14,61,73.24898361222353,9.901706106339347,1.1577583839823,7.2576768638115245,0
65.2198489588206,10,37,58.800924498397,6.8852318912018635,-3.1522803326708586,7.149584970238205,0
64.22645625359036,9,11,58.339423350038686,4.40539900669579,5.4703767014902525,14.673497107577901,0
139.95084897318074,80,52,135.51377188469658,4.130971706116833,10.029878289757876,6.175753858459485,0
64.48056338334952,20,26,69.6092005281417,8.237884859510409,7.358330592400042,4.521040504665449,0
77.24549184065431,18,50,79.25649085259657,6.446509426386842,6.203418654054844,1.5146598788932781,0
69.884330101784,23,38,66.05071839544708,14.343792858367344,-0.16042512534736816,6.437205142548606,0
129.79320557208433,254,28,130.58678355583567,10.405374902392499,2.105998991704421,9.780188612479646,0
83.46642527524394,23,60,69.88760656983123,4.132351006388298,-4.3437324884977055,7.005861445893386,0
129.96600373543575,60,33,136.09927306084785,6.225069079209435,-0.05789850759628492,8.388794230821397,0
133.0,24,82,152.72551166261474,25.659239276706952,29.477323467651715,63.71497728163929,1
109.34076720878656,244,23,117.80847296996431,9.043797074525793,-1.5580694318653208,9.880521061952171,0
71.33974555788622,20,67,75.64325733489167,2.319305908932334,0.24611558828803898,12.038158529253945,0
68.71110503329191,24,25,72.30774304243911,10.595114435392588,1.4521927407051813,12.683336240512025,0
133.0,52,88,122.27823150590612,47.263226492604005,-12.031237484737353,15.975828811136534,1
111.79286791805316,106,36,115.12190986323994,3.187253132240442,-10.55694646746666,5.387138638206478,0
68.20670080161672,13,47,62.513361109262156,6.2831088416478025,-10.568051966921361,8.808607696502085,0
70.95875845775477,9,32,74.85753593919887,10.572420494003708,-6.932956869313057,7.536252236100237,0
81.6540797443538,20,17,83.30848090542608,10.500586884826774,-15.949885140571643,11.87028284923786,0
112.42142367150257,171,31,109.72805286985462,6.870110406392733,6.926324369798314,9.462564314496422,0
74.81934303205162,6,34,77.10183320830485,13.762613449819359,0.38386176357289753,20.000762562464548,0
84.69445100526616,10,25,77.31525652570139,11.25883076084374,3.6163053684318065,7.806066118873061,0
79.68090432472229,10,22,74.41244020503419,12.50087469634434,25.12887429597407,16.853868619621903,0
59.38545166344891,11,20,55.060255531703945,2.062100568872637,5.9832820489402705,4.636284871300967,0
61.981968328069364,24,11,63.30555766863671,8.251677858038274,7.321250700037978,9.245499651387535,0
64.64696539318048,27,51,68.2543620119672,9.855890360329226,-10.530160328592794,5.958907956066818,0
112.26879201831842,253,15,112.82399277317296,8.415216302462182,-10.471952919000529,6.938195021018804,0
69.77178385813275,24,17,65.20839005465342,7.164030998362072,-3.099909306157523,8.764141938778003,0
69.0369277777728,25,59,78.23711089328117,10.695648501023651,-3.546546419082792,3.8059249093785876,0
101.45246289935099,11,57,103.71683453332545,7.201361148780525,7.4077290388178385,3.5141785181713914,0
65.72021238881217,0,15,58.751432604194264,4.647979998972434,8.981311623754678,1.7451251552027607,0
69.55719060223466,25,57,71.72867098221145,10.557405930298852,-9.83346878240333,17.260588495912803,0
103.84536680504237,239,64,109.0247901128103,5.24143260158165,11.593252827171614,10.238105099812477,0
69.45543140325059,22,14,71.40816425538385,7.515658600490398,-0.5609131526242486,16.1319497196096,0
88.8522351147974,5,18,79.9192197513089,9.639799275767228,13.030144700598258,5.7213245986598595,0
56.586881219228864,19,19,59.96493102674415,8.582165199151264,8.739376018354879,1.324731972820354,0
133.80519015527892,137,69,131.27401347926707,3.3012869605849273,0.1654440859984065,14.024824487666551,0
77.10944091225475,6,60,73.90487117028378,8.273013186628253,11.930381100732019,12.58165532549734,0
71.11601076540292,11,66,67.70408092242803,10.776254035935276,-7.846823412278404,15.750811841297656,0
64.22798095951758,13,36,68.73508486219157,10.86082075261257,-15.088733982904579,2.354969636517427,0
121.84807210176729,232,50,124.60549898196962,14.872651772236287,0.8563390566297105,9.472349739988463,0
72.63810387886468,16,43,73.59837598025489,10.6342621552361,-10.098387777773775,17.037552071111225,0
122.34565787988925,65,64,116.56345651173217,9.875685412619307,9.315806776400047,5.1767120555247175,0
59.53646104839248,0,58,63.15714670977553,4.042926395451996,-0.6966480413465201,10.363697425200392,0
132.0,96,76,136.10971846684788,33.50003482531648,33.372523605623776,11.327893307582944,1
88.10911813079912,16,69,96.8936401983501,6.214238739319244,-1.8530975683833895,5.2569006612249,0
149.0,6,89,137.39436953649724,29.381137024129806,55.7075540865889,38.04694698024674,1
103.09296754965074,161,25,103.75681460810259,5.9629402109091565,1.6184222587267036,4.778546834624002,0
111.84790339119685,158,35,109.9650702837418,7.685096877309128,4.902325932666318,9.872529357074002,0
33.0,18,77,48.71259665711999,19.073756233379964,34.90921597691249,14.761491755236218,1
140.0,15,98,156.17255946659117,35.70242114742493,52.926271050645525,15.68944312416384,1
119.48614771343988,249,38,119.07449496335386,3.1956798425663955,-5.321554947716372,14.317946779600492,0
80.93246844994432,6,67,80.58595641361588,9.337868977602719,-3.409253733740079,9.518725023558524,0
81.98670116760871,9,15,90.91298549799122,9.312536726894068,-2.7587821354479893,6.5831826959857604,0
84.18331414060242,23,53,90.35873547574431,8.455344705220082,-10.31707606268222,2.7860064942546927,0
120.48895569954499,237,25,123.98923021731576,5.711485804923516,-7.508888619780524,1.7902232602265773,0
59.473936007880084,11,13,71.02002038514263,8.800450982253379,-7.625021736483048,1.7701080829024924,0
76.65592175395199,13,14,71.03067645621542,3.169934981273011,2.620741849143661,6.115689506893039,0
73.5571247376778,15,49,73.1813069221344,10.722952164329161,-13.18270547529837,9.091526216389811,0
71.91886829779638,8,30,78.8037539255405,5.5915424812490215,-3.136441282011856,9.699485290917654,0
60.17264649403978,8,59,55.02385605021233,10.486418108998679,5.518402233802065,9.175857804127684,0
76.95595714897694,20,35,77.9564427410973,13.353803166241608,6.3980208453430425,17.49092562177033,0
80.78385626935328,19,28,78.84364318010532,8.243562413496539,-10.47826612542829,8.416985058393786,0
82.03304541475481,2,34,83.16406462473142,2.92895322870499,11.78185971618227,10.71475938276823,0
48.49544147375639,4,57,56.859782483249035,8.777400965253017,-3.8773380698675197,6.90022151343191,0
69.2106216455574,25,57,71.13497088439597,6.181566589519264,14.900760788809382,12.002322277746718,0
121.79000980608167,138,54,119.41069449039942,6.42964271049663,10.345184600170171,11.319330104514727,0
75.20365439832447,20,69,78.44294903926149,10.687646841611858,-2.9062488914338656,9.216684325077265,0
114.669423577047,198,44,105.8803100671455,7.766888436814679,0.05113972584914738,8.354621176879377,0
159.0,18,79,201.99060838098865,34.54633214174434,33.04076563951879,51.80068527397263,1
77.49792222103717,12,41,79.37592311695346,4.416990314368454,-10.931832299154266,13.533356486805145,0
137.15042295308743,67,22,138.07471622338926,2.6395663345589515,23.13326954460715,13.969732667356274,0
99.32805105066943,223,22,103.6614676093468,8.813820358402877,13.354892072869223,7.238088489466782,0
145.539670040583,180,46,144.14464364035317,8.305736257648745,10.331857851275076,7.574510303494903,0
71.85226073546444,24,24,74.80750005996944,6.39235916349655,-3.38487548634464,2.258633521142511,0
102.86576236910335,199,15,112.08269818946265,6.269324033261863,5.579403776803078,8.9220113000023,0
122.96949149960332,280,27,129.14388658653502,0.8446589039208909,-4.522069913683229,0.940053312189729,0
70.83235878693695,28,49,67.49624260250371,5.544365630624584,5.817434526428465,9.88880723082453,0
137.31885371413787,167,59,136.08342123062144,8.247058415207416,-17.347965565285868,12.837896650923973,0
64.51627703579517,29,23,71.19478401056874,6.945536704388907,5.295436517872062,8.04554289894798,0
74.92826509486693,2,15,72.67315208115579,12.602274865801903,-10.941106594318798,6.909238658590852,0
104.54598064227208,167,23,113.27445826373042,4.936520733099396,-6.788808539444214,3.535017433070747,0
84.3623512392654,2,54,84.91951290288695,7.459426431008297,13.589505230268731,7.927269428561065,0
71.04840648514384,5,65,75.73443783805227,6.7252657697514735,-4.650047599804284,12.117766980177354,0
138.12773290871004,174,35,143.68054428536638,11.627607644229146,-1.1174422178283439,12.450157881646216,0
87.1541381534821,10,32,92.88657394714728,4.590077349598285,-10.19689033088139,7.998709295264137,0
152.56789291593742,255,63,153.16445108529138,8.65211638008293,-8.488293385857482,16.307918827608678,0
114.94653018056604,180,38,116.22472505623186,8.465899524447318,-14.675130450244664,13.405928250620565,0
133.59815739901532,283,38,141.05970002964398,5.725843157348601,-2.1850331612433713,7.962937906693794,0
60.843667298947935,14,44,68.35294630490766,7.586639063981497,-4.5910871301514105,0.031076998026644986,0
98.45185898933649,265,18,95.55199099363236,5.663181077551276,-2.5207738642568747,19.377857300171698,0
57.636131808995756,6,20,58.413716538664985,5.569913974856554,7.515875233892624,7.944119503490166,0
57.2685412335347,23,35,53.942839737112635,11.881800569317141,1.4361864122996923,19.244693092809293,0
90.86210501152182,247,17,88.6940087082114,2.16144494664478,-0.05761363441055835,13.233540399980754,0
81.64810582328435,15,12,76.32395005896933,7.143532097041009,8.5223397507676,14.269988932474506,0
106.80590536254016,110,64,108.78000546460105,6.421503886819438,1.495416420435981,16.40989181188343,0
132.35028774418447,228,43,142.61255145291193,8.600403257520268,-17.36692662504328,7.566427519786253,0
113.53904302550973,73,69,116.39943113053444,7.1725405041256005,8.603461738419014,6.640677461902003,0
74.38789159026514,28,29,74.02988529319482,7.8883332904704755,5.821036349095839,10.259729429036497,0
114.68063725599758,175,53,105.44677508364057,6.299991762469683,9.307883664250072,5.353339029488632,0
126.44386954971137,253,36,124.23727452771088,10.788437186280616,2.888015569416813,11.575858519462454,0
107.51415832545835,84,48,105.51787509572854,10.720611603830855,-3.007425963770851,11.305922706398142,0
133.0,50,79,142.14426587264353,24.95546952384661,50.787154308896596,47.36537994733355,1
126.76393679318193,298,21,125.18036513748463,13.02153277930411,0.31278396480321685,11.189824459499441,0
75.2841426628677,7,14,82.51515142418522,6.722157364168665,-3.610633137986663,10.932564574644475,0
68.35558996894474,9,10,70.16340431172567,7.596612033438966,-0.8058741034402622,11.512851674678917,0
119.61598504195923,212,47,121.39372804413824,6.835674246307377,3.9730672376159535,14.275003911262708,0
84.44837649313243,1,14,79.98250348871485,5.413690448448617,-3.3254746422968924,11.849172206539945,0
77.01033343517345,1,12,71.79790906403775,11.833780487714495,-2.0882180259743635,10.674923604098442,0
78.57740981709541,13,59,75.08226412570087,6.711691110475189,-2.118397458662898,6.990027344159314,0
59.7962634692378,20,59,55.49072407888272,5.9319330433079696,-5.5077052831038795,14.31301851268721,0
125.44506427209116,90,52,116.83967666728881,6.461196194664492,3.9089047713316605,1.326798322342377,0
64.09752490367701,29,47,67.39198415163817,11.748046123298966,-6.233982595282198,8.14410449991159,0
79.14184758062929,22,30,86.42105303297505,7.8549120902464775,-1.6873523184569814,15.549009678261747,0
69.49601352629914,9,20,74.50809581965918,11.254178426524835,-8.956445808707285,6.3049156498942605,0
134.17817301917225,255,58,136.68233097419332,5.3645785959738195,5.939671308740962,6.81206228962018,0
104.83996873120167,264,54,101.87640871276962,10.077297295058301,-14.202568254722188,2.515257965543343,0
116.68586607742859,255,59,112.04515288603334,11.19551589714316,11.620933963889435,5.418395404632902,0
62.07421993271177,29,66,53.22896841401477,9.100239223676772,-3.0709979306462625,11.011402038106095,0
63.13677395004002,26,17,72.39284157504737,8.140261058143157,11.184012249626095,3.898534428977685,0
64.62002050053876,8,50,57.37014250853023,7.053016252995551,3.8055682577007945,5.9921303096066065,0
64.88333460390591,6,69,62.13455595432228,7.84225495350386,-18.06269430833638,9.512820619993883,0
79.91497435972957,3,53,79.0559220407162,7.560104677869193,18.79286846420026,14.74944534124646,0
111.39366674393436,286,25,121.3313375490512,4.247809650623845,0.9915875726826636,0.41543617764357954,0
53.07723316703908,16,18,50.33944696770706,3.9129198983435503,0.33589700160867864,17.526608630097424,0
120.7140938436062,232,28,116.98102635076161,13.058981874683727,2.371277268541178,11.415842722992572,0
78.59340995069113,1,38,79.7825576544828,9.43887595865472,-3.4584094864763286,11.158654710151962,0
55.96883744069796,27,59,49.54322994787485,4.4984472384570156,0.7408640098119562,8.578120704596696,0
72.82439752934503,5,58,65.53664003202039,11.253438749219212,-4.62024074806043,12.400730681111849,0
93.25356803041964,233,50,94.67838343164959,1.6329847306393885,6.7747212207260885,4.18651098482186,0
69.06404045586733,20,67,65.7222023322111,7.94442937909309,1.1322536980167168,19.582516033591652,0
110.52421058505492,213,21,110.11130390702299,7.117132717112794,5.055211741174296,7.231291884411084,0
71.97321912441868,9,45,70.71879822650683,8.713573802084023,3.8718412957295243,10.620793019236077,0
70.02714416990561,6,12,70.13419731192705,11.552184843225445,-18.080950638955365,9.198846082672404,0
76.85726326796946,1,26,76.45350491526312,5.8266569658651814,-15.944729535623436,10.63183885381167,0
72.14149264965758,12,18,72.50957519780107,7.587008508919147,-11.863934942638922,10.561905948983474,0
111.46684537203947,94,19,118.50994283926907,7.622761107512682,5.370161093642828,13.730119764914082,0
57.7230706469587,2,60,68.16706591166442,5.861271484979631,-0.6224934671457305,0.7687807385526639,0
86.22086704655298,8,50,82.95326079666216,9.344312706374108,-3.130890522585943,2.8143303839401,0
85.4548895620512,5,68,81.16752630392547,11.767509276427859,5.3220722139738355,7.136373265536448,0
72.92951809690369,27,40,66.6891383339546,7.081444591256692,3.4397938418128624,13.058347540492946,0
64.00504055948657,28,26,69.23133726267366,9.136388678469952,-0.6409518268994063,14.3894623258465,0
70.77565187196586,17,22,67.82121505981176,8.864687391035886,-7.38777933473467,4.205026997380025,0
70.51570581306899,14,10,71.40820181732802,9.002706461830451,1.6727195546275355,11.549989316757442,0
68.08975333134424,14,52,75.4871621406486,3.9932929408956648,-5.352475871725743,7.186015346239842,0
110.91489509860105,110,69,113.20163852240553,13.09436639930929,1.377817059691397,8.025579168285498,0
76.50812336331799,2,35,77.55655368119044,8.785581977870821,9.873358870331002,4.9291936737251625,0
58.527905199314745,4,19,64.24628389633887,11.05536037779192,-5.143939120951673,8.93658414889539,0
74.30943956388164,0,32,70.7295605292506,8.990957204727849,6.960079260512597,12.636918578462412,0
81.86300368661679,10,17,78.17035224868985,10.500168469884235,1.8127370094239859,5.284268610112489,0
78.69123991029298,22,26,76.80162310886728,5.754065892454047,2.152178154093579,11.888157347164547,0
69.56038610052597,27,48,71.212394031042,7.028183728916714,-13.537175675048978,6.8271631091744585,0
165.0,16,90,183.96016507892796,29.821248501549555,9.450435857102356,52.93913585708682,1
88.48026826508865,296,58,93.93251276904368,6.731407318499327,-7.652197377055566,13.584827386156949,0
76.72011431462882,10,31,67.87932975586266,7.097976918668952,3.7064120818738466,8.334761895122387,0
141.0,6,98,147.90126954520298,23.19346716015425,45.28632869065653,23.42923952878764,1
127.2470609302939,203,37,126.1463349953583,10.34267671389245,-5.86063622269617,15.883405054528025,0
73.71379946723542,15,59,71.04087812895816,13.289125075934251,6.201028210167701,7.73873614645548,0
82.87356825715965,8,32,79.60256683278126,11.12708138747842,-14.61542837182267,14.717834409503723,0
140.48029086895122,241,24,136.5757151334609,8.803141129483322,17.81153069870149,16.355753082434017,0
64.74867759478882,20,11,75.76763177864363,5.848188577315213,-6.3814964662455775,6.532143772049095,0
62.42544562006058,7,20,63.08477030921431,8.91905140494045,12.221912453328745,7.09420117342381,0
75.75087571733847,26,49,81.24930681753828,8.797548945524854,2.6292759853785155,13.129193287678548,0
70.78247392068226,11,34,67.3125437305374,5.854553824927592,-8.399494076394241,25.589564513160973,0
137.1856359716188,132,54,141.72856528223969,9.767400054860051,0.6201580697720688,4.999526572423535,0
63.32247935312571,27,20,61.60931863807476,11.071042547487817,-8.991062177057637,12.73853096581572,0
63.788296546957014,23,17,60.98938259768468,7.720693129669881,-0.9309007946884776,7.389604372020987,0
197.0,2,85,209.71700995195746,34.97825171393444,39.64020208319589,23.304725219631443,1
31.0,9,84,33.448046659960994,17.501598669458794,19.690713681385077,25.472844828045066,1
124.85700191408918,286,50,123.39955201912173,9.630800463783297,-2.9649146566888476,13.858493553241724,0
137.08779470026158,208,47,134.85168905294233,8.885188591197066,-5.810855317521134,10.665456803774962,0
67.17897482031076,5,59,69.90154093245297,8.341980768175079,-5.410092084907279,11.200249142459707,0
75.07518881250608,14,52,69.1837437428639,6.667252635442614,-10.89985991937235,3.9323527595459904,0
66.65686997723826,13,23,67.50223262451419,6.79787207755078,-15.945750587284918,0.25174160781224764,0
134.98387473888258,132,29,129.4802141017188,6.937085136564516,-5.317314329069819,5.3919410872413245,0
150.28087369458356,164,57,143.0232831024417,11.109819241594854,-2.458889930782799,4.25256181710759,0
65.42515062033657,2,24,68.79081072378513,0.8892425598025628,2.017338803804605,4.069653843002934,0
72.79801484058733,23,44,67.30491271469826,12.26151286181319,-0.9078451670571295,11.107792368121054,0
90.57928560927684,2,68,96.37735355140325,9.73457568516676,4.193601667275753,3.6093342990741704,0
75.89328108574605,6,59,80.4941113911994,7.645584185294883,-5.460303969126586,3.092611681094888,0
100.22037051251249,215,12,94.33730209652214,10.221468801231598,-9.946145669114312,9.230178096817752,0
75.367229815965,20,45,79.98999810383151,6.455907766051288,-15.869051783171058,12.69883215162077,0
153.46950219288948,172,32,144.4642135221258,6.371978600797934,-6.302270015265911,6.89576200874442,0
66.1066343541482,13,34,67.27773642214599,12.737101103276004,4.051720495424704,10.376942346171742,0
142.72764590165335,235,36,134.02424871921642,6.433609441322757,-12.378228409975351,3.9528877305408283,0
71.7763113812166,27,36,66.34000795984484,11.749272714643867,8.718296113633336,15.362603570886357,0
46.19628344034881,24,32,48.76402856544518,5.83575095076234,-1.1824520283769417,15.564350703842484,0
71.27896840229651,9,20,69.12559275982133,11.42887921075484,-0.17836097002983936,4.171649571840587,0
120.19717182839652,133,12,116.18328345405354,10.718267726535519,4.298932230932037,12.85406357483068,0
61.847457266537184,8,57,62.69969251860201,5.140927869582619,3.596980035427471,15.563437188077536,0
95.0631438523515,28,13,95.9893877630451,8.9062018773096,-6.7235291634518495,13.078095947559351,0
63.9491515555419,29,19,64.33103663859225,13.329556073273421,-12.863998332135722,1.8939804521452448,0
75.97208310131647,18,49,73.08026616637937,14.799468964945074,11.759582049526722,15.315237419914153,0
77.59964240275818,7,49,80.2673255992584,9.574599831586001,-2.918547245432258,6.512472311778572,0
61.87922557270229,3,67,72.35746666005454,5.165875372182777,3.2924633380291413,16.493487001584587,0
68.18903857268494,29,10,60.80536639174433,7.2793733869924395,7.448094838952835,12.465587636080025,0
121.66601209793448,274,27,112.98734241319634,8.966241138142944,18.059174064656705,10.599100118155993,0
76.54254993587213,26,61,73.81177016849452,2.6569582472537974,14.888197972017359,5.048983709870319,0
72.7264864995522,7,47,67.90060256298592,1.2625705456667031,-11.600370598805231,7.588132131701215,0
61.523575138433685,8,20,66.01397094229182,8.621741845294766,-0.9524301801617755,4.958185391257891,0
62.49309306584745,21,34,56.78338397004089,8.179715770389315,-13.000970071060198,10.4145592658602,0
42.0,16,91,22.594456377473644,39.162273154525025,33.584538121673965,75.40832832159083,1
83.82713431874403,24,48,88.92211347718373,7.619594092685422,9.36061650423705,8.642208481030828,0
70.064149232965,24,67,63.13521595093904,9.3756171624845,1.74607829673056,8.748641190635398,0
26.0,11,96,3.689009039181137,19.79252948300684,1.0291311244190808,22.699715543217437,1
34.0,0,97,22.004070056918977,26.891856910762844,9.723824485854639,32.31412233336094,1
60.26126673693971,13,18,59.41823739442117,9.690138630228772,6.184225850007186,18.033701683190802,0
68.9655946422898,6,35,66.28327565537782,8.451682130047109,8.417155069531706,1.9805793168100934,0
114.87799690707541,62,13,118.52509052813308,11.701361830878813,-9.549809954206065,10.120105138749222,0
151.0,37,85,178.12079370089603,35.030171228756,51.298426753435365,56.02647488405023,1
134.77289457706303,155,69,143.74218401914106,5.693632153872225,-8.00549326215029,10.27931567446762,0
117.13521287283042,71,56,115.25014645789646,6.0099850294630945,-11.001195136322425,11.017410017261438,0
78.44709989570198,11,14,73.55603925545554,5.908260371430739,0.8926897352844756,13.157115000577623,0
102.85645204256436,235,58,104.45426098840403,3.476462107726041,-11.496311219014322,14.45072654283112,0
82.02609567937554,22,56,82.08619423705262,10.69106776639542,8.547238224471599,7.480517778033148,0
134.9919612705109,229,63,142.59028846653695,2.013856550752691,6.853755344483696,8.556644406755343,0
130.73931354502054,256,66,133.5157230624429,11.003832281878655,12.452462708572938,16.1015660089329,0
143.39087710632674,117,10,149.5671457953013,8.805040002311108,4.5341974498976985,3.2078537744638584,0
111.57246547215513,109,10,110.60832749303148,9.45505017448048,-3.065188629806753,7.348079904727836,0
52.163659073136266,28,54,55.01991756636936,5.878433962119619,0.5974531156339122,4.994312210574252,0
142.0,5,88,158.0654952920727,34.52110772799008,15.283915713647175,20.76288522810119,1
73.53193140558078,22,25,80.44384513403048,8.192305316145395,-14.317610180421152,13.289445671809297,0
64.99347345655445,5,33,69.40671384162005,6.817018102294475,-1.2148268938119455,4.301541474763963,0
128.9725822550219,288,65,124.09491757694875,7.118136823357351,1.6055530019433986,8.205619575659334,0
71.00619669873576,11,60,72.33761535097892,2.573758953073243,10.654055763156428,10.219366799144874,0
41.0,16,92,52.02639468579183,23.339456174511316,29.692528377423187,38.38993824448399,1
69.27305417847539,27,45,66.54384124862,5.389231329448324,1.7528848002752802,10.385723929415631,0
140.43602903157614,120,47,141.71361781478302,8.013022595148568,5.937559840552836,7.394990304963995,0
112.00182819699275,254,30,111.60721865635004,9.742820762223959,16.817187699567565,17.229090194387613,0
54.059167608883946,18,57,46.97561606416038,7.49350340546144,5.004802636463797,11.589204787624519,0
120.95534178911042,186,42,121.63014707368755,8.393950499480162,4.996804145792448,23.205153893312378,0
91.21932963618025,8,12,87.93401504047169,10.34024216666438,3.067490100772912,2.7118775668971153,0
90.45473315472276,209,17,94.26810134855553,10.453573634528313,8.8094213596965,10.592186385449944,0
113.37588884799567,217,66,114.54627215185722,12.37309350593975,1.0338594562166132,7.337849125712638,0
122.05304426912679,209,32,123.99992326850109,8.6253716511571,-17.893161225765724,22.555662738450042,0
70.38814761780682,23,65,75.46207291609443,7.631661418161985,0.22448645107129958,4.081835516927516,0
54.04017265415977,29,51,48.492125814644616,2.9558693248542074,-0.06688629817165408,14.879184458119088,0
79.34220271663784,6,39,83.9889468029756,9.238233869665871,18.645194507753143,9.869932437978079,0
63.683077106800326,5,12,51.56516304264419,12.600868537198771,12.240379532493032,14.234268715899503,0
83.24806306697876,10,17,83.42335515633432,8.152903152799043,5.439518982677967,5.712618267285059,0
127.53352080527961,291,57,119.42191773881078,6.337592161369032,-6.108324696606914,10.492008334074344,0
101.77214169095544,175,64,100.11999579024547,12.5675991150245,2.9234169096787164,5.266626921328021,0
144.40071548994078,202,22,142.95809743769007,6.642094204352528,1.378688049629039,14.011311537233746,0
125.08739828415756,63,43,128.0426883854657,12.027781781527535,3.0322669768971635,16.024904912698965,0
73.75413641826411,19,26,75.4894677792655,4.890090645865465,6.002196067947802,9.463504978481053,0
103.4270581040622,255,41,104.52976523913154,6.40306320221063,9.561113438667487,10.580865420382748,0
69.63647166075641,14,39,73.48859774633962,10.030310812150866,4.149117180908536,6.876466384189483,0
86.63417447976724,27,45,88.46112840157795,7.668850458061894,0.38934434530201956,2.9784179165191524,0
121.51103175155987,273,55,123.33397427389332,4.303244014775291,6.817541987968137,22.52842658851241,0
82.02338923722019,9,42,88.4877547468751,11.795187747991196,5.480253248023828,7.362406998855002,0
68.55654095066292,26,33,65.79890395015477,8.158818404704403,10.643613372498535,9.255586019895585,0
131.79705658595844,260,66,131.4784258341947,6.733356245253224,-2.153198685915678,6.345880245097419,0
59.72797101341707,18,16,66.23119722474733,8.691486215269169,-4.016319014498082,12.854559919039108,0
63.62250047596059,29,50,61.33024047456936,8.242053085144185,-0.2636953058545439,9.697955252671443,0
82.17126792105105,6,53,91.45444820422624,7.721038150927243,-3.3089240442365453,8.266737130441474,0
103.62583208057688,93,49,100.4416998319602,2.4268404159268666,12.768387931164447,8.21630718370486,0
81.43701634399841,21,49,92.18857031065447,4.985885417879612,8.668388186622957,6.391517729922787,0
61.0343593526697,21,57,69.70364706976119,13.59669470206169,0.5199952466420459,5.659971822446756,0
71.60798807302247,4,63,73.80236806584018,8.404185379310114,3.9920210460994516,6.5439632046313605,0
176.0,18,81,179.60216369141872,30.827904511030503,29.489617025135622,43.29248601209342,1
115.8563500251289,60,51,114.11049982459824,14.517768083607107,6.635541461071733,0.7812949083443428,0
71.36704741134201,25,50,66.1837108305793,5.135377306848315,5.035369976667445,9.968448181676347,0
101.0,7,98,117.50693503083535,20.23279976493393,32.732820592067036,28.987662597413827,1
118.37561891705292,101,31,116.81486283037395,7.359046439415513,8.668342970443064,8.704939024562238,0
138.68587616404494,205,34,143.55787294055153,8.236673413289427,5.405262968692986,0.5342786384944009,0
143.51328330157398,156,68,141.10940049405096,11.599940653843834,-4.810838536567802,15.84292307597707,0
137.42538338197082,85,56,141.94751366467696,9.604215927072184,-6.359293371942281,5.032277228855361,0
82.25406570751286,26,24,86.34347554105021,9.722492625091554,-13.789483028472093,14.275008173551111,0
136.63645111018434,59,25,128.8393402735565,6.304085697583458,-3.718906457594519,13.818680612218404,0
82.72946118756458,28,24,85.00197319984366,8.210966783695499,-11.872113963393284,9.590330306989562,0
57.603018354147906,22,16,65.94681635885755,6.654143439584443,-3.150374849291932,10.33484920034548,0
111.35097334885543,248,28,107.66118056723035,11.765437365124711,-3.981380187432315,3.6593159751234374,0
79.61600982940193,14,53,77.37596235491577,5.419100473425157,-3.5638111532761543,12.241910507306297,0
70.13488490564399,21,31,77.14948645242536,4.411468506155627,-1.5680825519441535,8.043251531165119,0
96.52626113759894,193,31,103.38808086392478,9.182344923243829,-2.168401356287018,11.495007681081743,0
67.69081464272375,20,10,64.9797351254613,6.358435693592556,-0.8702490668462588,16.198392062402828,0
141.41349538732396,219,42,133.8535088217822,11.315267260506332,-4.5419857289135885,14.576591501360756,0
114.20077547083055,175,22,116.08092878880903,8.413569386809364,1.493328953962132,10.623977837479448,0
130.74611086948565,52,15,133.60038369006116,5.2862263588607785,7.462629632737582,6.521772749399019,0
127.7738789764997,128,24,127.44673756836869,9.040312708702698,6.6139544248503395,6.006068174145518,0
55.84155870091163,5,30,61.445351870607105,6.861039232725286,9.151564563113086,7.910953892078705,0
68.8587865274513,21,31,68.77189352741047,5.94384466297862,14.903967324158344,16.283068013267403,0
38.0,10,88,48.08072366777198,16.65217462389859,60.081026579222154,35.7294824360923,1
60.69388076049421,8,32,54.24629716398967,3.6900446234622626,4.408480993727462,3.972088244881223,0
57.49450226751296,1,16,52.98702673304218,9.81011951884196,-6.495373272863944,8.627438502255378,0
66.03380701203797,18,38,63.29620907500607,11.87048007129798,10.621582903453334,9.021041494299723,0
121.21848960823992,268,17,126.17126892114064,11.939992654210457,16.73095244973586,12.529093403456919,0
135.44569343302737,107,38,134.00766976212336,12.472810481605189,4.705651256320595,9.660668844634499,0
104.3865577841693,71,23,107.77867718985077,7.755367638815714,-10.220896144297262,0.0024543128761251864,0
80.75493636952676,21,37,80.34711257306587,9.764661349702095,-0.013028899664454259,14.48643971585873,0
133.01770414546942,96,47,131.12727364055274,6.216900882961381,-1.5385913045789166,7.4842737404920925,0
61.60361263924287,9,23,73.06964145531303,8.31339952949093,-1.1621407798530041,17.089210970661007,0
76.05664457199892,19,12,78.03897943014314,10.884099464149783,0.44161403036146196,7.020462795934767,0
78.45598078959546,6,17,81.97580417356663,3.5546964530792513,3.611510132267805,17.143212720072775,0
98.24755249444948,88,57,97.2423586351163,12.563044824027193,-3.994969634553236,0.8280949692390074,0
159.48579307016246,121,32,153.1526330946294,5.03104710150691,-5.492836254785606,5.771553442767388,0
80.86846898339716,83,65,82.08522308200318,7.527300327349035,4.714624376595377,1.857375166820944,0
69.52392852082154,25,41,68.45189509707775,6.198855828462992,5.943122636329392,5.348442144271674,0
86.40978970923945,23,49,88.40818577101743,5.3585108538227555,4.826570206803151,16.34870660772796,0
74.96295365503667,1,28,75.4366460342012,1.9691771972050658,0.5982147729724333,8.087112729769956,0
70.72373821349515,29,66,69.80250831922491,10.002065853364034,1.448898311115439,15.009352067705441,0
133.59652221135113,155,67,132.73554223096716,11.310308539316658,3.423051688400477,19.069835624773134,0
119.02358960834795,65,63,111.63641933943806,9.311772700761606,2.3352472909428124,5.331087234142088,0
106.49070610158043,213,42,109.78166697150252,7.314190713053101,-1.5785227292899162,4.6052601045440555,0
68.07240077915806,4,10,76.33960132328727,6.088415848221331,-0.934276206211185,12.171457306578654,0
134.86925000063968,299,19,134.19429535830324,8.517831242724903,-0.9794761789524282,6.832167351773447,0
66.23823529143253,0,13,70.35676285926026,4.218301968050305,3.6698915833717534,9.729906285157554,0
66.91572885116568,12,28,72.64525174342468,11.429445462724798,12.259998203727768,10.05073262871887,0
73.43092122410789,245,23,75.12603927590251,6.482062759722116,16.284407614275764,3.0920864208833088,0
115.70072942252679,106,41,122.87501132066113,4.122873637684422,10.855277025483204,16.692051581080907,0
135.0,0,83,139.21707437942703,14.321171284597728,66.76831716666156,26.464072500693405,1
122.31043396098706,72,69,118.2229642549131,10.444220077455812,-2.6809365423516534,13.573269902401437,0
82.8880808365036,17,69,85.03674874095404,8.057025411672054,2.706526653962789,4.328094121075464,0
113.77068129148797,293,39,114.68001256678045,8.744661758901008,-3.674887196321953,5.750778152676041,0
130.17029873200488,76,65,133.51136500418556,7.061490580845433,8.247354706935257,8.559686008243606,0
85.29363991214409,23,14,92.67133468298714,9.230454703140783,-8.304388651397284,8.359453558198794,0
69.34395439713894,20,20,67.3445632037971,5.3464907808199404,-4.164753421443622,0.5404804937318808,0
71.79450664862705,28,10,71.41925287602632,8.889292799578609,13.999223873633992,12.826466583591056,0
120.42999810552979,186,20,121.58507517841099,5.230526771576942,-4.17705135957758,0.6494972420362899,0
149.72286400624003,270,68,147.5004763402849,9.392753714369011,4.873084152428109,12.862226530775509,0
87.71133782086532,20,59,86.84885002882486,8.356299593879529,4.021493705901566,11.490149172641612,0
84.91747850732631,0,45,97.45022796058865,6.950331728205084,-0.15309185427926908,13.509704886095133,0
161.0,30,81,195.61037192188112,11.281951288721668,25.90980826520124,41.78770518872021,1
31.0,10,79,46.77027184716632,24.810723911514863,49.79962399193201,33.81813967083926,1
68.05417681763404,0,23,69.22824725161188,13.454058823883347,-12.277427855862047,23.980163541676383,0
39.0,7,88,53.040786113384414,18.877588751440822,31.89743738907135,37.406405503712115,1
65.57940837965967,15,10,70.70658303603263,12.327970306555336,7.647732209653972,16.066895662995545,0
78.86983531304534,5,53,78.30926972824493,4.051117328199243,-11.54236075025311,6.8605267650955515,0
62.06232959833932,4,15,65.44552474432176,9.08522792518238,-0.7941270270560737,6.100519871139007,0
115.91768433541142,229,18,122.0843952376654,13.662875361878013,-7.7217126140043835,11.193689626456782,0
71.18826389683208,0,15,81.64659107318248,9.691559615182982,7.677729422649088,15.162587366003903,0
61.6630794496097,8,32,61.27394059980607,14.013395191819228,-6.43980527400087,1.5847772171917605,0
115.56213239391211,126,36,117.15747401967018,0.7364031381373479,-8.276885979272926,0.26530624782012957,0
67.92798038255302,18,18,72.78190315393873,6.463253458453357,-6.10778498312234,14.702282891870984,0
30.0,0,84,48.70453344782466,31.30363909526798,5.753367817103992,60.97539482980436,1
64.15888465943762,16,58,56.551719754866085,9.597789462842195,-4.377747522127782,18.948953851542,0
61.72827041648097,8,53,63.4763802791609,6.730354100395126,3.128455261961981,7.765020339927593,0
79.78678146210554,29,15,77.8387822146966,7.367569823932246,7.498136434622643,10.428367108826604,0
123.89393470048431,211,26,126.76586645615369,6.5078914005792114,5.716398091708046,11.54527219052144,0
121.85908813796144,294,16,119.4368735132606,18.167337176694776,0.9924421316762604,11.581974595670154,0
75.5683364758586,27,15,72.20213698519389,11.418886263847284,-9.704238631664374,14.019740709862749,0
74.64948601196872,0,17,75.13592965466518,9.073018048657861,0.13918107734471957,12.365619381993191,0
72.33649958535531,10,50,74.24610793537036,6.922531437016062,-2.472544177890901,8.009114388546406,0
103.32326150808461,18,43,97.92900670144166,8.269831619746526,-3.886025357567558,14.419617506145713,0
87.96089292194242,20,36,85.23825233726893,6.60961734051869,-20.37105756935903,11.008908881634895,0
96.30951450955497,64,51,103.3380797646341,9.452662323040526,-3.0512362437713154,11.899747788363996,0
130.33367732695498,289,64,134.36992833765558,11.921161723410265,8.776427379800623,18.28321203218314,0
121.23536800403717,196,57,123.57872609768071,7.874543184809695,-3.416355172363103,4.835469450144657,0
67.95631181782315,28,29,59.032784942438155,2.112399551861129,-5.227146088426941,7.997516309869746,0
64.15827957968787,29,38,59.263394120845724,4.977315548843252,-1.7938196970254467,7.499487486315102,0
134.22974844615155,53,19,131.42051788156272,6.931614911480536,8.703234194446578,12.605155783070995,0
113.12598731209184,287,35,114.43003657165983,6.15228755153086,9.48565819645777,7.960191404653478,0
131.00660137733763,211,58,129.9441085293049,5.998496581364103,-12.266366824740228,6.734791684887563,0
73.51435697206723,28,68,70.22470223560329,3.569608653020281,0.44793487856185843,3.784399480632617,0
67.34446011312967,3,34,68.19476872565876,4.351189886505395,-6.6989796986867916,0.341677098239094,0
144.0,97,81,148.2261202809734,16.269955186966733,15.949893138221118,20.276539318106604,1
83.77052936907225,12,26,92.30286615472293,11.466641788604647,13.29998930261578,15.671561919561471,0
133.33718878224815,171,22,130.83599832324947,4.092988281496412,9.713149088488773,0.6329962604198176,0
84.41507372996966,20,34,86.90832905567058,9.014897382375343,9.18462404949097,17.346570968283114,0
123.64621549007062,67,42,113.84596557636543,5.042240102749085,4.853275661705019,2.644963772311951,0
116.5391077629574,61,44,112.77858379247473,10.714602527674256,5.806498675360567,10.905264842720282,0
76.73145453267787,28,26,73.21689734248004,10.323741493195225,1.432912090947739,5.6419890092135,0
109.34593652532138,268,46,117.69285382305961,4.384258506503125,-19.535324503398584,5.7901173546894915,0
121.38810923240433,57,60,119.42006204566137,12.409396778831864,4.781221170825997,7.070921703711326,0
101.08705608475354,54,46,106.37548976901132,6.870826985685497,-11.288538846723437,7.585435763858042,0
63.14534373868882,24,18,62.39870406085248,9.388650925904038,0.2055769660946954,8.801697562426433,0
69.11138243830216,17,62,71.31027272697627,8.569706075140493,11.307941257703265,8.250899466320337,0
128.49911749252632,86,63,137.04765763590393,11.629681880057312,3.5173577781841896,14.519457003180007,0
75.84209023611182,20,29,74.77176726188124,2.7601294368099154,6.525919914027797,15.389117766980046,0
127.29332148394,266,26,139.9352228561744,9.699483459193374,7.68627193051033,0.2527974530837547,0
63.42432425853856,15,36,63.16902093296365,7.259343810293929,17.160291366149657,14.473385712190659,0
73.00803870459774,22,23,81.28138028393127,10.210326226709501,4.163214101882861,10.782868744983682,0
73.66884190905118,6,23,76.2534176820635,10.172445856722916,-0.09268467704271709,20.934032468290233,0
103.04421570696545,201,24,100.62411759098406,10.414362330582197,-2.6244516054140803,10.552343779430679,0
127.71467877377367,53,55,131.08129015142762,7.599020800212734,12.954576610586438,12.820584632000989,0
54.28728385812927,20,49,50.811650488234754,8.5676806607336,5.537379092847045,8.46094637342004,0
138.10539770141528,95,40,146.01849292008555,8.254392901739285,-2.5205088767933255,10.330894159325515,0
60.14139452869797,12,34,48.53161244198892,13.497671130437606,6.5132140969461325,12.410333636676931,0
98.69338259772265,161,60,99.46445851308773,7.892870097426832,1.059260309142268,18.17433217717545,0
52.406113260583126,1,37,50.940680003515936,11.380405772869025,3.1514945119621416,15.086206755946394,0
124.56806097773936,76,32,120.79509313257236,2.7118790298751874,-1.0821643256341151,8.113269084600342,0
78.50379313176805,29,41,81.76206175087033,2.8177252252789593,-2.5578751788675356,10.33238214572403,0
113.69009109077373,62,33,105.98125146724975,7.771618330793275,-3.7314512988901805,7.875365822215201,0
64.80213025650778,28,43,65.65763726617116,1.4583595325255239,9.385832730347984,10.004377931203104,0
86.21385992364696,170,30,84.54325595702443,3.1832972354755693,-2.742104547122136,0.38613945681445827,0
118.3228607649634,126,49,108.99343202507048,9.462674015496093,23.36392323536489,10.883452671150883,0
61.636946717662575,6,42,56.43716909497806,4.942721125995922,-15.500764266133231,5.767008514890998,0
92.1504966327826,19,46,95.19399925575682,6.4815333137274145,2.2363957427953163,10.154345498409448,0
94.88057867084622,229,10,98.93058924194169,9.018090087698612,4.879541383474253,9.616414556474483,0
130.49869027465198,193,42,134.12033484480563,11.212621317572793,-1.0595934975188288,13.340775599052034,0
64.7983709632018,7,40,65.151856071526,8.123459379209493,-0.6039389715706929,13.792678700525489,0
117.98563602030241,233,18,120.51933448384018,7.953097101632485,0.8376796097605178,14.221544721460067,0
69.51748886138907,29,33,65.79162483736326,7.140309703005634,2.814932959790563,2.453927072516626,0
63.22644264845106,15,42,63.94287600786119,5.729658898937398,11.803633048338353,2.766214468357674,0
72.5166573570241,8,17,65.71718175725901,12.566837391967526,10.050233724129438,9.665404451659766,0
30.0,12,84,31.998399056338066,38.15633854682498,38.8990970209814,55.020576983616394,1
72.41274939343039,15,41,72.48973999898608,6.841655871864523,5.338747421802966,15.730347113251923,0
148.8650428082909,154,14,153.59133338789348,7.709800306490429,-2.102511333276009,9.30082481753096,0
60.97973318240039,20,55,69.99800724166792,12.807671572044931,2.784639069587936,7.555412883293046,0
71.02796329740221,25,32,70.20028634916383,10.383494872268932,13.69445494023604,6.772240676525107,0
77.22359055290953,2,56,67.15524269773306,2.7014307574156193,2.390482857140409,15.029455158845728,0
107.90672749786434,63,23,107.58986165970441,7.996559632773609,-5.776543943965021,11.540428303795704,0
98.67394587824472,171,26,109.41649652392817,11.352567461545984,4.164999773368905,11.538690254698897,0
119.26572275537787,126,18,117.80852605064266,10.970249491981068,5.450739405238045,0.714722808465762,0
67.15749779561739,1,48,69.69342573749825,9.707773565672602,3.9095611659798286,3.7918996917091423,0
106.43399246503695,124,52,102.35505383919408,11.946320654674883,18.180220910435466,19.111356133616216,0
128.0,65,87,129.44809332874098,33.87480051929725,37.3193198617387,45.181972291887206,1
115.70349722241421,126,42,118.12276423723483,13.426584133678833,4.486154792121337,7.005536316923173,0
86.41555742511234,10,36,75.84250561263224,6.817925773274673,-4.3292779618006145,16.2172253432485,0
105.78834004640667,211,26,104.57515221914493,12.209922754813965,0.32813042728115815,5.035648167125581,0
69.876954584234,21,32,65.19479860052728,10.711754659578634,-17.928005298982203,12.575958880100435,0
59.08177040899561,2,58,56.25229209556765,12.531760324422672,2.4067351385291182,7.666791474277179,0
103.03793693171335,106,30,105.58327888135837,9.56426506252634,0.6711501059258188,9.722158886374816,0
60.881198819530795,18,32,62.47570974297771,12.737638446522174,6.13947783322327,7.652628070325239,0
108.40749403666554,148,61,107.83751127246741,8.703079072186947,4.275012502720379,5.515591892828137,0
145.684570311564,80,40,143.0719656645158,3.646688040599784,-3.2492113325904284,5.265086171913259,0
120.03406905548275,140,43,119.84668191534796,8.213694192377044,-7.233110744811841,7.307367732157607,0
117.03238089347012,72,40,115.86577026328763,5.615583963542032,9.065483312580062,5.862456637378385,0
125.0681784166468,143,56,125.86224837498892,3.0661877949593457,-1.6760655234871764,9.13403095688744,0
67.01703353633067,28,34,67.51992376303396,6.869627036360782,23.388429300111703,7.68639656294461,0
115.07779345363244,265,54,128.24471128064064,14.606329204675298,0.6371224798108007,11.511673416164058,0
62.91497488487809,21,62,65.93551216207331,6.517395352511884,-11.855908329006366,9.74407577179786,0
88.98836849940184,284,52,88.5427683018379,7.631266080345634,-0.6024292380409868,4.49374047576444,0
63.93009294080391,9,56,72.16682196082355,11.790252619888403,-17.57749552806431,8.336777767771105,0
135.37475830197323,162,22,141.06718903468752,12.91048880343233,-2.226340201262102,4.36461031226925,0
65.79824376485244,28,53,64.84906812453514,8.997275872947696,-4.192880765015779,11.00747258922345,0
122.44791036982751,192,52,118.84719736902598,10.121052508872816,-2.263810215845996,15.263844698057927,0
57.45334589012457,11,23,58.79546866470427,10.345463632896369,5.280763684243033,10.352430461294585,0
86.71115148028447,0,48,88.15598498511898,6.487082805767328,-0.8413258726174413,4.228772946783076,0
77.24788397089378,8,64,73.15445875483779,2.6903259923282654,-7.786859355472774,15.34459207619017,0
75.10753431727719,15,14,71.55235046500142,6.485255473117316,5.2515774952837475,0.20829542106529608,0
82.93069259916797,4,35,86.80431232404594,8.340833713174842,-5.139351619045755,17.193914948716248,0
85.8432441815425,10,63,91.01756346540967,3.739413148154746,6.571635434027245,10.228082146607719,0
61.680022950703545,25,49,58.713997321106575,9.666976675571124,-9.426468881721686,1.819957104243695,0
58.00790427005525,15,26,58.84714487062068,7.884999583434569,-3.4898506395944833,10.396703813829246,0
58.09362277406082,24,43,52.147110872422374,11.814479711214458,4.59035170497207,19.99590115801506,0
117.05106819618972,116,53,110.9949772046894,5.557044803780976,8.724545174262978,1.2258547013245984,0
79.18393258347345,16,60,83.0511773166568,12.609035441658106,-0.9877416633957525,13.455496250343359,0
115.87319560220025,98,41,121.92305177721502,8.709122876412822,-1.0389466139782322,8.102252326161619,0
80.15905988984484,26,53,83.4182285506901,10.591482032467301,4.779783471174089,4.751629421216026,0
70.3378181726366,25,34,66.9287969380916,9.304738962807235,2.2395194911885747,3.9701911161627548,0
73.83368003331863,3,37,73.979354485419,4.269647594226566,-7.876061509805578,7.868487409103734,0
135.0,9,93,117.21005091993422,30.97385698434305,48.20671918527024,69.10640813765603,1
64.50453761252754,25,27,56.229207039978235,8.33701384619713,19.134987115658273,15.434578088945003,0
79.37934926262155,14,24,76.15530458065413,3.6180719009665445,0.9990983192080892,10.025715707372337,0
134.4770038585857,171,26,140.10546793867027,4.402588296955189,-7.870351341526576,14.953990441761038,0
114.95718885830786,237,38,115.91810298348206,4.358467417482386,-11.62869058616184,15.736902844569826,0
151.0655800136249,53,15,156.42768329858686,9.956004367558245,10.362534092839487,18.40410083647086,0
73.43388467342251,29,62,68.28702713251215,3.9419891424693967,-12.178873489743129,15.563441874949627,0
155.0,7,85,155.32043397650747,21.676729283396348,29.867653298743775,41.244279856592904,1
70.558494079791,28,25,69.87474886060461,7.956502506454844,12.881097633406965,14.618376066497607,0
119.70102657514133,299,35,118.1381912850347,6.432920222437655,3.0109362975928695,11.93291294585465,0
122.40619120372303,259,27,110.3347536474502,9.3212584777714,5.609651317588713,14.531381798543297,0
114.83478969494294,155,15,109.86937243075717,7.889579462080916,9.124642647763121,13.261424978240143,0
82.60692463180301,21,61,83.7943508899127,8.869648434611378,-1.4977996507905125,1.283573763941206,0
113.04567937294632,247,68,109.50962397679771,10.59472498274743,-0.1669541044976978,1.281301485250184,0
112.96238700806988,53,35,119.13362608520725,4.973773863810294,-1.026391955785583,15.771747873827529,0
68.94500536946347,5,66,68.20446047210406,6.778409546355916,-6.592472949504303,15.072931266307336,0
81.75394420665162,26,26,84.35151686456136,6.100027153886955,15.833426008910587,1.2274371105554103,0
87.20686245632646,28,61,86.43601726448603,5.156844492780802,-9.153720769286622,4.337243293668526,0
59.0506811465974,4,20,66.34510808975975,2.3292780075890116,10.787003586704374,6.012697385967881,0
67.99537470553625,20,26,68.19640081816334,10.747497189137599,-10.194742186035501,13.830548175510614,0
62.64322156276143,18,32,63.47263694560265,10.6728289219644,3.8381269050206512,17.879776513752176,0
61.64395943954606,13,68,66.04925389983323,11.814000318755296,0.9236277249829437,6.096728000720131,0
80.31183042863401,25,42,80.81883257352332,3.9112003863528146,-8.399970661574756,14.542691036635848,0
72.81642734421159,28,27,73.49444348615413,10.815414737880722,9.276551015437597,15.310217576594278,0
138.44053775373257,201,16,139.201506652738,12.15436252210487,1.0674153172276317,9.114075622858069,0
69.39485966057624,13,19,63.35665814355253,10.06699756808771,8.99674635778527,8.99812408117843,0
85.13591883483983,10,57,88.384090622495,6.3236459857138705,-14.313877840770772,1.5231333378772796,0
114.72154764565265,183,40,110.44350080276985,2.7945240853052375,4.368712080985838,11.635059125096559,0
166.0,27,96,183.75506316863547,14.034788759176188,16.481325208491924,46.8910714788035,1
81.32753095905261,8,37,89.73895143966868,4.753946644874191,-2.709352431070061,17.3322119559429,0
66.03170811884287,22,37,60.492444021060315,8.414235225252641,-15.08902963160821,10.265296564663096,0
64.85566883713017,27,59,77.71119536898514,1.190832563574359,3.002768401139385,10.421990054600341,0
112.45116210310808,70,46,117.93059697112781,7.830387422677353,8.961747983660855,24.30858181321934,0
145.83192908527454,126,17,147.01673616383476,6.63553905233464,-6.419941865693178,16.49405662423526,0
79.04404036884243,20,42,82.37316223929396,6.469906533982794,-10.942602380938354,12.947538779119643,0
168.0,63,85,181.16896788278547,37.93417839060093,22.890813599125167,37.66256007543294,1
86.47203176363598,13,64,87.91371770910493,6.7941186280385875,9.613621414605367,7.7610991833469205,0
58.64518430900109,9,63,60.011180304111306,9.32959597974719,-3.907133846536257,12.100589991259865,0
75.64454345787718,29,13,74.54580239607141,11.555058913857234,-10.162469815068444,8.273133772393246,0
113.0,17,97,105.04809699125683,2.7447724263924087,39.14131448282116,66.29659673041843,1
63.46749382282719,6,21,61.74376061481276,11.089149604455038,7.788071987491874,13.345980773608012,0
77.05589241835875,3,39,84.5014579600002,7.862416221892936,-6.650166191618487,15.47580205860116,0
99.61798071763465,285,11,103.9637651986071,9.219006504207758,14.881815963676486,10.950932717229302,0
80.77701367074778,19,48,76.60951288647028,5.479243787614163,-3.19021670264896,12.355056159127791,0
74.25157082263989,7,24,73.08581650712155,3.9713523337537815,-14.076743610935461,10.1428106683233,0
138.6961695156863,244,13,141.4098253384082,8.519046688542915,10.07988187569775,14.259497190921582,0
54.11503495019504,25,67,55.90155765987821,6.5842044026317,8.711604775738929,10.321400095477314,0
78.40576064130667,15,61,81.40250001809343,10.947407592107673,12.006770283533402,0.902734844409455,0
39.0,3,91,44.078641524884496,19.970561630596464,42.44881425621655,33.06733265873235,1
131.70302581779112,145,67,125.83201433919038,10.119112091751798,-0.6699554830552129,8.501912755446204,0
74.30714322526157,7,10,76.6934954167637,10.278472059362022,-1.825903945213053,13.382610540056229,0
99.71324167635004,77,37,96.92113982918623,4.023169173492236,-6.169643692653711,7.525532862173595,0
90.59647493603613,19,32,99.04889164209546,5.235572576336676,-17.10954284594144,9.855576362828241,0
58.176810247332696,22,14,57.5027771875215,11.703928436743652,-3.223999862651483,6.551123038683722,0
142.92047039081748,115,45,134.29794646044354,5.782001631929829,0.21062267154119055,13.667264415705423,0
66.77799151868305,1,44,77.43790976618614,14.087892066807267,-0.758025170522757,15.730852254628742,0
68.89739496997666,12,56,72.73936709266238,10.952320336446068,0.008035542519020859,7.169575080756276,0
130.5874352748714,77,29,126.15460160733183,5.6806575893492095,-2.3704960521717853,7.486705096529114,0
81.94298826687623,26,13,83.21664395377728,4.74536367117098,-2.9084963564205473,6.796838849320189,0
73.9368584673484,11,28,68.4499855578834,4.455840819798359,5.978020451005285,8.857310093341479,0
60.33411253468843,10,12,69.71170975876854,11.542641724543643,-1.6264980933204813,9.883780074824307,0
65.78679453464818,0,26,58.46961375455746,9.689741002471505,4.850401466776766,16.48319384959658,0
64.16915275165066,2,67,65.25583699006339,3.188399135607802,-4.190500836072166,19.43569479996137,0
119.98004882960515,294,47,123.11691218054226,5.696200560208857,0.3545721493342931,6.93601481769419,0
84.77625754169493,19,46,98.02426823518451,5.05312327028771,8.136172172812921,13.629083790904692,0
153.08679529016098,135,17,157.12949908177194,5.125697559013416,-3.3442615574811096,5.6379142369030975,0
66.76314467323105,3,18,70.42150630633562,6.4172169221205575,9.48970651234007,6.488566313771189,0
70.03430965783308,20,29,74.08701965256778,13.938000855151635,17.526284113685605,10.485203136222445,0
64.04029626149502,24,37,64.99974398660325,12.26113954408505,-6.578683770821792,0.517500458627504,0
63.765220055754355,8,57,62.781745707445154,4.564432796667404,10.062521040513108,9.954724948412693,0
116.88056988160193,178,14,118.54501602842063,11.207434592039714,8.901910424457858,1.3637025453054612,0
83.05338338010117,9,18,74.97629865875786,6.503583632608618,-17.122918642584395,10.73176123354788,0
76.57280404615241,4,57,83.85191565688625,10.25339254341755,4.992571320955806,4.278692843041459,0
79.08865917794415,26,20,74.77808053582162,9.531319934002981,2.83885232206222,7.461660753951467,0
117.33606007861891,211,58,120.61552076755683,3.6299556760277545,-3.372752500460825,3.429146204475815,0
109.67244738109237,217,67,111.50860887820343,12.764132468208745,-7.102064041689881,10.574345217694411,0
64.38428472907073,8,64,65.74782676552712,12.578937487058447,-6.934553028753161,10.415800416996483,0
68.36412123181572,14,15,69.4681262047784,2.2582499024109977,16.333691931318512,11.804820486166594,0
130.81810966931204,98,33,141.83465874560082,9.896454889072318,1.0073905638836411,12.533182274545014,0
123.91382485210056,149,23,125.1485632833623,3.3449488656677664,-4.113492850729577,7.977249375287368,0
134.6406107903392,151,51,141.63804292520092,7.536879395828213,-6.887292244746867,0.1039707037966835,0
81.24721805513421,21,53,78.5830367112346,5.542200607431884,7.643108569438808,4.01233844367419,0
79.80756002388104,14,11,72.66515439064716,6.26623871172408,13.173688374460745,15.595069945153526,0
74.13100190043218,16,29,75.68017558878647,10.037359637949777,21.45043720262537,10.33867075019212,0
113.4188111992756,178,51,110.55784084780838,5.6299615937567715,-5.03481679749348,6.253921914555388,0
60.1569504898088,5,26,61.14358224288319,10.091195822043161,-1.913331040552302,3.5511720911747,0
84.43869513218186,22,64,86.98122700838442,10.844885003151898,-0.6048682689989372,19.871120524224825,0
83.72697577185068,17,18,81.34688703385596,7.181350091721117,-6.715342485277742,10.551034396170621,0
132.5457081425002,108,41,135.48261743393982,8.181383034362094,0.1055775890722644,10.483807984184107,0
83.21414029096923,29,13,84.63446632629184,6.572225565393666,-15.431015862368069,7.2915176312177685,0
61.79672521201715,8,37,67.77402284256219,3.9257767214687753,-17.507479017139925,2.9205926302130685,0
129.83044681912287,197,51,124.94662035191652,9.03277303997672,-2.276839658285814,10.139613492257832,0
92.0,3,86,110.54702640576386,33.27255433478827,7.55596800123493,50.39684747099589,1
90.0,17,81,122.52114431416683,29.117520397023064,29.29925839900634,53.438391615259434,1
82.96572332880847,13,29,86.79573931444662,5.593835042365765,3.732578742056965,3.0029170014990303,0
59.83674167204901,18,19,58.7859071330895,6.567063252187984,-10.041082975787159,9.361726592409049,0
144.4600578837307,196,22,136.61751296201078,5.7597782557715735,2.893996087256497,9.561755918541834,0
66.5472627441878,12,53,65.4388953835623,7.253260647701197,-19.424944455619194,7.366503335326993,0
132.11085615980855,139,34,131.37607228262257,12.366204013178574,-4.704148152295736,9.067133734723177,0
137.77510475374524,293,61,143.08265053962447,7.039766230183615,3.9777619075469475,16.527364702853383,0
68.73352436811389,12,25,70.53465455350103,9.623963882024835,-8.005034979865925,5.724522627953975,0
115.13134890323033,94,56,125.6164084592984,9.87963580604044,2.0445824402976083,5.001402588950304,0
66.02330407244355,22,43,60.74598476532007,6.984251979395426,3.2239374970304007,17.666582008232062,0
67.37911739358744,28,31,68.0820269795072,6.740696919749479,-8.052628530614948,6.36144273015952,0
75.68733147317519,22,48,83.27139580882456,9.073515046013071,-20.347985463643788,19.935654853350528,0
71.40584818727505,12,23,69.67371565724056,3.1652979226915168,-2.101276162529342,8.318065272944319,0
73.05894453115235,10,65,75.98100943351477,9.647692389504943,21.07377634919967,5.974453800568538,0
183.0,11,85,185.77441799159735,15.244280801409637,13.723498598104989,37.34353623406077,1
78.43953978400941,20,46,78.09086483731687,7.973465089138737,-3.3980832212092933,12.115463202040369,0
42.0,19,90,62.662807220341676,24.7566396038868,20.01559948571173,57.35345918144651,1
141.0,2,83,135.70995071347804,25.91681574835243,26.403173377701428,34.25773947207797,1
72.66153374543252,5,55,74.42036443450415,9.571422089263262,0.10593098822084215,8.122152698457645,0
53.54994936067635,1,16,55.34945214906761,2.2114709313749845,-9.589633853423603,12.343514836247047,0
136.33908370396648,173,35,138.24925223254652,10.070175019426,-1.6097238231367261,12.81667751529453,0
66.33318244946975,26,29,61.079075320546146,3.2611176423344723,-4.7304115735723045,12.985362805056793,0
122.84771754318696,194,15,125.73150787415231,11.66310108657606,4.656781627748926,8.86757950575084,0
28.0,6,80,45.69941996739031,22.981708245698186,13.028749709820133,65.29693057698222,1
65.20695230634264,26,35,61.08559641975759,10.704653769724294,8.481181641621278,10.168626958810636,0
75.24412660830305,6,64,74.53112003033341,8.493373467791162,-8.021216115529707,7.60292293137868,0
129.31850284133935,50,52,126.00448630692115,5.514782444107387,9.731567867979871,4.937127845928395,0
26.0,5,96,50.787103237364455,51.428783748905715,55.18002312084654,38.17578057648528,1
74.90852800176707,27,12,77.11845803374221,6.708843570808952,3.0430515857304896,9.045793406783247,0
69.0597626175888,14,59,65.33962850503961,4.359766697541963,14.534470188632994,10.125272360198302,0
78.23866784292404,0,41,79.2285284686884,1.859146530381798,-5.264576528165373,11.783935715361046,0
69.00294406472146,29,54,67.0813179304276,6.494445231601101,12.250614418513859,11.685436463668404,0
113.02618663362333,120,12,114.03435132032405,3.589899239567222,-27.626832665502132,11.922797803191926,0
131.0811084215096,103,48,130.7342477781485,9.680444950276005,-11.94242016327864,10.501280127549437,0
83.53894134538491,21,60,79.23620848264177,6.038968838755826,-5.31505833196775,9.5663887542925,0
42.0,14,96,30.7627252558326,37.741823361700185,35.10105264714052,34.50028280170778,1
67.64843402145249,10,30,61.683134246901304,7.87973446203034,9.345741774534917,5.685473306247507,0
79.96208808452522,21,10,82.34710668150059,1.1692619057011768,1.9799823746976877,21.25227383908135,0
76.14914855716204,9,30,79.40639773722816,10.876792065708363,-5.023736465002373,12.963736422539164,0
66.50146393472583,6,24,68.78495174717631,12.682384633661561,-1.7767964096616422,13.358187231655027,0
133.41887223853846,91,41,128.18219276685556,9.884778403662231,-7.641723763970195,11.525865915644724,0
71.55348698871377,10,45,65.42547223393481,3.992642112845406,-4.433619639620632,4.931334232174192,0
117.95800493657366,255,34,111.58871503130275,9.590713131347767,0.3953810634696093,13.822165125403561,0
103.03436438556172,289,69,107.48697527378906,9.097728013744483,0.7833099008691348,5.504937223078494,0
178.0,14,87,181.02239974874726,24.1853549438501,39.232085516458085,3.067842410004733,1
125.96382559276798,236,38,127.16745864005188,10.835780233682412,1.2371196690107789,6.388331880748979,0
114.30145631511664,237,42,108.87389120174298,5.226461378753093,-11.580853538201104,15.457837696122446,0
90.38463930862474,10,15,91.00819006685502,11.365458920819059,-4.0031371166751475,16.624157660111337,0
81.5962712950716,3,35,88.40769931045166,6.394196462611433,6.900009783855754,4.803168458927598,0
73.6805980596682,23,13,62.79527282745393,8.53542999165617,11.430861662508539,2.629339339789471,0
75.37241461503208,14,45,66.37663549486977,8.15151467145886,-0.048952036701989235,12.016724838392703,0
59.55168761781843,25,35,51.92033263420737,8.097726732225686,1.7112309456118535,9.05293164509225,0
80.04773328586488,22,28,83.11309640588718,8.469372806735716,-4.794652837116442,13.497508778383448,0
125.27677203734031,176,69,125.66278462474523,7.285865524900672,5.8255308141048445,9.963908063186784,0
128.76507416753128,263,56,126.56591569586989,7.539478620052668,-10.950720742966517,15.841826378556505,0
139.33697753156167,113,43,142.61901035901153,9.498138981847388,-5.812289711724356,1.829420740814827,0
54.000698906309324,8,60,55.99831614926328,6.908593948878096,-15.079964127927934,13.246655119267283,0
81.53976659731704,19,10,83.12260130689818,3.8278678877221024,-3.9513675562590893,8.256548322278828,0
86.77145986663498,16,57,90.30666197934133,4.691708266917351,5.881795691480568,11.447753475141027,0
166.0,77,86,176.18884401758362,41.87045525869512,41.41325188790985,33.661914082654434,1
63.643987593122546,28,21,65.23478423017197,9.24094369484712,-7.588975209671735,10.365521271903717,0
62.29996032490957,8,44,55.092550016860685,7.371642303052774,-11.236514056557134,2.917511824602663,0
120.02192751287224,204,62,121.26109239724235,8.58011952147637,-2.0324495854308164,8.41015216782569,0
77.39094104255102,28,43,74.27137003332646,5.533992439655275,-3.103150599473762,11.846974305099709,0
79.44431941431748,22,59,78.12676251952563,6.567216550579204,4.768814694476842,7.054299407190143,0
66.11913173685447,8,19,65.45212744739675,4.963686874219498,-13.238853374926155,14.115852919809573,0
75.19281497805294,26,40,76.16232399662697,5.978457658294762,-5.43676613524282,2.4544754510161324,0
120.90906636460896,293,52,114.09396101702998,5.947865215226146,-1.6926544086075155,12.715397613677032,0
63.05858561194823,18,30,67.0266096282462,9.229215898307276,-7.441459755660577,6.953026217020362,0
62.21339820724907,20,56,65.04345974186522,5.62968883774849,2.0496936810214526,10.92274352066128,0
128.8108754970902,97,54,135.88181193874564,9.958471626559355,7.056910176604053,9.625051904363897,0
78.04569909530095,14,53,70.58669169267318,7.348362408681367,14.095178052845593,14.059959349431317,0
38.0,6,85,11.244799723821295,39.712976877213144,35.8210873686209,63.25586083017801,1
70.79632585674295,27,65,71.5074055318629,9.31811292463859,-5.450575429692801,11.523229561705321,0
71.96484705343603,29,61,70.02261790542435,8.473560593031369,-11.301441007792501,11.55742335168146,0
67.25302230362941,8,63,72.41861488062861,8.852973348557695,1.742655036097721,7.450707311178584,0
79.52682315286057,29,57,73.58949614416838,4.461892635102148,1.3780350912883,13.357655858645266,0
84.8123865352298,25,55,84.7280346666893,9.965634398836716,19.04036359055463,10.273323030071367,0
71.44801765712623,1,12,73.87241106478689,7.439311525514046,-13.043785949721121,16.029972582734082,0
73.42050091917568,4,64,78.6062932438988,12.1987899435582,-3.5794241940651057,11.703076256441799,0
77.05873182202917,28,50,80.27760872671884,9.6858218495304,-11.63038840597018,9.839862154206775,0
136.35778130473224,184,17,141.38238989998104,12.791773431428934,11.884095094923783,0.2068079803398888,0
137.86715059122054,286,52,140.33715892773563,5.4501001499770965,-3.0556503002266244,13.754051194258036,0
96.0,14,95,93.60687909001501,20.827535901723348,22.387577476989186,50.80830294689562,1
73.72693706525511,14,17,75.34793090301878,10.356596373494735,21.24808073017634,11.317430201151051,0
112.88551251270638,242,21,110.71980301552321,14.169757462122787,-3.766798640978271,13.280581009301354,0
62.4538189804994,4,18,65.04491373272646,7.724313123752935,-1.4013098862316549,12.063325115909109,0
66.45472488950195,18,12,63.8361595187941,13.745646903866092,4.380368720397572,14.117756429689656,0
141.94013628269073,227,24,144.63109676418037,8.617702120401038,8.417931287551339,6.776655085439346,0
101.85400940569335,216,29,97.81078362138065,11.67207739442851,-7.465399732516305,9.437661094464934,0
173.0,55,92,218.18514433574228,23.92471443247525,46.05274371068492,18.269422673295853,1
56.19249182690558,2,60,64.61539055699008,13.53169607600585,-9.882243958130196,4.389233810595013,0
136.49893271614783,292,26,138.910543964367,4.585476127546195,5.846830620535231,14.272105270880761,0
116.32799637290549,118,56,110.69047468420251,9.508397692899212,-2.8841137337911182,22.340260911149134,0
68.67654074061703,9,29,77.50419113417038,4.687581871393486,2.6948273289115003,9.586884010689223,0
87.51772497743087,6,20,94.24363693388113,4.563544052300102,1.0680813748391214,6.5833533308613434,0
82.1129544797292,11,35,85.8463787602026,6.57911097644165,-0.7531401936593026,13.748931720542462,0
116.14572882224269,260,40,118.88070348982087,5.560000340493572,-13.651580451328892,3.321730885071794,0
68.00673616620293,29,54,69.70138309020132,7.648687831732316,2.9186303115373176,12.693704628379747,0
73.17124216149851,28,24,71.24930527853391,7.382699018968484,12.844958660520945,0.40370262695489245,0
115.96625707953298,59,31,119.92615177959877,3.0338408371395067,-1.29447843079969,10.061555786756795,0
139.46660720686754,234,52,133.58469793428998,6.037339216016723,5.957906157722558,15.151583477368357,0
144.0,10,76,153.96921823926144,33.238485744446805,26.31605668353155,53.21045822257712,1
134.92816833716097,278,39,143.0330481684079,7.660758992341294,-7.708667556240331,4.225670101627084,0
116.32268723815909,267,50,112.63121948996518,11.781109103025997,-1.5345732872646454,7.1341988998534225,0
61.55190805978967,27,67,51.720125112909656,9.738327718601784,1.1815946018142152,7.580944342294517,0
67.21494619676079,19,64,72.74398271382478,7.156568821956401,-6.5488472352631195,4.506379116092663,0
65.21633786807948,16,17,62.71457340395593,10.263417553211251,-12.579925794017477,7.832876377759071,0
104.2648961614427,58,12,107.37688051405915,8.175204416308004,0.7168652794208699,4.093030083505993,0
72.05156852057858,14,45,74.81901367445663,9.257061047819171,12.576307530494171,8.34847955400235,0
129.0,60,92,126.81372389498782,25.508210233143053,28.555146242437964,29.897786132466727,1
62.99653032888236,6,21,63.647895174256156,13.094895188177755,-1.6536086145786981,12.154125541296946,0
141.0,24,98,198.62545795516445,30.032679067543146,54.40510230657313,37.13105698899602,1
86.13529805095847,5,30,85.02670558189955,8.20222425518246,0.7483636750891688,4.927891883582075,0
55.62395082543328,24,32,56.221952138768806,10.9334466490586,-16.845175534722596,15.767951716584626,0
60.629896231224706,1,29,58.00274309524166,8.121092281810347,-7.609422687789363,0.4776682645370105,0
118.3095963589192,136,60,114.15030277528935,11.922950287286428,3.3596306803897784,14.699991696028832,0
72.01655855621951,12,16,73.7766827001659,1.9923580431839003,4.764306577599479,0.14855691973918006,0
80.75290053416529,27,54,87.46301428913154,10.195694207703143,10.03614961904952,14.003509737727883,0
68.06919311932582,3,27,68.41146583246703,9.938540507325454,-9.885624878005203,3.716971713885626,0
77.21215791188725,17,42,66.79049980517324,9.891632626050356,-4.7217579034348605,3.795454672450962,0
66.93730215413075,25,47,71.73437905640496,9.783195929063222,-0.35483635274057257,11.539507855550582,0
186.0,2,98,193.6421200348354,28.79033353976672,17.656142764193817,38.98151383962107,1
104.8582951461828,275,19,105.018377234359,5.955463286115634,11.895961861328905,5.311765982966732,0
56.070016593958705,1,16,53.93037514745133,4.399538567871394,3.5222422037183136,9.370892464311773,0
81.20671608905818,7,51,81.8367031351951,6.208953216871918,-5.718857842300977,7.783739708069252,0
180.0,1,97,211.51529837607725,38.365480442142335,37.15083808320193,39.791934440951096,1
82.40063025947575,21,63,82.1297309823293,2.321094701249063,5.3193993832651145,3.0348591831078755,0
74.84008819132156,24,18,78.98998243571648,6.130186200649542,1.9777561780848698,19.897940048865514,0
110.5755226197337,156,42,109.58787959827762,11.513485544365428,8.30848446490827,9.742020566521182,0
65.0511364750562,0,21,66.32591347398518,10.688815189391875,4.3289050629909385,12.64505408271314,0
65.49167274370036,19,39,65.50090251985539,1.7476611815042347,13.797573198088868,8.562762402998223,0
124.64321869824359,239,62,120.26516817661002,10.126329934556715,9.911700008443823,12.51712902106365,0
67.85627338294816,4,65,73.88686555681957,9.827525700320724,1.3720763855587472,11.954702991404597,0
143.9243017710798,256,39,149.93458477640954,9.776120710101898,-2.833222319508163,15.202539886745521,0
70.56678931435647,24,19,66.30214770287728,11.324593689277656,4.847456754596711,8.43121527367186,0
120.45714620880943,255,67,115.97088117800315,9.430440785073815,-3.9187355360512477,9.522636778569506,0
99.94911841686104,50,19,97.67637982314382,7.344040167694892,-0.7311964600729156,9.595607510672693,0
41.0,1,92,42.82092107301484,6.859490825539652,2.647793665314296,19.853829828440176,1
90.55066278241539,110,23,92.85478710943471,7.7734700822995775,8.007461433565348,11.116511697761027,0
81.4575985341244,26,26,87.3715812506873,0.8111748289230096,-1.763713951154211,13.010187116908913,0
116.61395716332966,89,42,121.37784461246414,6.955728414854876,7.938846737454932,6.332751582683694,0
65.41796008660506,23,30,65.84799165189644,9.886673501624132,1.0898178342464324,4.499012419719933,0
58.15481980575004,3,19,54.862664115264536,11.436987203858884,6.968281882486129,8.649099948837954,0
115.23495879308021,178,18,115.78414343910059,6.153335498906798,-8.136579608223416,16.246363070917397,0
167.0,0,95,171.4592592536234,8.59201198463743,16.46204824279321,26.585739190972667,1
128.3993546382728,188,60,129.24854438924314,9.821967310629393,8.494118567219394,12.363084287393495,0
117.07157782944162,265,43,112.9258604022246,8.06499623511069,-3.4334583218212344,10.39997927621791,0
134.0,14,79,168.7290941940558,25.28514200200045,22.193444849923843,33.56914872971348,1
76.0043199385628,0,22,69.09657464416561,3.164848803143438,16.48661251122127,7.354876746806111,0
106.0,4,97,110.14140329624838,16.165356896004795,42.9122209822425,58.41429538434148,1
123.72410899367169,287,58,115.59611216037443,5.07390191816525,10.428063455478073,13.32351372666555,0
61.48670981976721,6,23,65.48503239650509,6.239232183664715,-2.5277116108215862,1.0999454377818818,0
133.42085271970706,162,63,141.53716864713806,10.751945484076327,-13.7635648818937,19.13840491474848,0
79.5180806577221,18,52,81.26984356023891,6.321012652447244,-2.4167892059159484,5.248970998185588,0
84.46812460894594,27,54,94.04422278729568,7.471074552129983,0.399981063420214,6.731709808368516,0
69.04072459791236,12,52,62.73750401796908,8.758544753692775,12.786300483872303,4.663557932986468,0
72.15738579732319,2,50,74.13093053533866,5.515936100580873,-6.062104803383006,11.39393569112183,0
85.1936877582296,9,48,77.72747282447706,8.418357398087592,6.25972817499739,13.345376272481824,0
71.30187309187032,17,56,61.129042814258725,7.385561487298743,3.8863835217956963,9.50594743650214,0
88.64621130109504,29,12,95.18595160833428,8.317220577550287,-11.11109524729003,1.9207846706992378,0
135.13495017638007,292,31,132.24378508706258,6.319507670796867,6.081548442397602,20.852381638008286,0
103.38007867964427,260,55,104.33739919078462,5.028542602257032,-13.043473010619493,4.463625725177025,0
83.63259143707748,21,40,71.02897273094345,7.592518965871993,-11.929158504159934,11.585429711161662,0
69.62099248230824,20,22,75.3100215957976,6.22696047941868,4.7129915813401135,10.842791506490176,0
78.12795181254691,9,28,76.45930999306589,2.0113640073535217,-17.866176430117417,15.768009049034259,0
122.57398159601932,168,32,123.79006970882466,8.591539231416878,-6.182195147955038,10.815992297481788,0
130.35200665083659,88,26,126.25515537544047,5.794398628539518,0.5723736562640076,20.76161956971729,0
120.76641480985838,110,57,121.64826064269458,7.853166142218135,5.762225130001279,13.52626152685865,0
132.0,36,88,116.11735598446762,21.87897908279178,56.441981959554816,53.50327569753037,1
72.0746632059372,4,45,72.30494342005622,6.639229743734553,-11.092760052457322,11.682960194510308,0
133.0,30,75,123.02942264605315,26.987269357100672,45.31177987078382,43.814686637797166,1
55.88395355524767,22,19,57.216452891636706,10.594649096590516,1.2395884866146734,10.15462410336699,0
144.50377248613586,271,34,139.29687704352824,10.391535045225007,-4.735580500541371,3.3504998951668075,0
82.065957152777,7,29,88.47663585457765,8.64360328108764,13.980439260986106,8.911909099142594,0
62.69694302145555,2,29,59.32007682743911,11.465901234565077,-11.111016077064113,11.500284127556448,0
100.45877450289004,0,60,105.95819087065738,7.717475645812103,0.3167905444171013,15.994234378083743,0
60.62917049679114,16,17,51.9867344709823,7.844740282121861,-13.643947550759153,9.831986013693973,0
65.86746185349928,0,38,64.1729191251201,6.033372392567176,3.992851535839382,8.861143618780181,0
123.32636619650084,51,47,119.14896422829054,5.7162222766025215,-0.08915142084600854,5.215317276514627,0
130.73012960538912,266,10,133.5758425051746,2.737489611349866,-1.148491686899184,13.9552824746016,0
131.90092802663335,107,28,130.09709596065164,10.720352800026287,3.246802133543192,9.650740659081785,0
74.32871307740251,13,34,77.9325735015936,10.618473053016903,-7.729253786963336,9.603057877971485,0
158.0,56,84,157.49345569944097,35.688172587353,44.02380254702447,5.108839217252587,1
135.0,14,82,146.71050832666617,39.24089096780476,15.39942845575911,33.08539895781583,1
80.30209388039722,2,16,82.13773547566403,6.5368159428822175,0.24259097479977326,11.58637470132045,0
72.76468715540294,19,43,73.64853451533837,8.430217883213913,4.602853796161005,14.803066162517426,0
62.536220126421824,15,57,63.43436312369685,3.4812758431210744,3.1828160621545543,15.083148374431545,0
136.30138465539846,82,30,139.65768298578524,6.96574394696393,-13.734860182842954,9.026793177095037,0
141.0,51,79,134.51009619064618,26.69658193331433,66.04917381059158,13.588964297592934,1
68.27136034198033,5,14,60.89389928688979,6.872836980869714,-1.8122223485072337,12.630023352153842,0
108.35739893615698,120,43,105.33093108040364,9.476497488152937,-1.1775316430383804,17.08936109736539,0
67.32800485126195,28,18,64.1369653188928,9.850581305240265,8.44674328440096,0.19930527800846853,0
60.39917037730898,0,32,71.33188290318793,5.8944873449286845,-10.877636410646485,8.535365299699286,0
119.33737891499965,246,20,127.11306581935997,8.458113988570673,-1.934245570777974,23.534606125975927,0
149.0,12,78,131.64102193058082,28.202449221578807,27.64580956950772,47.68083172271935,1
131.58480572660218,181,56,124.30571430084922,11.106556410382952,-3.5565918882966,3.1547933034784856,0
127.6691361237114,68,15,129.81934530651066,7.752832137343567,1.046229455838189,1.1614085520788073,0
164.0,0,93,168.5149403651322,16.780433706456,3.1725898419080387,32.670814673827124,1
54.380437818821605,20,52,57.08168772062037,10.269031995445228,10.416924299067526,10.64355899675547,0
109.6358879768416,264,11,112.32821316073026,4.564707358418923,11.494072964302344,8.969771673119633,0
145.0,9,80,169.40483328598543,40.24756663818462,45.94463663589943,33.59810216387222,1
68.94446672370701,14,14,62.31458810232023,11.86811264632414,5.445986741975593,13.04619706079933,0
113.1849210042653,206,48,111.16774247408613,5.159527837956125,5.395596731329469,6.857570702508769,0
80.28337467781792,12,65,81.25612971465985,1.401224126582438,2.594200367596345,22.614241148165213,0
67.25958859562276,7,36,73.29205168797901,9.239162095358415,19.72680943067085,12.670594059692785,0
81.9212703875706,25,11,80.03244052060865,7.273281962962797,-0.43576733678169327,9.8754865681859,0
121.66334218331652,232,19,119.59105167446488,6.174241741980737,-1.348053047478947,10.997439711387067,0
75.8242656173511,7,69,81.87548311988549,7.192950360755532,-4.726536789886439,13.275203068908947,0
153.0,12,89,162.3978193364846,38.36984579426239,23.754432724671517,22.31030527605258,1
137.37848239233483,108,42,144.16212484589545,9.356869977712755,3.588647034014778,17.78839635911121,0
147.41967373733354,104,33,145.63744113321277,5.7336178393968416,-17.494634970171752,9.12235968701476,0
28.0,17,89,34.26850541868529,18.59350005551007,74.70538409531082,36.44313562290462,1
91.67132180141547,29,32,84.14996851166987,15.417751740162746,-12.466032297832628,7.308179547789931,0
120.0,28,99,140.02948749497318,28.65062920920333,31.223871230637275,38.26098477132183,1
87.37931918412554,3,68,92.46762651834305,8.814485932476945,4.411810201916186,11.702946082002484,0
74.57356726604452,7,48,75.67901411783804,13.921728426923437,-5.11121047988957,13.048644890726948,0
79.11429451528964,26,33,76.9793854692374,6.94819440840516,-10.58157056851581,15.188193027176428,0
127.0,6,78,127.9060764491548,33.19593909804575,26.16397325219367,52.09779114078601,1
94.125218488031,228,29,82.00389413454457,6.269756523593367,-10.867018148032331,21.28953849400992,0
70.47280762941723,11,45,65.97466398723968,7.669388748760875,6.9348218330557385,13.295075596972204,0
86.08910757482926,6,34,80.05598219034322,7.936627249582673,-4.877214605657421,8.668526432130285,0
124.9998821118678,87,58,136.64361479340374,10.839689081990137,3.816516435589718,7.819815842648824,0
70.71520657187217,10,49,65.41526852959248,1.010970757373812,-4.823197157781995,6.546707527192007,0
67.49691006515236,10,31,69.96793269712504,10.754374510919911,0.08135686694507818,9.925405470965423,0
67.45657080816586,10,67,69.2821536509819,8.370675532279721,4.973633377853719,13.486103925101842,0
110.90244917676391,197,34,113.18197015261742,5.580911908591096,-10.764667200839728,18.490464531668664,0
69.47469159638534,20,18,65.14252668396577,11.874603615904947,19.289594130028267,8.917353365963116,0
121.94653641318966,101,33,120.20164517537312,11.304011109831638,-8.142660622076702,9.293120061861945,0
80.19012594162052,21,59,76.31347810007608,7.014041936141997,10.583844563342533,8.07803404516575,0
118.71967978546958,51,12,119.32381835268616,10.360229224455935,-2.659535722206949,16.002199377753627,0
120.0,3,80,144.5546726280923,42.18880439917896,12.373144351735665,48.42861615946437,1
150.86574120452374,257,28,145.26686095887746,11.207611787122772,-8.204725221096904,11.848704013201818,0
100.73377459567364,124,68,102.29635042665144,6.589324000743775,-2.2795927415726345,6.133383272791475,0
111.28888322574794,112,48,117.2002442408358,8.143418280150371,-8.627182788296077,12.359121863426818,0
73.50576520645626,18,21,69.54088347290289,13.737664068295823,-2.1922098459582235,11.247171521070271,0
65.84029546914405,11,34,68.30198356362173,4.832374094127846,11.534985327642358,9.968894283035645,0
87.16946789708645,4,60,93.92514746339259,7.096891669637288,-23.43161091760878,9.395190948066388,0
60.11763913489999,28,54,54.202324102806635,8.314815078589945,-4.304424640451624,5.726810042429475,0
78.8824095082534,14,19,74.12818283595806,7.0302132218375295,5.475944197575169,3.6999605117387224,0
178.0,12,99,205.74598068023778,27.271813079645945,51.094193436048144,23.5882794869459,1
74.14450833971641,22,25,77.8160317175239,6.052006064238817,0.6649797252534401,7.664482966046119,0
75.72792276778311,26,51,70.85016544972625,8.7815948436247,-3.607160631414276,12.608220915788449,0
117.56498720960678,63,23,118.41331031461665,8.066670391101775,-3.7283841600777237,13.72324474558158,0
117.1290977609418,232,47,112.70025289775195,9.259476138409495,13.147464272346532,13.175889787677484,0
103.66172252340456,118,35,101.37466497452844,2.5984545630366966,-2.149707568564883,11.395312543426463,0
151.0,4,81,146.29357430621357,26.781572014383148,70.99055522934543,32.453511102437815,1
136.66717822806694,128,21,131.24919550470426,11.115158111478898,16.846850754906615,13.820791499659471,0
120.35897721698755,106,45,124.71854716104951,9.7126715320795,9.084525121444791,14.770008817466012,0
129.2763457607515,54,11,129.03159001995124,5.211751779621966,-3.5102390943582242,15.968335985961863,0
126.2764189572997,280,17,125.44807348865145,8.093301974339875,4.704676797956024,1.8167626908937091,0
156.0,32,90,189.17546823173444,25.958813204466093,-3.129826710721801,48.51577952981004,1
60.791776344796126,28,42,60.35006304975065,10.764048808959489,11.28454404004127,16.072395669536732,0
68.90190212838003,27,67,70.74792284083554,9.641478059497473,-10.042159810157658,7.192371700841583,0
135.13108029283467,186,48,131.0730276911367,4.66458774286489,5.776459114949909,16.482348735051286,0
77.11367931362481,21,15,69.17866435513403,10.81104181045845,-8.73504457388051,18.817596664088498,0
67.36157340344224,13,40,67.90825761722164,5.365634889183642,-7.879569000936259,9.430876138462615,0
72.26185149185798,23,38,72.6182877946053,7.081863604806747,-3.036480599433271,6.164643243405643,0
68.81236311133748,21,34,75.3104057343815,8.263056179187734,8.140515613576502,11.039631724983339,0
71.6749610694231,21,58,62.77776644230595,6.400987754520997,-6.130820874120128,9.6060579995985,0
80.84990467186665,25,43,78.52725592864181,7.914735627202799,-13.731395567551774,4.785193031985743,0
78.06165090611456,15,66,80.28492683444937,5.0139339082279495,7.125904670199123,1.411031881191839,0
76.60054341446444,19,38,77.73307017504088,11.121292677934516,-15.640390162546263,8.15530280484269,0
196.0,12,95,228.87137458593267,20.73596593448783,45.30198767688522,59.66202925075788,1
72.74846490491394,17,11,78.84548332825185,7.537912254648501,-0.915172415544793,17.299439054570374,0
152.0,77,93,147.94884505680707,5.273019024749665,62.88640701657224,37.909240154755906,1
101.19775551832637,72,52,106.63005992609371,11.512778594329745,6.212795721248053,0.14034392890932423,0
60.58403693122936,23,15,63.61988177220464,8.741198163372307,-7.666297624089554,2.0370030317796566,0
125.81147807376391,150,57,132.68547264657974,4.7096424876519585,6.292832868928617,7.288811409860852,0
123.14245293948538,65,17,118.76464399932557,7.295454999232078,-7.897833661383401,7.544182356252714,0
124.90979614091833,260,44,127.45821534464942,9.823674527649606,9.262107349896972,13.768868191646098,0
119.19508728657335,179,48,122.62310502766529,13.389217565478937,0.13292323736357417,4.370425464559786,0
73.86596741726943,16,27,72.18293956710392,9.527488040230017,-6.084630986313007,17.909405623791265,0
156.61832583707871,116,16,158.80395973573397,5.621205350180359,19.68796980674065,13.703781892515536,0
77.0913947567154,6,47,79.83024363681334,4.646726155051064,7.693727684105762,12.533110849758735,0
76.18759960127497,17,52,77.29051728996177,8.230288850992165,-11.075385234867491,10.918996864967148,0
74.06646438098339,22,25,77.75891854401509,10.502685219798648,13.14952396201791,12.208879982943657,0
121.73423665279809,83,59,121.80755648669641,2.3178121668098743,2.476918431717112,11.925619869541432,0
127.61065324145132,217,27,128.9533148360949,4.456831173110702,-14.321218929573474,16.321472935576715,0
103.42790611729563,155,58,101.92048988635811,8.007402987716114,-6.875565750682869,4.198123746942306,0
139.14751505801524,61,65,130.86866475575349,9.976957975335763,-11.366284467857858,12.85012725023512,0
48.5159437119408,6,26,42.737237343935846,9.236761922104053,3.0132527368582314,15.771781430762127,0
66.75185491104855,23,26,61.2665057170753,7.083502843758523,10.89923789551087,1.3021651236900933,0
79.65113867396954,26,40,83.31722634170742,6.420357779084106,2.248282450773279,5.267572712004823,0
68.14535942778835,23,37,69.31581623507718,7.221648450172011,22.80621939095794,6.370010481273864,0
123.2366740945018,55,24,125.26143833501723,10.557542498046566,5.864179708799602,20.550539602511076,0
70.33731106279622,10,40,71.76045702115998,11.032877619257095,-4.606734973591524,11.702312232418281,0
84.07425749156648,12,51,82.29154534835256,4.659381316555023,-1.5423698493890334,15.64186729969612,0
124.62546468947829,280,44,130.43150304826844,6.690301845711002,10.106276018949634,1.6807981336152231,0
97.56610844246836,105,32,97.21358181781352,8.076754289916382,11.838732875041508,8.800196381933445,0
106.35518477969028,235,62,99.77225785017515,7.810386396643287,-5.054916838517377,14.222199741264436,0
66.18932699939977,26,39,51.71840171154185,11.57830700494129,14.357511577300395,6.938000701971437,0
33.0,5,97,36.8159402081251,32.004479382558344,44.24472517069846,1.6543522889457165,1
133.96514196491782,138,57,132.29260443313407,8.61857294608798,-4.834708555573118,8.366480025110874,0
65.69444733805345,7,47,70.76860172509214,8.131619627048886,-20.573420597395618,7.715359535682161,0
69.87327143310482,3,61,83.41965467546,7.32314488541406,4.560015530343227,21.985517994336835,0
113.12402455180809,282,16,115.66208366652432,11.301178676836187,-11.399769374523297,5.1277372619485195,0
54.77445172119718,8,62,57.98645383393275,2.975250806245336,-3.6400699657691056,15.434090150344453,0
135.57425243078384,155,65,143.7015216396452,9.276370509654182,4.957055703527078,10.356427847632542,0
67.00991735570211,2,16,58.2067351390146,12.748640135970867,3.00145849960868,7.449374753181111,0
143.61736950697792,188,37,150.924229444516,7.576579041668492,4.113061599944953,5.9190791406194245,0
80.8303617172555,5,67,83.60144040765356,5.039241850303006,-7.209218741072701,12.558215317347875,0
69.89154657274193,27,65,74.79294152828882,6.440579515544707,-5.925503701827473,8.730263757621534,0
86.79461433469766,8,44,85.14519490889674,8.851963459137636,-13.240135152578034,9.566277763773341,0
77.89491544718095,26,37,80.60869138443213,7.726582272126164,-0.7154124646807329,1.900939967668636,0
65.30329540262936,5,36,67.98656143401602,5.04974062297707,-9.818910512226017,11.435154295132277,0
137.17502217782976,235,62,135.44413992985872,5.643753116199076,-7.069339004790947,6.804739738447876,0
73.59689642353072,20,25,72.9477116704657,10.760707123095305,-0.4014993906213543,17.413429653288084,0
105.34997301200936,127,49,106.0725527043228,9.093533406612002,-4.610406613647425,3.70628621437874,0
121.0,38,99,100.79782217167964,35.08226256376533,45.42356311090795,62.02063491813687,1
108.39558108237284,136,52,104.00639798035276,7.662610130047543,1.5894229369564252,6.925926633394454,0
35.0,1,82,61.466124319397835,28.079133473458498,69.69844888557101,14.05268659716463,1
50.386389073746415,4,26,50.955876933738814,8.01074780549835,-1.5573095601974396,16.362141914082976,0
105.71347153814399,238,53,109.96156887539752,6.66842494865199,-4.78208266221143,10.844998301555767,0
79.06405624433849,1,26,72.6846781653078,5.882994992822359,-6.488858641990402,12.645349175863702,0
117.38028081477557,182,64,124.18112146891563,10.07076778736841,-19.96565907025972,3.4966117471614986,0
82.04960502600271,22,33,75.55864495073759,10.43696357343794,-3.249298107868506,8.417394929981578,0
73.84954802180434,24,45,72.16858669985693,9.80146112828784,-15.801106125307104,5.7749807487613944,0
64.96379937073554,8,13,60.763248977818854,8.494093482311422,-2.900280200794899,12.919001880781453,0
74.34769367692667,9,30,74.28810525123858,4.3270993572665635,5.384749793594265,10.30625373577182,0
64.98046700682413,14,32,62.392910638095735,0.34839131323291994,-4.208607260133351,2.1831273455024336,0
140.01668461296202,100,26,139.94309331978735,10.38921628908898,-2.2510808524086916,1.6765340190249614,0
78.98083464917669,28,17,65.20822650718482,6.538998332327686,2.4311020742866054,16.396763381830446,0
112.04248278584208,176,65,109.16339158261869,15.12242523020179,-2.48579411693755,6.867379086557281,0
37.0,19,84,19.168236481650233,20.58070890105302,47.40834967249033,30.378398429075208,1
88.26492292964384,28,14,94.61516941171887,6.805645139804529,6.335090665825907,14.336486824129498,0
88.46792108755312,12,59,87.57708063607026,7.340840735398126,-6.7902840024881685,10.907478837503472,0
145.21388434512997,272,28,146.25687734009097,10.904869999437144,-0.8707352369931386,4.666416868190655,0
146.0,13,99,153.5485829555036,26.563093487472347,3.295972796588167,28.720144124654798,1
115.94760011426004,232,57,118.91723378637326,5.526457515416979,-4.868717785917603,7.355111459679923,0
69.37539251296334,12,37,73.25201126998117,3.8516645268872667,-6.100352508316636,10.264587997430674,0
84.70941193577328,12,17,82.10426555161379,12.195596734034206,17.796274710169683,10.44898043494972,0
129.50455607974024,138,20,120.29535820686884,6.393781223765088,-12.562793052358444,7.898589626350564,0
135.5226765508361,80,22,139.80112463472707,13.87510942035311,-7.781746250845119,8.304617948519944,0
71.95300595559827,22,35,69.16660033507787,4.8078972943967075,2.4565161325619456,9.34298546988881,0
142.98409110450987,135,18,145.9290554752403,6.81815228284373,-9.072057874202308,8.866505721785497,0
117.32126595728661,191,19,124.33231390480296,9.284763192550589,1.0443383394268675,11.074323547319326,0
97.23301360199402,143,36,99.71593455617206,11.462408709584071,-12.204943426385997,9.951506689086958,0
132.11764421592576,186,28,144.3919343161405,9.654547606940232,-5.82908457248861,2.7639326955187027,0
74.76569152594928,5,14,71.51212383922383,7.6914675105917905,-0.2143547730853083,13.342340647645553,0
74.03395310050256,27,51,82.69357651211455,1.6489758433809545,3.0094204102698767,16.708747418757987,0
122.85505477447751,120,68,126.37996133114112,9.082770132773407,-11.735743081436208,14.463147357530811,0
70.96391705794393,19,10,69.72079268511673,9.490006379541917,7.272577943083818,14.473737749824267,0
63.613725213367886,4,68,60.91307225082801,4.94358440722786,-6.517485225901361,7.723287884273438,0
149.10234947752593,196,50,152.81379201541745,6.3143460462125445,3.801613023576784,9.374597340149917,0
72.01325688734407,16,60,69.06659573020725,6.624084091696746,6.8536198419404455,18.386885439027445,0
77.14279532668482,25,57,74.54845948691971,6.060414561570456,6.774168872065955,10.094995411299355,0
78.76901237694358,9,14,75.36868422066864,10.505709641083538,-11.613610349205958,4.580900815943728,0
37.0,4,78,36.776728978197106,17.05663545431007,56.46297375538229,41.693434267473926,1
66.24361631797743,29,18,57.263967826457204,8.444689661567102,4.429197312176689,14.465994235899101,0
67.89185712045415,3,46,66.35168569952545,10.338981596808019,10.482469968956867,16.97841905394978,0
66.29394276734206,2,36,60.480830491844735,11.011822390950933,12.681509900387338,3.7648078428643004,0
89.07465912503643,15,66,101.65593121917017,4.472818814892643,1.1677080673415363,12.9459107518513,0
63.689521516889016,4,20,70.46699918126406,11.58244444403938,12.218465793556783,7.589378578392653,0
60.760241401032445,25,37,58.14555695409512,6.934824253605203,5.351889518812395,7.635085080565257,0
29.0,19,99,18.28413806799262,31.52658763766844,30.58494009535346,11.064672202735949,1
155.62375975280742,117,64,148.7805088242242,9.875701605401217,5.413737978802605,10.115428303477692,0
59.7699383106373,24,51,61.170558322735474,2.1359570132037398,-5.7999027132543945,8.362115434754424,0
131.5332943685868,137,41,127.25891215184312,7.374184507365404,-3.6443929512670787,6.426608492387675,0
76.57824021250666,26,53,67.127216929262,10.445904267980612,7.422050038780229,15.710008190411745,0
67.9770424129611,18,38,63.82936599065869,10.973666548530694,-16.657455809344263,11.391480230443754,0
85.63060789673902,124,44,80.08812244275511,7.613677235647265,-11.282116225391974,8.06603331071337,0
73.69481047420614,21,12,62.409983551822656,9.912740413345436,1.1941240831463829,17.976140229517238,0
134.97126258905482,291,49,135.18728283248234,9.164065415895891,-6.333794191112764,16.977707900390254,0
70.06316339955619,4,33,82.37823184343131,9.080594408999648,-14.557909119297399,15.3451114459853,0
152.0,4,80,177.51364939844282,38.63334018774063,20.23688248301781,78.04592938109457,1
55.61754340905466,17,52,54.319559800008314,9.463146278596046,3.501245031266003,8.496779801320173,0
86.70333078822225,262,46,79.70492326455881,11.64937933369735,-19.140865185578104,9.769692979377673,0
78.344825559499,3,34,82.00583725052599,8.512350465466769,-1.7669900250431843,18.217536527022382,0
66.153822693428,25,17,61.47129081948002,5.996661330593342,2.3375418266109853,9.063354907968126,0
110.16304032795311,122,20,100.4559499935199,3.1714936283248134,7.275673379980506,6.68126776700528,0
76.60271624982303,23,21,77.57692795117373,8.662425523664274,-8.08177921689484,7.493769308832606,0
71.2067124085795,1,47,74.95919241246189,6.851818282007682,9.005380293472061,2.331329491649093,0
135.49462587129847,283,33,131.48847572492988,2.3521089988335797,-0.8588624058795581,13.852980751913627,0
80.2585266982771,5,46,77.83374897388902,3.091094644701622,11.957848058154433,3.2039936566833846,0
58.905777003986756,27,35,65.44814784998758,4.211464250694904,-1.4269993568661825,5.592293639630835,0
59.26414451403401,3,15,62.012560445485306,13.404290297799463,-10.41270386242665,0.7349075855121541,0
113.94630062634394,53,47,109.53862400368325,6.464689348467967,9.034317689448516,2.4735540749710445,0
62.973003357774665,28,67,67.70764569955995,5.29798585246256,-7.713600571385958,15.40028029569655,0
114.87462962921019,183,36,110.65927768515596,8.424973709363845,-7.626403763475473,10.787346211672682,0
127.09822813511383,182,53,132.60920472896981,8.855952611802467,5.962452732434857,7.380804958546946,0
51.31624284568968,22,22,51.763219240347745,8.656294210354313,10.377993601488429,1.1728565123714656,0
74.8758029935647,3,61,82.27954142718872,5.205877094570816,-3.810828915830078,3.686785574797237,0
76.6993888005286,28,15,76.84896592618506,7.104431252581458,-3.9530712676451354,6.118063140532913,0
71.93263843885897,20,12,67.86979560199461,4.7648593899820755,-2.7598641324503093,13.29816774219296,0
70.26378054715357,7,63,68.60953990428446,8.007983474379655,9.851047489435459,1.6479143034929944,0
132.80587008385916,150,34,133.98749959749804,5.438180874836922,-7.38820313414984,8.206953402712289,0
71.81343206222374,16,34,82.31541011700209,0.6273202828848259,-0.9456675645675686,9.964143945093365,0
68.8593670987339,27,23,70.77764778159438,8.497423853292714,-4.8660892687089135,14.026773397402362,0
126.25943596368758,282,31,123.77275159680856,6.707482223477392,10.849012796769765,12.671401824750639,0
150.0,39,94,148.1214388622749,40.92625275170018,43.13541209476112,52.85181955549395,1
115.98806809178375,236,23,115.96350906170596,6.495647359503238,-2.1214481566568137,13.141018740030368,0
73.5165527190158,28,60,70.6958301749299,9.154295065313066,-8.909532120706173,18.724981338639672,0
166.0,15,91,182.07978986816758,47.80215600250844,36.74115846805659,36.354487733255766,1
108.66744998100368,208,69,107.27190760650521,11.083113219817069,-6.311526150072562,7.645855117430868,0
68.04283889124856,24,66,70.06659318623036,11.103174866898685,-5.320124904874308,2.69304968032123,0
112.18601459577324,138,21,114.0619646804847,8.232091190852291,7.114107398071806,22.73027267971396,0
113.67806553956703,249,20,117.24096277261734,1.8416527004884244,-5.799354743132815,7.198234219700784,0
76.31022958010894,19,33,74.42329699279789,12.034562093542084,-5.863408304868281,6.2988387372564585,0
104.94849283862656,116,14,100.1043722684516,11.953093045917146,-6.381931987651887,16.36770365273487,0
133.04477093591345,94,41,135.83287595342753,7.628991285251888,4.9284454290494075,8.143018096475618,0
114.82503630548908,95,23,120.19575058981742,9.753491301553762,3.502179980428811,12.970325028628313,0
63.28883214771228,27,39,61.2992692796221,4.298490241237414,2.2086320443852365,15.946956893064648,0
176.0,2,82,188.71168527201706,21.945150239233584,87.10321102186596,44.067343402616395,1
65.73458885589382,10,51,61.67344637193646,9.652938962910536,1.5519306315926815,4.020350206013212,0
131.08215721331254,261,54,134.1589946333778,10.665988260652881,-4.214043461239924,13.296902930934758,0
125.34543697490045,178,64,121.46721873395734,6.665069469795604,1.8412787664953922,9.723805276133909,0
118.25610413810129,82,69,116.43769777771183,6.647569130266465,0.32910831009838276,22.47449039796822,0
97.88425696022777,256,47,110.45247430127229,11.572657798599558,0.010826419725135025,5.857959463806159,0
73.60551938312277,18,31,75.4506929282802,10.988499063195933,1.1261887966533342,13.39796993515911,0
77.54157622745451,28,15,74.49507925492262,11.948765648765457,-0.23954757646199626,2.7626679136302545,0
117.0,19,85,125.60785901494194,33.9720723856522,39.30436401261015,21.834754605321294,1
100.4359893843141,210,51,96.97833880327973,7.368735301673238,-8.876828646210901,7.5860107871790685,0
120.28274434417271,167,18,125.04842751373894,8.861372495605472,-4.899498997123503,11.807517626030508,0
90.1690568485383,18,55,82.01898583823883,8.911256930442168,0.7285950709458224,12.186427447874227,0
72.81309572357051,19,61,71.10693961845341,7.808750234962466,7.384698339601036,12.25385208593133,0
42.0,5,80,59.627567682480176,28.414676498338867,28.013889692445996,39.10890961394425,1
82.09084941013263,12,21,89.13598653345842,7.16933193269359,-5.373766314064619,3.7291950650219805,0
70.52277954916924,9,47,77.21181182630316,5.1089298294445005,-8.529066171786484,10.306061856973775,0
74.91795835290446,0,52,73.87122464968553,2.756407543342945,5.869994393400477,11.332630700050139,0
55.35390264966233,10,63,63.48461664357789,10.936772020596273,-8.052106341676643,9.85645704893886,0
77.16825265824451,4,34,75.28833476148517,6.316732607057008,-3.915313875955363,3.7264977683619236,0
72.85097897315168,21,61,75.40045676941249,10.27217813569741,8.5681138915251,7.545369596660024,0
100.89226654750715,27,68,101.98303953961107,8.819465132465975,8.345316133341333,19.606273724451412,0
125.48056383322971,82,49,121.21785261793458,8.218644598912624,8.495398283904649,5.722403977118228,0
70.06484282474267,11,59,66.03229467961476,6.622338806032278,-1.409073581686227,2.3293765327557425,0
77.71235285917113,80,46,71.16458878188145,13.378351910126632,9.991784376556183,7.146871658593593,0
125.08597062678083,247,49,127.20600776878241,6.69240264195788,11.272702668399274,12.286993189181047,0
71.66152406288236,27,45,73.59169128012117,9.864836765764611,0.4027410747763903,0.03447009422346525,0
67.18539223467312,13,58,60.16895925140756,6.053381001896946,6.654620977162403,6.061299195521846,0
38.0,18,77,54.67722605455481,30.238142270158058,-12.632163631663225,17.812381279323336,1
55.23280965480755,18,68,51.43156195755279,12.042736243286493,8.48213379502558,4.397898649703343,0
118.21261095073149,140,53,117.91847890489123,12.576411265079734,12.429069829056518,14.427626021504866,0
99.03853528049625,11,56,95.3695232562801,8.257615302472487,-5.505047545544978,4.671366323460926,0
85.47680221679516,22,16,84.1929620023623,6.807612357851929,-8.751410876430235,10.84596251390462,0
89.738811906302,94,61,84.00522893888228,6.681934106793395,-13.409370049543515,9.842867919707375,0
85.06940480157922,19,25,78.86121302929783,7.080425920179747,-2.327173825243794,7.5790620162484075,0
107.07620029330198,82,52,110.72062244727599,10.405348346217776,8.979998374875452,6.089379605057905,0
71.62455042076009,4,44,80.04363923741612,7.06051543135966,22.26588113797863,15.249717997625067,0
70.89891315743934,24,22,69.42495090357669,5.189919560568406,10.628635771371677,2.8440188871068637,0
139.2719313575146,233,53,137.84577977815235,4.769787939117032,1.5134059085230105,5.234804208928554,0
105.93246143172809,112,23,104.06739952931972,14.966207302052837,-0.7732104127413664,25.99199096645942,0
73.63263485617921,0,56,71.01525727721024,7.543138353401289,-4.757891343639816,11.739211144841846,0
129.3255821358225,157,41,133.92159474194946,4.479898075500863,-0.8957119599460495,10.975228830967689,0
198.0,5,80,198.7332965543918,10.335838196463818,7.527066808759116,49.053942351246754,1
63.00465234653956,29,33,60.50416153110105,4.523557935757063,4.498823309782642,11.279437411631111,0
146.33935085686318,258,16,145.26381527584724,9.424132932195995,-2.0285053715856165,7.63491166364523,0
120.96931546770799,106,10,112.6335337818212,7.801835003307568,11.966759341225975,14.863871983125081,0
132.9515592028482,237,55,132.87374375849672,8.768588738579147,-13.792770892745432,8.287857033027137,0
83.58149555659544,24,69,81.66465143545513,10.16483577865452,-0.8737230785061427,18.93018159549636,0
86.34001003730461,1,65,81.90681419128163,5.021232559909792,3.700153916736626,10.452919617407485,0
67.25032103782122,11,14,64.57359068803044,10.073214423314344,-7.737545063493878,10.854804116075673,0
121.85393743932929,235,27,121.59109237959224,8.649456069463536,-9.628769723145057,1.3907972951715966,0
33.0,4,96,34.700645870796194,21.995195885424618,24.208635300984938,27.622999829290826,1
128.56711863057112,102,30,124.94968551847212,7.699641794116257,0.3718293536383047,18.155575487277915,0
66.61840998793272,1,40,65.19457510024674,6.105545801944096,7.152396778598352,7.516445880347958,0
135.7250414142111,271,26,133.73039293921272,2.685732345668468,-9.839064922292325,5.981381695526574,0
97.7913183995846,99,62,95.13472984327494,10.950794969344107,12.005586221275715,8.456784351558532,0
71.60703457330281,17,30,64.89877397088603,11.08829448217359,-12.645598617995365,11.380003611983708,0
66.92837185756069,11,49,61.19463753108179,6.296777161347101,-15.837865965392933,10.65468359159486,0
113.22048227710087,116,55,118.2195271952464,7.236836278691013,-10.593576485929214,17.154570404988622,0
123.39306843486105,214,24,128.2713316288016,7.375628792869123,-16.368258684139196,15.142868616754324,0
159.0,9,83,167.78158250271014,26.898896610531803,60.07135393240216,41.63795256214483,1
85.87205268412806,9,35,80.71731329483495,5.856984555584384,6.496312190382592,9.717149306634138,0
98.9600104264142,233,35,101.60529482090384,9.13459067114501,5.211388142722769,8.149878799266624,0
70.62237197145744,10,49,66.36997504734245,10.583445627394385,-4.497867080570652,11.690984104065375,0
103.6386942626663,291,17,107.82474169630972,10.171398249333263,-4.11533409325222,14.552460659718479,0
63.248182601547896,12,51,59.357389020735916,4.190048660296432,-3.1197736665747016,4.92644297702872,0
59.75152677860961,10,33,54.10283380117693,13.593348805923416,-10.49140854046447,15.856140274396587,0
162.7051438343646,123,56,160.36709616727848,7.602328041079743,-5.879738789413759,12.997319593125871,0
144.04250411491924,238,45,143.01872899830232,6.419596503671642,9.844481026338475,14.197861552858381,0
139.47989601246502,124,61,140.01829536109804,9.391171572171295,4.622535127049116,7.578454097068159,0
89.56089000960729,226,56,87.35346552107525,8.99604642688211,4.883653527473146,10.678330807569454,0
123.09030210216521,256,44,120.78396671707173,6.057405570071877,-8.821704113258736,8.243358195648575,0
66.25126308153965,29,16,69.96895230645805,9.476020730946304,-8.412731146249518,4.237887103195046,0
105.58665546650943,203,31,108.23850077105539,5.013056546440458,6.172856876858149,14.27879383782041,0
42.0,16,75,62.61925936335447,19.842024323755076,21.45328351844995,27.836150007978326,1
73.62855481784001,14,65,67.91288981185872,8.359518245393133,22.254974443033962,13.976336432496572,0
72.41229250944903,7,37,76.43689802968453,9.93260783208847,-4.697308798282513,10.972051041413083,0
136.10415442868486,113,37,131.70833470150234,3.4356737238035446,14.107232367348175,8.192678354182691,0
67.39494353364798,4,28,60.27084362455537,6.4862221829717175,4.108444901750229,6.496054487468982,0
124.08017475101988,83,16,127.55700386098809,7.9145055655738235,-8.22335561320281,14.450146387523358,0
85.41677561049988,0,15,84.25631326538647,2.930273420571374,-4.445640998272143,12.25272972846951,0
120.0,19,83,105.61475938777835,48.32049604264109,39.639606581360205,41.56351018455698,1
79.5888571485642,14,52,75.44112037410369,6.71917214818498,-5.797514850866836,2.64855139936145,0
48.83856137031123,1,13,38.74612204836804,8.435191237878145,6.345405505749419,9.389714339393613,0
95.18234407630881,106,11,97.59658780504935,7.243587042051767,19.78399941414469,8.936299909672,0
103.67047735411442,88,50,117.67734230228932,4.369214627459184,11.42587371579753,1.3873112870309932,0
71.01554685823251,29,24,77.73058727691317,8.427511696016039,2.111140147972645,12.880017250064203,0
146.47741351859065,178,18,147.6824293402196,6.224441939305537,-20.24324070876261,3.7863105839525426,0
72.33023307193034,14,43,79.06493929387531,10.075506912232154,-2.316502971576902,14.211968450951737,0
74.23591692731218,9,15,76.08081882354502,13.6140394654175,-11.278524440092806,15.190262012086368,0
37.0,16,92,35.86129567323292,15.775328184180271,10.527377336941637,20.636767864678973,1
71.82376742222823,3,14,77.92128609465084,9.73543769458918,6.079694422899566,8.041942031184224,0
126.4922018616461,108,46,122.44979584590361,10.23002704361884,1.9980934299989086,16.09665405696495,0
88.04098222199036,6,32,96.30440954540009,5.7351744014607435,4.058284060805108,20.915574282160613,0
112.45343663367882,65,48,123.7696008291065,11.101643164772625,-3.2596808583328127,14.539811568135246,0
67.00548807114787,16,57,70.35091412248549,5.66397844610886,14.821576758823056,6.4042775500638705,0
145.48984035638296,98,19,144.75435043586054,5.428226054126261,-16.61795235294083,12.870650254335125,0
95.91925459410291,269,45,102.38543985585095,13.289896400898709,-2.0585320047141398,4.075618449529248,0
61.323582366674245,14,37,56.434671143275516,9.694328792942452,5.475889068423969,5.601781622243797,0
72.77817554083283,5,41,89.36609049482601,10.233404519011273,-17.379389112822583,9.626268991256225,0
66.03620164009592,29,58,58.763950318205886,8.94872857358476,4.536362603881869,18.555703227745067,0
108.47359977710992,97,32,109.69710190941846,14.889017947788076,-6.43415239622935,17.68800300786989,0
131.84103578079407,283,54,128.26862783553733,8.424350327523117,-1.3998403342164603,11.164593996195348,0
84.0101476117189,26,61,85.42487853425634,5.613328796177353,3.3951515028881007,16.397593348800793,0
79.1827440697446,29,43,79.11097173692386,7.60963211093034,1.997075806311908,7.158973153017952,0
121.0,31,95,141.12951244800254,22.789178820511257,70.58343594559588,34.99341517010136,1
134.75222843317786,79,33,129.4322603503501,12.983281735690145,11.29904536874161,10.317700252511683,0
56.63210486013685,28,55,65.42163830940984,10.448243132341815,9.410752449371637,3.638811863840184,0
116.63750505763606,96,28,115.79477547811827,9.175659886826336,-7.915026165917761,10.160126716841086,0
79.50496032525734,10,31,72.47825808973269,9.904738763640967,6.99179580825371,2.330403222318828,0
57.297126229978545,5,54,61.06100308239417,7.476236030008372,-8.110899472478902,4.08029229686417,0
100.35558789670148,95,67,101.75542358232654,11.891411759634437,-3.0983952784135016,5.5147643214338355,0
79.6353038808682,9,40,84.05523312654056,12.166098943976637,-8.200295461518444,11.206748076226965,0
72.02649894000555,13,24,65.94473702713535,6.491933902376116,14.307886143826103,3.26222566445452,0
111.59002469459008,84,19,112.25724108981,7.018087906176859,-0.017701679678047533,1.6485299712207464,0
85.76152457040673,139,41,96.56684601633548,3.94934981815941,3.54717743685834,7.579987675496842,0
76.43916795854827,14,30,76.07825088589775,3.898869585777871,-3.180168734300478,7.7873905261429766,0
83.82894938877925,19,11,76.10667484336147,7.766456655367029,0.902165960680543,12.640792608558415,0
94.90565017621921,1,51,94.91500109567859,2.6033640221783116,-3.647769743844342,5.143093614729669,0
75.21026642247543,21,14,72.04062530989633,4.584747784891328,-4.91798363511271,12.844075057750938,0
118.27845963114896,54,68,129.080640640166,8.512090944921445,1.9379267631115067,6.335820916342824,0
80.17795966232224,12,46,81.03743296683197,8.716232286799514,0.3547544697180562,12.525906599867575,0
59.253577807493734,26,15,60.863507365589314,6.605000389053473,9.017677856743523,9.04459902179943,0
80.60724677240118,6,62,71.5878011423577,13.84502793436944,8.200873220654188,6.730508058372118,0
73.86541068886449,28,31,78.4804580974246,6.506909581109092,-1.7763405490569715,3.68220027698558,0
59.8400198938653,14,50,59.40008955680833,11.137933563070138,-5.77211822468774,4.220202067847813,0
93.21679051677228,128,41,93.2846588136933,10.062135675425662,3.3575551305732474,10.995134219066346,0
134.55250579791965,72,46,140.00060778961586,7.524689253791023,13.084797840816758,4.379419549397666,0
59.91648050504401,12,26,56.595075632672405,6.434223263441377,-5.435935502657352,0.7018922309941065,0
59.778239348489876,16,66,61.87679345028326,5.392139039034069,-0.08693709627977715,10.68676239703518,0
77.99333685769619,14,16,66.02728053707406,6.845892474574683,3.3473131266846505,17.94913760423126,0
82.94671636380276,23,22,74.40344512808964,11.565790469261024,14.794897131091048,14.2155266616162,0
125.23615037731827,130,45,125.24767374293523,5.812865951878203,-11.776712539880736,13.966014839945046,0
137.73972792743484,50,66,141.41604982671214,5.702665150069904,-6.675431867372029,3.796200911815375,0
71.51122766480405,19,19,78.2112270921851,6.880501284493574,-13.657929081642939,23.713983021850098,0
143.0,18,92,170.1133275141828,34.55292250878225,36.78192274717077,26.15998042208046,1
78.69193406401502,3,24,85.15878350144337,9.265801136520532,1.0927321391871427,11.147813074279808,0
73.14019496528749,5,39,71.43253754109875,8.71617642487166,11.732068089448166,2.780898025742574,0
73.85930295057166,27,68,69.15283726988875,11.22678472459499,2.5143145238296567,4.444173505500072,0
66.83979177804105,23,55,68.1722947760426,9.23350096503567,13.711562884244413,14.254893445782484,0
91.398024898681,15,29,90.57566900258284,8.108098619285608,-2.72149762980795,7.580603996463186,0
72.92403775777056,23,63,71.18926050809605,2.0735361283884757,13.462955108254475,10.467347911455706,0
65.60454239652816,18,21,61.53328011612532,8.69599167771196,1.4381615488023096,14.558057315013865,0
65.84018656915148,6,43,67.80808982083006,2.762361766125201,5.939495114410671,7.715795413838983,0
44.48420276011931,23,56,48.729682065656135,10.689382760510728,5.926303946175443,4.347301734094354,0
55.127505765469294,5,50,48.861881824464035,4.932693861362702,16.639567389524178,12.466916502057613,0
103.26562631265094,142,18,103.18572909823136,4.964254034926408,3.590547246177802,4.088908849791558,0
86.10599416009784,0,67,87.19572849989825,6.869796141752241,-3.967266637633035,2.4326073631059444,0
61.64103094789705,3,17,59.178041974017034,5.038250616347126,10.611734257108484,19.448050023197375,0
72.62502733249475,8,22,68.72265730086804,3.8438844029908035,-8.858556106770493,14.596514348538776,0
101.62835506507514,229,32,109.0179473110073,6.693509938723327,11.092819646420018,17.152087492011248,0
103.49950983033916,168,15,97.11914642048632,8.018348201025331,8.848563788770797,13.940086787803192,0
130.78752999533157,144,24,139.88638893189454,14.315484142917253,-9.678497576463295,13.772378498853499,0
70.27700680773658,25,64,70.13516399372068,7.7011222488613225,-13.387799654799581,15.509841922117573,0
96.60752928708379,3,30,97.22924721148944,10.912660736040056,-5.803421945467163,9.265066749175094,0
50.04489423988283,29,35,51.133193451640025,7.589528843910906,-3.0703323833874023,11.609920845331104,0
105.53552612225639,171,25,105.45802475548204,7.208954113405134,-3.355833266452336,4.371662017270138,0
113.2095311161285,220,65,116.12998201830418,8.441894205397542,0.3321256801241951,13.317818307618381,0
64.4846714170214,4,66,59.71792861044662,3.840594607330628,6.632522561326185,11.414732853712042,0
113.28128280469524,77,14,106.90212237184555,15.933030041051104,-12.023762627161226,11.268698307472867,0
109.24112156129922,159,50,107.04956017910186,13.525552797845908,-8.456469106632996,10.940242831717104,0
144.0,7,77,158.30661174216422,29.232849373045866,11.94903368331606,17.65593896766967,1
68.60786880930044,20,62,64.12239230689205,9.478146258384204,-2.432522064526064,4.390855997937079,0
65.11449952416383,16,39,65.80677790013553,13.66796786594164,5.5191793060635606,4.730892098864807,0
147.0,33,88,143.42420641909808,24.970002146089087,47.8295527521915,20.80879599114433,1
196.0,19,91,190.27167185003884,32.10377581336506,45.19587785610902,49.01837863556513,1
71.3392156690969,17,36,69.01486582122931,2.2465020146059302,-17.456810353607697,4.094045297021415,0
71.70717743851982,26,30,71.93865680282096,6.243741017488407,15.114912935540943,6.385606356254087,0
114.86219893299057,146,26,116.03714993387736,8.207624747267097,1.8400084345690093,3.7689269640610323,0
122.29518398616442,83,66,119.43407095489864,6.1319136261241916,-7.663716294309494,10.869510645075367,0
111.54777779112835,78,25,111.38200112587839,6.106584973609892,2.184304865329977,5.725715987272119,0
131.35548097580966,218,24,130.09235663179646,8.757106510362064,-8.136395623610674,7.469770464076,0
77.14254756017834,0,19,82.76431435953086,6.997768307060179,4.516847407148802,4.901678306539422,0
101.54792634362869,172,67,96.84562489469991,8.103874216277738,10.96034928936792,1.8356108075481377,0
77.70342126806361,2,12,83.73646204238318,3.418496430231057,-8.44071494541356,10.631338681170341,0
93.54227408105352,6,64,91.15794006743617,10.608191525236371,-13.950269173963152,17.562278629236072,0
73.19456673405787,3,62,79.1405415945276,9.947280153162502,7.36407660052543,17.811325553275346,0
109.38220984885226,113,19,112.41786535277035,11.933476658954316,-10.020712098923966,7.487687565446917,0
124.76127410255687,136,19,124.54124637784774,6.978463865866469,-0.114555541726184,7.9124596324248415,0
157.0,67,80,175.0055714782285,23.867182860772477,32.08012124705734,36.27727888884113,1
60.91742538184013,26,12,52.61120956830803,7.749686090628917,-11.59716175758824,5.3907009343734344,0
74.52463365346468,17,40,76.15393661221125,8.569845503768171,0.27177424306912534,15.947169018809216,0
77.60506230141569,8,50,76.35097346338215,10.063307491390118,-4.733179188126012,8.334985140068452,0
142.81995241998249,89,26,139.1561842715325,5.8949842699277735,3.925089771381717,4.860486171431525,0
50.470864842424845,23,52,50.31693233035777,7.227774178445117,-0.4346918379896366,6.945661108964325,0
143.86074295284237,185,33,143.34770451822274,11.662407793220773,0.4138160909002431,10.668918826538013,0
71.24062362829217,15,61,73.84883068694354,12.111825144470314,-13.630650681329747,3.3639486279674795,0
131.30903407475185,92,19,121.01482283848853,8.37878819446118,9.750566818191466,5.2036323869515195,0
126.0322289940716,279,64,119.04022277988761,12.583982921344282,-15.124977163421818,8.95325873133536,0
84.21626546548829,25,64,88.32012554983929,8.633351713162625,-2.2598899005881665,11.369114651332534,0
74.40339791308975,7,59,67.73712822184113,5.6310958009297085,-12.455558836560261,16.651154992374888,0
112.20219912676869,151,51,113.04781937726415,8.75471325449696,6.47631417604726,3.4501142085880323,0
124.82064478622185,99,23,122.42795328410708,15.014034212618988,-1.8877593203687995,10.551337592923284,0
67.25361530656593,17,40,60.49070932885092,6.6988010980659904,-8.55819517496621,14.022062427511933,0
83.01326830790971,28,47,80.38662467670576,9.436751123577068,11.188416268333212,11.289951867791011,0
124.74693748213929,292,54,139.50634362461815,9.474503238816647,-2.684036398486074,0.15869743737757247,0
70.48761841481816,10,67,75.41837584594973,3.8618584783167176,6.567694083437243,18.174704839173863,0
69.02050817133538,23,19,68.34910683678075,2.695756272840157,-8.441100375458898,18.18877509269056,0
66.71894518577494,11,42,68.10132331644083,10.475797489054829,9.891899051973102,7.938165650544937,0
62.022589213632,4,18,68.37482563192509,10.772590323327512,-6.028134733919737,15.484892490007454,0
69.9910979372657,2,68,68.25734154436411,4.807369538479779,-14.12568149560017,12.31878063865532,0
115.18759204994086,238,65,117.76706450803856,7.819245896407479,5.4877194673090175,9.49713173225136,0
129.38898143959355,187,63,136.2383225564031,10.364211204808882,-2.7407169130983755,15.79981233420705,0
61.87381929086968,4,18,64.5228401804461,12.324705861973701,-19.773156001018314,6.015523722647616,0
63.85215872009702,0,35,62.784795535560356,8.415523887165326,6.114017588872186,10.0539908240485,0
139.35877179046503,281,58,140.02035021261824,3.892357262473843,-5.5446303013725835,11.368299425736698,0
159.0,34,81,198.7135112174907,33.86347313960712,55.02085012065726,49.01259361536025,1
77.79290144304885,23,67,83.59631392153447,10.219249819634777,-2.029973446620671,11.583710294022188,0
68.41965457243235,19,41,69.39764171593784,7.696409085135162,7.821493228986489,12.02025570572653,0
154.0,38,78,208.67311325782518,13.951178092441348,37.04125654448991,38.7601506306597,1
135.2822006544374,73,40,132.68267491473128,8.28842131066939,8.528837332311674,15.644945985617992,0
78.20804180019577,3,61,78.42296626565755,9.534577016353662,0.6499766099184198,7.253397348583734,0
67.91887154311058,6,45,64.83334188875473,10.521090798664336,-2.2077047716400067,14.7152032078052,0
121.79269328110054,287,36,124.7051814207443,4.404628119203591,9.317504759888298,11.36457057616628,0
51.18335471176334,24,59,59.03525258467988,5.483850251552044,-1.073689611433687,8.166729736512051,0
79.58027378760471,18,39,73.33833472696945,7.481677641439626,-2.1474494174859293,19.79745278380056,0
64.97978270336661,0,46,61.83171296047099,7.779800003474974,3.4828122299324282,16.496534093411583,0
77.35856942488638,14,61,83.82765787896001,5.67355205394676,0.9989408815638318,6.087293568367775,0
78.59849612104566,28,65,76.01583361124622,10.095963516699722,0.041840154748608194,0.42332467687461417,0
110.00071083757916,88,12,106.6221531867857,10.08229024043527,-4.761351992601433,8.542968193255534,0
61.97782981073275,18,47,58.215653623967576,10.283916690228358,-9.167204719858626,12.58258642198955,0
29.0,14,87,-2.060632400222083,23.517676057352745,37.38898773719593,26.82381239583289,1
78.30665409887673,24,18,78.09145443769378,6.180253942642809,-15.108953517741757,4.945931644413416,0
71.46766332436567,5,42,78.1815481464807,7.188484087711476,14.16766042678196,17.158179934689848,0
68.14315335949468,15,44,78.89091967815872,13.500453731530943,-6.007195767688684,0.21968347326297888,0
88.11295766910263,24,22,92.94267309646382,9.835272727883945,13.1043755562928,15.21530688647406,0
116.88078601688927,165,28,120.71147393952266,8.70890086082662,-12.269580893975798,14.69480913995655,0
56.385677403516176,29,49,66.00586662270992,10.737977412655177,-3.710061558396158,5.275218646101251,0
107.68302059267843,285,13,114.45920147653754,10.35286437718312,-8.503763175825053,8.620630220917299,0
65.66008541539267,9,34,70.36195559997161,7.461243427679256,9.426465962222121,2.285535566211985,0
31.0,11,85,34.07528381211414,22.729348343562876,64.08905343591198,26.2803891749006,1
56.6192499406709,13,46,53.605246413850764,9.403892076878963,7.070788288165939,11.03479450542143,0
137.12884002675176,93,13,138.14209840819356,4.866246237994842,-4.086282541033363,9.456870153863932,0
72.72396647818299,26,60,85.3175369746553,13.341874867751644,-5.549802470947075,15.254441204734347,0
99.16347030121287,250,26,107.52950785440909,5.501789289245066,-4.679808823665492,1.0790867640037494,0
163.0,51,78,191.87650302491625,30.507955439444817,51.554969003969006,47.02714480829166,1
153.0,42,85,190.3427267638113,32.09339581139045,34.48227324692894,21.777900523789803,1
96.9243355000228,232,30,95.35373501416048,8.780555059177358,-6.367594905929598,6.003068911450355,0
61.91913689082596,5,42,62.01122878677372,13.029311936825849,2.615418990113301,8.904497355955678,0
